published_date,post_id,caption,media_type,attachment_type,media_count,total_engagement,likes,comments,video_views,reach,permalink,first_media_url
1740810607000,100008385828820,"“Hi, I’m Srija, a regular at Starbucks, and this is where one of the most unforgettable moments of my life happened.

I still remember the day I was sitting at my usual corner seat at Starbucks, nervously refreshing my inbox, waiting for that one email. And then, there it was. ‘Congratulations! You’ve got the job!’ My heart raced, my hands trembled, and before I knew it, I let out a small cheer. 

The baristas noticed my excitement and asked what had happened. When I told them, they celebrated with me in the best way possible. They handed me my drink, and this time, there was a handwritten message on the tray that said, 'Congrats, Srija!!' with a smiley doodled next to it. I was so moved. That small yet thoughtful gesture made my day even more special. 

From that moment on, Starbucks became more than just my go-to coffee spot—it became my place of comfort, celebration, and motivation. Every week, I kept coming back, forming a bond with the amazing baristas who had unknowingly become a part of my journey.

Some places serve coffee, but Starbucks? It serves memories. And for that, I’ll always be grateful. 💚☕”

#StarbucksIndia #BrewedToA💯",Photo,CAROUSEL,2,1969.0,1929.0,10.0,0.0,32525.0,https://www.instagram.com/p/DGpY-GrtW5m/,
1740897000000,100008385828437,"100 stores feels like a big milestone, but it’s in the everyday little things that we’ve come this far—it’s the unstoppable spirit of our partners! 💚
 
Fuelled by a deep passion for making art, our incredible partner, Parth Prakash Bhutal, shares what it’s like to be part of Starbucks—a place where talent is not only nurtured but celebrated, and where every day brings a new opportunity to thrive alongside a supportive community.
 
From the quiet peace of Mumbai’s sunsets to the excitement of discovering its vibrant corners, the city has a way of inspiring everyone. It opens doors, sparks new possibilities, and offers a canvas for countless stories, waiting to be written. ✨
 
#StarbucksIndia #BrewedToA💯",Video,VIDEO,1,2132.0,1862.0,57.0,0.0,38147.0,https://www.instagram.com/reel/DGr909fM9A1/,https://prod2-media-proxy.sprinklr.com/channel/data/media/60624/2353b078-4a39-4256-97d2-737528d126b6.jpg
1741070856000,100008385828084,"Add to cart, cause the Anamika Khanna + Starbucks tote collection is available on our app too! 🥰

Get your hands on this exclusive merch soon. 💚
 
#StarbucksIndia #AnamikaKhanna #BrewedToA💯",Video,VIDEO,1,547.0,525.0,4.0,0.0,22662.0,https://www.instagram.com/reel/DGxJMCpB4uh/,https://prod2-media-proxy.sprinklr.com/channel/data/media/60624/d6af83cb-bb4d-4d95-9b02-77b6761df145.jpg
1741156527000,100008385828422,"Task lists? Assignments? Meetings? We see you acing it! 🫰

#StarbucksIndia #MidweekMotivation",Photo,PHOTO,1,1455.0,1313.0,14.0,0.0,30382.0,https://www.instagram.com/p/DGzswp4xaBr/,https://prod2-media-proxy.sprinklr.com/channel/data/media/60624/81382308-fd13-4287-bb30-55fe032d4381.jpg
1741265988000,100008385828238,"And it all adds up perfectly with Starbucks + IGP! 💅 
Can’t wait to see you at our stores 🤍

#StarbucksIndia #IGP #WomensDay #AmazingGiftsSamayPar",Video,VIDEO,1,1742.0,1323.0,58.0,0.0,40752.0,https://www.instagram.com/reel/DG29RjkBoLx/,https://prod2-media-proxy.sprinklr.com/channel/data/media/60624/89fd12d1-9737-4c81-8d1a-e4645d904352.jpg
1741342121000,100008385828747,"Know Your Brews: Cold Brew Edition

Steeped for 48 hours and brewed gently to bring out a rich, full-bodied flavour, the Cold Brew reveals a smooth texture with every sip!

#StarbucksIndia",Video,CAROUSEL,2,538.0,532.0,5.0,0.0,17268.0,https://www.instagram.com/p/DG5OwJcM1xg/,
1741404600000,100008385828673,"She leads, she uplifts, she inspires. ✨

This #InternationalWomensDay, we celebrate the women who break barriers, spark change, and inspire others to grow all while casually sipping on their favourite cup of coffee ☕

#StarbucksIndia",Video,VIDEO,1,1978.0,1832.0,27.0,0.0,29701.0,https://www.instagram.com/reel/DG7F_KosHku/,https://prod2-media-proxy.sprinklr.com/channel/data/media/60624/d11abe1d-743e-41a1-94b8-1773c25b4771.jpg
1741422045000,100009998507774,,Video,PHOTO,1,0.0,0.0,0.0,0.0,0.0,,https://lookaside.fbsbx.com/ig_messaging_cdn/
1741425089000,100010010172628,,Photo,PHOTO,1,0.0,0.0,0.0,0.0,0.0,,https://lookaside.fbsbx.com/ig_messaging_cdn/
1741438720000,100010010172636,,Photo,PHOTO,1,0.0,0.0,0.0,0.0,0.0,,https://lookaside.fbsbx.com/ig_messaging_cdn/
1741438739000,100010010172640,,Photo,PHOTO,1,0.0,0.0,0.0,0.0,0.0,,https://lookaside.fbsbx.com/ig_messaging_cdn/
1741438742000,100010010172622,,Video,PHOTO,1,0.0,0.0,0.0,0.0,0.0,,https://lookaside.fbsbx.com/ig_messaging_cdn/
1741450778000,100010010172632,,Photo,PHOTO,1,0.0,0.0,0.0,0.0,0.0,,https://lookaside.fbsbx.com/ig_messaging_cdn/
1741450986000,100010010172638,,Photo,PHOTO,1,0.0,0.0,0.0,0.0,0.0,,https://lookaside.fbsbx.com/ig_messaging_cdn/
1741451541000,100010010172630,,Video,PHOTO,1,0.0,0.0,0.0,0.0,0.0,,https://lookaside.fbsbx.com/ig_messaging_cdn/
1741451543000,100010010172626,,Photo,PHOTO,1,0.0,0.0,0.0,0.0,0.0,,https://lookaside.fbsbx.com/ig_messaging_cdn/
1741491006000,100008385828582,"Let's bring it home 💙 

Offer applicable only on orders via Swiggy and Zomato.

#StarbucksIndia #Finals",Photo,PHOTO,1,781.0,656.0,5.0,0.0,26089.0,https://www.instagram.com/p/DG9qui8NHYA/,https://prod2-media-proxy.sprinklr.com/channel/data/media/60624/d8ee032f-9cfc-4d39-a670-03893cf538dd.jpg
1741675113000,100008385828739,"Savour our medium roast’s rich, smooth flavours—perfectly balanced for a finish that’s neither too strong nor too light. ☕

#StarbucksIndia",Photo,CAROUSEL,3,674.0,652.0,6.0,0.0,17946.0,https://www.instagram.com/p/DHDJ4pWh_J3/,
1741675113000,100008385828739,"Savour our medium roast’s rich, smooth flavours—perfectly balanced for a finish that’s neither too strong nor too light. ☕

#StarbucksIndia",Video,CAROUSEL,3,674.0,652.0,6.0,0.0,17946.0,https://www.instagram.com/p/DHDJ4pWh_J3/,
1741778715000,100008385828534,"Wherever you go, the glam follows! 🤍 

Get your hands on the Anamika Khanna + Starbucks exclusive tote collection, available across all our stores and on the Starbucks India App. 
 
#StarbucksIndia #AnamikaKhanna #BrewedToA💯",Video,VIDEO,1,826.0,796.0,5.0,0.0,26104.0,https://www.instagram.com/reel/DHGOx2IBlp1/,https://prod2-media-proxy.sprinklr.com/channel/data/media/60624/f8976298-2758-4af6-a58a-5d8c40bf2f88.jpg
1741866323000,100008385828627,"“I’m Vishakha, a proud and regular customer of Starbucks, and this is my story. Starbucks Lokhandwala, Andheri, will always hold a special place in my heart because it’s where it all began. I met him, my now husband for the very first time here. 
 
What started as a casual meet-up over their best-curated menu turned into a six-hour conversation filled with laughter, connection, and a spark that changed my life. The funniest part? Even on this life-changing date, I stuck to my all-time favourite, the Java Chip Hazelnut Frappuccino. That day marked the beginning of our love story.
 
Fast forward to today, we’ve been happily married for three years and are now parents to a little one. And guess what? My baby’s first outing was at the Gamdevi Starbucks, it’s become a part of our family’s journey now.
 
Starbucks has been with me through every milestone, and it will always be special to us. Cheers to #BrewedToA100 and beyond!”
 
#StarbucksIndia",Photo,PHOTO,1,758.0,732.0,3.0,0.0,30073.0,https://www.instagram.com/p/DHI2ltxs20C/,https://prod2-media-proxy.sprinklr.com/channel/data/media/60624/d7815cda-97b0-48ff-b266-ec28b0acf3a0.jpg
1741923016000,100008385828762,"Wishing you a colourful Holi from all of us at Starbucks! 💚✨

Tag your squad that adds colour to every Holi! 

#StarbucksIndia #HappyHoli",Photo,CAROUSEL,5,1547.0,1502.0,8.0,0.0,27336.0,https://www.instagram.com/p/DHKiuNGh2wa/,
1742009400000,100008385828610,"Ice, ice, maybe? 👀 🧡🩷

#IYKYK #StarbucksIndia",Video,VIDEO,1,784.0,743.0,6.0,0.0,18852.0,https://www.instagram.com/reel/DHNHgXcs4Uq/,https://prod2-media-proxy.sprinklr.com/channel/data/media/60624/08d54432-d481-4123-8379-91e665ed6e83.jpg
1742137674000,100008385828072,"Vibes = Refreshed.😌✨

All New - Kiwi Calamansi & Lychee Raspberry Refreshers®️, try them today♥️

#StarbucksIndia",Video,VIDEO,1,1477.0,1195.0,18.0,0.0,34363.0,https://www.instagram.com/reel/DHQ8CozMRS5/,https://prod2-media-proxy.sprinklr.com/channel/data/media/60624/e5815d42-e251-4d6a-be3d-85e59ffd9fc7.jpg
1742212502000,100008385828642,"Hangin’ out with the Kiwi Calamansi Refresher®️ quite literally 😌🥝

Get your hands on the newest drink on our menu! 🫰

#StarbucksIndia",Photo,PHOTO,1,1362.0,1133.0,18.0,0.0,57618.0,https://www.instagram.com/p/DHTK35-Md0B/,https://prod2-media-proxy.sprinklr.com/channel/data/media/60624/a6788c3a-423d-49b8-adf8-dbb3449670a7.jpg
1742295799000,100008385828402,"Cutest crew 🤝 coolest merch

Peanuts + Starbucks merch collection is now available in select stores!

#StarbucksIndia",Video,VIDEO,1,1099.0,890.0,21.0,0.0,24484.0,https://www.instagram.com/reel/DHVpmjyBdTM/,https://prod2-media-proxy.sprinklr.com/channel/data/media/60624/36755c72-b02f-45b1-ac3e-e10a4c17b522.jpg
1742388104000,100008385828788,"Bold flavors, roasted to perfection.

Drop a 🤎 if you love yourself a dark roast! Available across all our stores and on the Starbucks India App. 
 
#StarbucksIndia",Photo,CAROUSEL,3,647.0,637.0,3.0,0.0,18260.0,https://www.instagram.com/p/DHYZzpthHoX/,
1742388104000,100008385828788,"Bold flavors, roasted to perfection.

Drop a 🤎 if you love yourself a dark roast! Available across all our stores and on the Starbucks India App. 
 
#StarbucksIndia",Video,CAROUSEL,3,647.0,637.0,3.0,0.0,18260.0,https://www.instagram.com/p/DHYZzpthHoX/,
1742474666000,100008385828143,"Get ready for all the ‘Where did you find that?’ 😋

Shop for the the Peanuts + Starbucks limited-edition merch at your nearest store or order online using the Starbucks India App

#StarbucksIndia",Video,VIDEO,1,1291.0,1097.0,24.0,0.0,25004.0,https://www.instagram.com/reel/DHa-vHFBhBi/,https://prod2-media-proxy.sprinklr.com/channel/data/media/60624/8357c96f-b294-4878-a360-40eb08965e33.jpg
1742489174000,100008970242409,,Video,PHOTO,1,0.0,0.0,0.0,0.0,0.0,,https://lookaside.fbsbx.com/ig_messaging_cdn/
1742539081000,100008385828235,"Next stop: Chillin’ by the waves 🌊✨

Grab your Lychee Raspberry Refresher®️ today!

#StarbucksIndia",Photo,PHOTO,1,1425.0,1306.0,11.0,0.0,27936.0,https://www.instagram.com/p/DHc5xdLMu2m/,https://prod2-media-proxy.sprinklr.com/channel/data/media/60624/ff7a76ab-09db-412a-be31-62e939e95c85.jpg
1742614207000,100008385828782,"Imagine a coffee that perfectly balances unique flavours, creating a delightful harmony in every sip! 

Grown at high altitudes in rich volcanic soil, the Starbucks Single Origin Guatemala Casi Cielo captures the true spirit of its origins. ☕✨
 
And the best part? You can grab the limited-edition whole beans at our store or order them on the Starbucks India App.💚
 
#StarbucksIndia",Photo,CAROUSEL,3,956.0,921.0,8.0,0.0,21468.0,https://www.instagram.com/p/DHfJEHKPv1E/,
1742646607000,100008385828309,"Cricket runs on strategy.
Fans run on coffee ☕️🤝

#StarbucksIndia",Photo,PHOTO,1,468.0,451.0,2.0,0.0,19052.0,https://www.instagram.com/p/DHgG3Gjvvtv/,https://prod2-media-proxy.sprinklr.com/channel/data/media/60624/942d44aa-952b-4609-bbb1-5773c8c2b336.jpg
1742651560000,100008704092683,,Photo,PHOTO,1,0.0,0.0,0.0,0.0,0.0,,https://lookaside.fbsbx.com/ig_messaging_cdn/
1742711409000,100008385828812,"Summer palette: Refreshers®️ edition💛💚

Starbucks Refreshers®️— available across all our stores. Grab your favourite today!

#StarbucksIndia",Photo,CAROUSEL,5,1385.0,1221.0,10.0,0.0,25420.0,https://www.instagram.com/p/DHiCdlqAfjl/,
1742822830000,100008385828171,"The only rule? Don’t spill the Refreshers®️ 😋

Exclusively available this season, at a Starbucks near you!

#StarbucksIndia",Video,VIDEO,1,1051.0,949.0,11.0,0.0,27137.0,https://www.instagram.com/reel/DHlW4Tesx7E/,https://prod2-media-proxy.sprinklr.com/channel/data/media/60624/42e07af5-ace4-4756-bbfd-6ac53d678f3e.jpg
1742986211000,100008385828445,"Hey Manipal, welcome to your new daily ritual! ☕ 🤍 

📍Door No 16/460, 1st Floor, Survey No 52/2, Shivalli, Manipal, Udupi - 576104.
🕗 8:00 AM to 11:00 PM 

#StarbucksIndia",Video,VIDEO,1,1190.0,1084.0,8.0,0.0,27835.0,https://www.instagram.com/reel/DHqOgdfhp3O/,https://prod2-media-proxy.sprinklr.com/channel/data/media/60624/6c541c62-a164-4712-99e6-d6d96d05c438.jpg
1743062718000,100008385828798,"‘Calamansi this, Calamansi that’ but wait, what is Calamansi? Let us break down the drink of the season for you. 🥰 

Drop your favourite green emoji in the comments below, ours obviously is the 🥝

#StarbucksIndia #StarbucksRefresher #KiwiCalamansi",Photo,CAROUSEL,3,1121.0,986.0,10.0,0.0,29710.0,https://www.instagram.com/p/DHsgiEahr6N/,
1743158569000,100008385828705,"Nellore, ‘Kaafīki veldhāmaa”, plans?  just found a new favourite spot.

📍Ground Floor, Ward No, 26/1, Mini Bypass Road, Kondayapalem, Nellore, Andhra Pradesh 524003
🕗 8:00 AM to 11:00 PM

#StarbucksIndia",Video,VIDEO,1,782.0,668.0,3.0,0.0,26692.0,https://www.instagram.com/reel/DHvXM68hHaG/,https://prod2-media-proxy.sprinklr.com/channel/data/media/60624/ed294046-e697-4f06-a504-ff42ba233b30.jpg
1743229806000,100008385828122,"Beach days and Refreshers®️ ☀️ &gt;&gt;

The Kiwi Calamansi Refresher®️ is now available at a Starbucks near you.

#StarbucksIndia",Photo,PHOTO,1,2334.0,2060.0,9.0,0.0,55609.0,https://www.instagram.com/p/DHxfOgWPu41/,https://prod2-media-proxy.sprinklr.com/channel/data/media/60624/ad5165f1-9767-49e7-a819-6bb1df601e19.jpg
1743316205000,100008385828790,"One for you, one for your bestie too! 😋 

The limited-edition Peanuts + Starbucks mech collection is available at our stores, and also on the Starbucks India app. Get it soon. 🥰 
 
#StarbucksIndia",Photo,CAROUSEL,4,953.0,863.0,13.0,0.0,25040.0,https://www.instagram.com/p/DH0EBOHBQUp/,
1743391809000,100008385828822,"Not all masterpieces hang in a museum 🤌🏽

#StarbucksIndia",Photo,CAROUSEL,3,1294.0,1263.0,3.0,0.0,25219.0,https://www.instagram.com/p/DH2UOPNsCWc/,
1743489704000,100008385828327,"Currently in a committed relationship with that summer feeling ☀️

#StarbucksIndia #StarbucksRefreshers",Photo,PHOTO,1,380.0,366.0,4.0,0.0,20856.0,https://www.instagram.com/p/DH5O8T9MgTK/,https://prod2-media-proxy.sprinklr.com/channel/data/media/60624/d1491cd7-5a60-42d9-b716-94b00ebd010d.webp
1743603748000,100008385828491,"Buckle up Bengaluru, cause you don’t want to miss the turn! 😋

Experience our first-ever Drive-Thru store in your city. 🤍✨

#StarbucksIndia",Video,VIDEO,1,1307.0,1064.0,41.0,0.0,29115.0,https://www.instagram.com/reel/DH8oUCks4jl/,https://prod2-media-proxy.sprinklr.com/channel/data/media/60624/ff806740-0fb0-4fa5-9bd2-0d2ba1500926.jpg
1743676564000,100008385828207,"Officially sliding into DND mode on a vacay! 😎

Which Refresher®️ is keeping you company this summer? 

#StarbucksIndia",Photo,PHOTO,1,1223.0,1062.0,16.0,0.0,40349.0,https://www.instagram.com/p/DH-zWaIh4RD/,https://prod2-media-proxy.sprinklr.com/channel/data/media/60624/02f9097e-1e96-41fa-82b8-c5bd702d0050.jpg
1743823800000,100008385828465,"A few final checks here, a little brewing there, we’re just adding those finishing touches to welcome you to our 50th store, Bengaluru! ✨ 

Can’t wait to say hi to you at our Drive-thru. 🤍

📍Electronic City, Phase 1
 
#StarbucksIndia",Video,VIDEO,1,2334.0,1910.0,31.0,0.0,38999.0,https://www.instagram.com/reel/DIDMOQmMAuc/,https://prod2-media-proxy.sprinklr.com/channel/data/media/60624/cecda6a1-7ed4-4f32-a1ec-dff31be87fee.jpg
1743910209000,100008385828175,"Crushed that run, now it’s time to chill out with a Lychee Raspberry Refresher®️—available at a Starbucks near you!

#StarbucksIndia",Photo,PHOTO,1,2070.0,2037.0,4.0,0.0,39062.0,https://www.instagram.com/p/DIFw_bqoggo/,https://prod2-media-proxy.sprinklr.com/channel/data/media/60624/1020fa9a-83b3-4696-a551-f5ec0f746b3c.jpg
1744083005000,100008385828088,"If you're wondering what 'Casi Cielo' means, it translates to 'almost heaven' in Spanish—a feeling you can experience when you choose this single-origin bean for your Caffè Americano! 🥰 
 
Loved by partners and coffee drinkers across the globe, it’s no surprise that these beans full of rich flavours, continue to be a returning favourite. 🤍 

Experience the magic of Casi Cielo today—available at your nearest Starbucks. ✨ 

#StarbucksIndia",Photo,PHOTO,1,628.0,600.0,2.0,0.0,30192.0,https://www.instagram.com/p/DIK6kwetVa5/,https://prod2-media-proxy.sprinklr.com/channel/data/media/60624/1bb5e18c-628b-4d77-af4e-417ee6756c01.jpg
1744188702000,100008385828298,"Fully charged with caffeine. No batteries required! 🤭

#StarbucksIndia #ActionFigureTrend",Photo,PHOTO,1,5958.0,5107.0,90.0,0.0,90297.0,https://www.instagram.com/p/DIOELQSB4Y4/,https://prod2-media-proxy.sprinklr.com/channel/data/media/60624/3af6f95c-aa44-46ae-a068-ec45ff2ddbd0.jpg
1744289539000,100008385828441,"All we’re thinking about today? It’s this Kiwi Calamansi Refresher®️. 😋 

Starbucks Refreshers®️ also available in Lychee Raspberry Refresher®️, Strawberry Açaí Refresher®️, and Mango Dragonfruit Refresher®️ 💚🤍

#StarbucksIndia #StarbucksRefreshers",Video,VIDEO,1,667.0,611.0,7.0,0.0,28965.0,https://www.instagram.com/reel/DIREcQasz7X/,https://prod2-media-proxy.sprinklr.com/channel/data/media/60624/52bd7005-0c6f-4f70-9fca-3066eb2eab29.jpg
1744360626000,100008385828522,"50 stores. 50 riders. 2 legends.🤩

@rohitkapoor.in CEO – Food Marketplace, Swiggy, and @sushantdash CEO - Tata Starbucks India, came together to celebrate 50 Starbucks stores in Bengaluru, and the launch of South India’s very first Drive-Thru!

Big milestones deserve big brews, and this one hit just right.

@swiggyindia 
 
#StarbucksIndia",Video,VIDEO,1,1842.0,1636.0,43.0,0.0,37282.0,https://www.instagram.com/reel/DITLMBUhl6m/,https://prod2-media-proxy.sprinklr.com/channel/data/media/60624/2e048c68-6879-46f3-9b57-9bf3f4f18abf.jpg
1744428605000,100008385828292,"Pairs well with summer days! ☀️

Enjoy the Lychee Raspberry Refresher, Kiwi Calamansi Refresher, Strawberry Açaí Refresher, and Mango Dragonfruit Refresher, now available at all Starbucks stores.

#StarbucksIndia #StarbucksRefreshers",Photo,PHOTO,1,679.0,657.0,7.0,0.0,27412.0,https://www.instagram.com/p/DIVNwKwtat1/,https://prod2-media-proxy.sprinklr.com/channel/data/media/60624/c53b0625-aeb4-44d8-b3f9-0da3244b8074.jpg
1744476532000,100008552604342,,Photo,PHOTO,1,0.0,0.0,0.0,0.0,0.0,,https://lookaside.fbsbx.com/ig_messaging_cdn/
1744515007000,100008385828679,"Looks chill, feels chill! 🧊 An ice-cold rush to beat the heat. 

Grab your Cold Brew and refresh this season.

#StarbucksIndia",Photo,PHOTO,1,873.0,859.0,2.0,0.0,31092.0,https://www.instagram.com/p/DIXyjSXh9bg/,https://prod2-media-proxy.sprinklr.com/channel/data/media/60624/40e00a08-eacf-44bf-a47c-d41a93c73a99.jpg
1744601400000,100008385828516,"When chill takes over! 🩵

Cool down with the Lychee Raspberry Refresher, Kiwi Calamansi Refresher, Strawberry Açaí Refresher, and Mango Dragonfruit Refresher, now available at all Starbucks stores.

#StarbucksIndia #StarbucksRefreshers",Video,VIDEO,1,1144.0,1017.0,9.0,0.0,38574.0,https://www.instagram.com/reel/DIaXVWCsDVv/,https://prod2-media-proxy.sprinklr.com/channel/data/media/60624/91c1cd5d-3cb9-4639-9cfb-5cc5f4a93472.jpg
1744706966000,100008385828103,"This summer, every Starbucks drink is serving main character energy.

Experience #48HoursOfCraft with our new Zesty Orange Cold Brew & Coconut Cold Brew, or the ever-cooling Lychee Raspberry Refresher & Kiwi Calamansi Refresher! ☀️🧊

What’s your pick going to be? 👇

#StarbucksIndia",Video,VIDEO,1,886.0,754.0,33.0,0.0,37445.0,https://www.instagram.com/reel/DIdgOrRMBi_/,https://prod2-media-proxy.sprinklr.com/channel/data/media/60624/bb99f4f0-3f68-461f-9685-508fe6020519.jpg
1744860600000,100008385828487,"The Starbucks Tribute Blend is back, bringing culture close to your cup! 💚

Crafted from four distinct origins:
🇮🇩Herbal Sumatra
🇨🇴Chocolaty Colombia
🇵🇬Spicy Papua New Guinea
🇪🇹Fruit-forward Ethiopia

With notes of black cherry and hints of licorice spice, it’s bold, layered, and beautifully balanced. 

Available for a limited time in-store or order now on the Starbucks India App. ☕

#StarbucksIndia #TributeBlend",Video,VIDEO,1,622.0,593.0,4.0,0.0,30514.0,https://www.instagram.com/reel/DIiF0t8MLaZ/,https://prod2-media-proxy.sprinklr.com/channel/data/media/60624/edbb0fa2-b0d3-45bd-9f73-308641b4b0bb.jpg
1744947000000,100008385828483,"In a world that never stops, here’s a brew that does.⏳

Made from the finest beans, steeped for 48 hours, our Cold Brew is crafted with care and precision. 

A bold, smooth specialty brew, made just for you!☕️🤌🏼

Now available at your nearest Starbucks store.

#StarbucksIndia",Video,VIDEO,1,996.0,919.0,34.0,0.0,35373.0,https://www.instagram.com/reel/DIkqjwJBEf7/,https://prod2-media-proxy.sprinklr.com/channel/data/media/60624/3ffe171e-28bd-4885-9bc2-18472ee90160.jpg
1745033400000,100008385828282,"Mango season has officially arrived and so has your new obsession 🥭

What’s on the menu? 👀
✨ Mango Swiss Roll
✨ Mango Tres Leches
✨ Mango Matcha Cake

And it’s waiting for you at your nearest Starbucks!

#StarbucksIndia",Video,VIDEO,1,3557.0,2530.0,24.0,0.0,64044.0,https://www.instagram.com/reel/DInPUYyBCbd/,https://prod2-media-proxy.sprinklr.com/channel/data/media/60624/1d24df24-b982-42e3-a148-010827592601.jpg
1745206200000,100008385828153,"Summer sports just got a new MVP🍹

Enjoy the Kiwi Calamansi, Lychee Raspberry, Strawberry Açaí, and Mango Dragonfruit Refreshers at a Starbucks near you 💚🤍

#StarbucksIndia #StarbucksRefreshers",Photo,PHOTO,1,775.0,751.0,6.0,0.0,30656.0,https://www.instagram.com/p/DIsY_fusj_X/,https://prod2-media-proxy.sprinklr.com/channel/data/media/60624/11ecab76-7807-4705-9c77-bfecbab3724d.jpg
1745326294000,100008385828254,"Our all-new summer brews have arrived! 😎

Zesty Orange & Coconut Cold Brew — refreshing, flavourful, and crafted over 48 hours. 🟠🥥

Now brewing exclusively at Starbucks. 
 
#StarbucksIndia #48HoursOfCraft",Video,VIDEO,1,1140.0,903.0,34.0,0.0,37959.0,https://www.instagram.com/reel/DIv9uTFhG6N/,https://prod2-media-proxy.sprinklr.com/channel/data/media/60624/ae8bc9f6-2dcc-4bde-a7f9-c83896b15b3d.jpg
1745396227000,100008680890021,,Photo,PHOTO,1,0.0,0.0,0.0,0.0,0.0,,https://lookaside.fbsbx.com/ig_messaging_cdn/
1745579328000,100008385828573,"Serving sun, cool sips, and some serious Refresher energy with Lychee Raspberry, Kiwi Calamansi, Strawberry Açaí, and Mango Dragonfruit! 🥰

#StarbucksIndia #StarbucksRefreshers

👉 Who’s up for one now?",Photo,PHOTO,1,1182.0,1152.0,10.0,0.0,36981.0,https://www.instagram.com/p/DI3glWesRNH/,https://prod2-media-proxy.sprinklr.com/channel/data/media/60624/ef715fb5-d7a7-4143-8a13-0604e5237d9f.jpg
1745645400000,100008385828195,"With Starbucks’ 50th store in town, here’s what Bangaloreans had to say about their coffee rituals at their favourite spot. 👀

PS - Don’t miss on our first-ever Drive-Thru experience, now in your city! 🤍

#StarbucksIndia",Video,VIDEO,1,1912.0,1765.0,27.0,0.0,47308.0,https://www.instagram.com/reel/DI5etNeM-6_/,https://prod2-media-proxy.sprinklr.com/channel/data/media/60624/452facf1-65fe-417c-a876-ffde24338f35.jpg
1745724600000,100008385828250,"The all new retro-inspired Bearista Game Collection just dropped! 🐻✨ 

Take your coffee game to the next level with these collectible must-haves. 

Grab yours today at Starbucks India! 💚 

#StarbucksIndia",Video,VIDEO,1,777.0,684.0,16.0,0.0,36752.0,https://www.instagram.com/reel/DI71s6TM_Jl/,https://prod2-media-proxy.sprinklr.com/channel/data/media/60624/3c0f5d13-6696-459e-a85f-6667ea44d889.jpg
1745905762000,100008385828394,"This Summer, we’re chillin’ with a side of brewtiful flavours! ☀️

Coconut Cold Brew or Zesty Orange Cold Brew, which one’s calling your name? 🍹👀

#StarbucksIndia #48HoursOfCraft",Photo,PHOTO,1,976.0,942.0,18.0,0.0,39401.0,https://www.instagram.com/p/DJBPNPxMnm4/,https://prod2-media-proxy.sprinklr.com/channel/data/media/60624/6583c56e-1bd5-4fcc-a834-a839ec9e3d86.jpg
1745919623000,100010302848918,,Video,PHOTO,1,0.0,0.0,0.0,0.0,0.0,,
1745991011000,100008385828768,"Our Tribute Blend is crafted with care from four distinct origins to bring you the best of all! 

Expect a bold yet balanced roast, layered with notes of black cherry and baking spices. It's a flavourful tribute to the regions that inspire us. 

Swipe to discover what makes it special! 💚

#StarbucksIndia",Photo,CAROUSEL,3,1246.0,1218.0,9.0,0.0,36635.0,https://www.instagram.com/p/DJDxzl0oY3m/,
1746070200000,100008385828554,"Take your time with flavours that fit your chill style. 🧊

Try Lychee Raspberry, Kiwi Calamansi, Strawberry Açaí, and Mango Dragonfruit Refreshers at your nearest Starbucks! 😎

#StarbucksIndia #StarbucksRefreshers",Video,VIDEO,1,1001.0,852.0,8.0,0.0,42398.0,https://www.instagram.com/reel/DJGI5jCMUBz/,https://prod2-media-proxy.sprinklr.com/channel/data/media/60624/41122dcd-850e-4f8e-aa0a-be66fcb44341.jpg
1746168767000,100008385828758,"#48HoursOfCraft is where time meets taste. ⏳

Brewed slowly over a 48-hour cold-steep process with single origin Kenyan beans, our Cold Brew is a true specialty coffee experience. Bold, smooth, and worth every second.

Now in stores. Come find your brew. 🤎

#StarbucksIndia",Photo,CAROUSEL,4,1370.0,1279.0,17.0,0.0,35661.0,https://www.instagram.com/p/DJJE2VQBT-x/,
1746208074000,100008644722548,,Photo,PHOTO,1,0.0,0.0,0.0,0.0,0.0,,https://lookaside.fbsbx.com/ig_messaging_cdn/
1746243006000,100008385828020,"POV: You’re on a beach, your favourite Refresher in hand, and stress?  Totally gone 🧘‍♀️

Which one are you reaching for? 👇
🥝 Kiwi Calamansi
🌸 Lychee Raspberry 
🍓 Strawberry Açaí 
🥭 Mango Dragonfruit 

Now available at all Starbucks stores.

#StarbucksIndia #StarbucksRefreshers",Photo,PHOTO,1,1721.0,1694.0,7.0,0.0,48707.0,https://www.instagram.com/p/DJLScxAsW4s/,https://prod2-media-proxy.sprinklr.com/channel/data/media/60624/89e8dadf-0a4b-4390-8bf7-e6d4b139256f.jpg
1746273886000,100008597929029,,Photo,PHOTO,1,0.0,0.0,0.0,0.0,0.0,,https://lookaside.fbsbx.com/ig_messaging_cdn/
1746329400000,100008385828362,"It’s the brew you LOVE, but now with a refreshing burst of zest! 🍊🧊

Who’s excited to try it? 👇

#48HoursOfCraft  #StarbucksIndia",Video,VIDEO,1,831.0,755.0,14.0,0.0,35778.0,https://www.instagram.com/reel/DJN3UPqsv6D/,https://prod2-media-proxy.sprinklr.com/channel/data/media/60624/db713947-f226-4ff6-900a-d539a14a5181.jpg
1746527782000,100008385828187,"Some love comes in coffee.
Some in chaos.
And some, in the quiet way she remembers everything about you.

This Mother’s Day, give her a moment that feels as thoughtful as she is.
Celebrate Mother’s Day at your nearest Starbucks.

#StarbucksIndia #MothersDay",Video,VIDEO,1,986.0,759.0,32.0,0.0,25968.0,https://www.instagram.com/reel/DJTxThds1rk/,https://prod2-media-proxy.sprinklr.com/channel/data/media/60624/932db77f-2ad0-4ad7-8adf-c0b923ff8f65.jpg
1746588600000,100008385828199,"Say hello to the all-new Refreshing Wednesdays! 😎

Every Wednesday, we’re bringing you the ultimate midweek chill. Enjoy your favourite Refreshers, Cold Brews, and other select beverages starting at just ₹199*—the perfect pick-me-up, all month long.

Available exclusively on Swiggy and Zomato.

T&C Apply*

#StarbucksIndia",Video,VIDEO,1,661.0,577.0,6.0,0.0,30685.0,https://www.instagram.com/reel/DJVlo69MZh0/,https://prod2-media-proxy.sprinklr.com/channel/data/media/60624/4f8db9b2-1099-41cd-82b4-68d54cc4de87.jpg
1746675008000,100008385828268,"The beans traveled from Kenya.
Our timer just hit 48 hours.
Our Cold Brew’s magic is right on schedule. 

Who’s craving one today? 😋

#StarbucksIndia #48HoursOfCraft",Photo,PHOTO,1,1229.0,1181.0,14.0,0.0,38087.0,https://www.instagram.com/p/DJYKbZAOmRu/,https://prod2-media-proxy.sprinklr.com/channel/data/media/60624/b7d2b47e-072b-4615-9397-0f86522f260b.jpg
1746706424000,100008385828033,"Her love is thoughtful, quiet, and always just right - kind of like her favourite cup of coffee ☕

This Mother’s Day, Starbucks & @fernsnpetalsindia celebrate all moms with a comforting brew and a beautiful bloom*. 

Head to your nearest store and gift her a brew & a special bloom, just the way she deserves! 

*T&C Apply

#StarbucksIndia #FNP #MothersDay",Video,VIDEO,1,1071.0,905.0,48.0,0.0,33727.0,https://www.instagram.com/reel/DJZGFxDh6FC/,https://prod2-media-proxy.sprinklr.com/channel/data/media/60624/9cc9de9f-3687-463b-8937-9ec4609fb8e2.jpg
1746885486000,100008385828080,"A little gift. A thoughtful gesture. A moment made just right. 
This Mother’s Day, celebrate her with the love and comfort she’s always given you 💚

Check the link in bio to order online from the Starbucks India App!

#StarbucksIndia",Video,VIDEO,1,752.0,703.0,9.0,0.0,38207.0,https://www.instagram.com/reel/DJebvBBs1Zs/,https://prod2-media-proxy.sprinklr.com/channel/data/media/60624/10714bd9-b62e-40ee-b1f8-5576fa894654.jpg
1747045808000,100008385828766,"Get ready for Cold Brew Week at Starbucks from 15th to 19th May!

Drop by at 3 PM daily, in-stores, to sip a different brew on the menu. And while you’re at it, don’t miss the chance to grab some exclusive goodies.

PS – Share your Cold Brew moment with #StarbucksColdBrewWeek, we're watching for those brews in hand. 😉

#StarbucksIndia",Photo,CAROUSEL,4,2339.0,1807.0,32.0,0.0,48191.0,https://www.instagram.com/p/DJjNrB6PEpU/,
1747115926000,100008385828634,"Meet your dreamy escape in a cup, the Coconut Cold Brew. 

Head over to your nearest Starbucks and sip into summer bliss today! 🌴

#StarbucksIndia #48HoursOfCraft",Video,VIDEO,1,750.0,680.0,21.0,0.0,32629.0,https://www.instagram.com/reel/DJlTCIQsr_U/,https://prod2-media-proxy.sprinklr.com/channel/data/media/60624/381fe366-f375-4902-89b1-8efc10cefbc2.jpg
1747193400000,100008385828512,"Cold Brew Week is officially brewing! 🧊

Swing by your nearest Starbucks on 15th May at 3 PM for a complimentary tasting of our Signature Cold Brew. 

And while you’re at it, collect exclusive goodies and share your moment with #StarbucksColdBrewWeek to get featured. See you there!

#48HoursOfCraft #StarbucksIndia",Video,VIDEO,1,997.0,861.0,9.0,0.0,37076.0,https://www.instagram.com/reel/DJnnMw-MXTN/,https://prod2-media-proxy.sprinklr.com/channel/data/media/60624/23d2e201-ae00-43a7-a3c0-ce56118ac3f5.jpg
1747287000000,100008385828415,"Make every sip a summer moment! 🍊 

Join us in-store on 16th May at 3 PM for a complimentary tasting of the Zesty Orange Cold Brew. 

Grab exclusive Cold Brew goodies and tag us with #StarbucksColdBrewWeek to get featured!

#48HoursOfCraft #StarbucksIndia",Video,VIDEO,1,884.0,744.0,17.0,0.0,48047.0,https://www.instagram.com/reel/DJqL-pihHaT/,https://prod2-media-proxy.sprinklr.com/channel/data/media/60624/557295a8-68e4-4ab4-b8b2-f89b813d62ab.jpg
1747373400000,100008385828006,"Day 3 of Cold Brew Week brings you the creamy goodness of Vietnamese Cold Brew, served on the house. 

Join us in stores on 17th May at 3 PM and collect exclusive Cold Brew goodies. Snap your cold brew moment and tag us with #StarbucksColdBrewWeek to get featured!

#48HoursOfCraft #StarbucksIndia",Video,VIDEO,1,595.0,518.0,11.0,0.0,42450.0,https://www.instagram.com/reel/DJs-g7JhDrt/,https://prod2-media-proxy.sprinklr.com/channel/data/media/60624/734a8d9d-300d-44fd-a503-88723c74a962.jpg
1747373793000,100008397067399,,Video,PHOTO,1,0.0,0.0,0.0,0.0,0.0,,https://lookaside.fbsbx.com/ig_messaging_cdn/
1747379490000,100008605167364,,Photo,PHOTO,1,0.0,0.0,0.0,0.0,0.0,,https://lookaside.fbsbx.com/ig_messaging_cdn/
1747405030000,100008731617033,,Photo,PHOTO,1,0.0,0.0,0.0,0.0,0.0,,https://lookaside.fbsbx.com/ig_messaging_cdn/
1747459809000,100008385828816,"What’s summer without a little sparkle? ☀️

Quench your thirst with the bold, one-of-a-kind Ginger Ale Cold Brew on Day 4 of Cold Brew Week. 

Drop by your nearest Starbucks for a tasting session on 18th May at 3 PM, collect some goodies, and don't forget to tag us in your story with #StarbucksColdBrewWeek to get featured!

#48HoursOfCraft #StarbucksIndia",Photo,CAROUSEL,3,866.0,795.0,4.0,0.0,42979.0,https://www.instagram.com/p/DJvjUVXsK-R/,
1747465561000,100008489472168,,Video,PHOTO,1,0.0,0.0,0.0,0.0,0.0,,https://lookaside.fbsbx.com/ig_messaging_cdn/
1747469170000,100009651135385,,Photo,PHOTO,1,0.0,0.0,0.0,0.0,0.0,,https://lookaside.fbsbx.com/ig_messaging_cdn/
1747469437000,100008570118709,,Video,PHOTO,1,0.0,0.0,0.0,0.0,0.0,,https://lookaside.fbsbx.com/ig_messaging_cdn/
1747476361000,100009094520601,,Photo,PHOTO,1,0.0,0.0,0.0,0.0,0.0,,https://lookaside.fbsbx.com/ig_messaging_cdn/
1747479645000,100008971292305,,Photo,PHOTO,1,0.0,0.0,0.0,0.0,0.0,,https://lookaside.fbsbx.com/ig_messaging_cdn/
1747483785000,100008403765260,,Video,PHOTO,1,0.0,0.0,0.0,0.0,0.0,,https://lookaside.fbsbx.com/ig_messaging_cdn/
1747483808000,100008786710478,,Photo,PHOTO,1,0.0,0.0,0.0,0.0,0.0,,https://lookaside.fbsbx.com/ig_messaging_cdn/
1747483883000,100008397677590,,Photo,PHOTO,1,0.0,0.0,0.0,0.0,0.0,,https://lookaside.fbsbx.com/ig_messaging_cdn/
1747493984000,100008659233393,,Photo,PHOTO,1,0.0,0.0,0.0,0.0,0.0,,https://lookaside.fbsbx.com/ig_messaging_cdn/
1747546200000,100008385828039,"If smooth and sweet is your thing, your perfect sip awaits. 

Join us for Cold Brew Week to taste the Vanilla Sweet Cream Cold Brew at Starbucks on 19th May at 3 PM and don’t forget to tag us with #StarbucksColdBrewWeek to be featured.

#48HoursOfCraft #StarbucksIndia",Video,VIDEO,1,1101.0,992.0,19.0,0.0,51353.0,https://www.instagram.com/reel/DJyIKz6hk3H/,https://prod2-media-proxy.sprinklr.com/channel/data/media/60624/ef097435-5700-48fb-b04e-acf2ff0b825a.jpg
1747568092000,100009651135264,,Photo,PHOTO,1,0.0,0.0,0.0,0.0,0.0,,https://lookaside.fbsbx.com/ig_messaging_cdn/
1747568132000,100009054847843,,Photo,PHOTO,1,0.0,0.0,0.0,0.0,0.0,,https://lookaside.fbsbx.com/ig_messaging_cdn/
1747573078000,100008593479007,,Video,PHOTO,1,0.0,0.0,0.0,0.0,0.0,,https://lookaside.fbsbx.com/ig_messaging_cdn/
1747645047000,100008393633400,,Video,PHOTO,1,0.0,0.0,0.0,0.0,0.0,,https://lookaside.fbsbx.com/ig_messaging_cdn/
1747649935000,100009094520599,,Photo,PHOTO,1,0.0,0.0,0.0,0.0,0.0,,https://lookaside.fbsbx.com/ig_messaging_cdn/
1747652552000,100008385828336,"Ghosted? Exams incoming? Insta-official?

Every fresher’s living their own story but whatever the vibe, there’s always a Refresher®️ that just hits different.

#StarbucksIndia #StarbucksRefreshers",Video,VIDEO,1,1470.0,1158.0,84.0,0.0,48467.0,https://www.instagram.com/reel/DJ1SjkqB2uI/,https://prod2-media-proxy.sprinklr.com/channel/data/media/60624/baca775d-cb10-4314-a0c0-56056748a0d1.jpg
1747659487000,100010290214195,,Photo,PHOTO,1,0.0,0.0,0.0,0.0,0.0,,https://lookaside.fbsbx.com/ig_messaging_cdn/
1747659514000,100008858316748,,Video,PHOTO,1,0.0,0.0,0.0,0.0,0.0,,https://lookaside.fbsbx.com/ig_messaging_cdn/
1747659731000,100008505448315,,Photo,PHOTO,1,0.0,0.0,0.0,0.0,0.0,,https://lookaside.fbsbx.com/ig_messaging_cdn/
1747663126000,100008397677592,,Photo,PHOTO,1,0.0,0.0,0.0,0.0,0.0,,https://lookaside.fbsbx.com/ig_messaging_cdn/
1747663736000,100008477211901,,Photo,PHOTO,1,0.0,0.0,0.0,0.0,0.0,,https://lookaside.fbsbx.com/ig_messaging_cdn/
1747663741000,100008477211905,,Photo,PHOTO,1,0.0,0.0,0.0,0.0,0.0,,https://lookaside.fbsbx.com/ig_messaging_cdn/
1747909730000,100008385828800,"Cold Brew Week came, brewed, and conquered! ☀️

With bold flavours and fresh innovations, each day brought a new cold brew experience and you made it unforgettable.

Swipe through for a peek at the moments that made this week so special.

PS: You can still collect stickers at the stores (if people haven’t snagged them all already)

#StarbucksIndia #48HoursOfCraft #StarbucksColdBrewWeek",Photo,CAROUSEL,7,950.0,928.0,4.0,0.0,34993.0,https://www.instagram.com/p/DJ89eUMBoTq/,
1747971000000,100008385828004,"Tick tock, the cold brew won’t stop. 

Which flavour are you sipping first? 😋

#StarbucksIndia #48HoursOfCraft",Video,VIDEO,1,764.0,711.0,8.0,0.0,31482.0,https://www.instagram.com/reel/DJ-yb2fBbGa/,https://prod2-media-proxy.sprinklr.com/channel/data/media/60624/02831302-0099-4555-9fc8-6b082cda8693.jpg
1748057400000,100008385828371,"The best part about pool days! 💙 

Dive into the fun with a Lychee Raspberry Refresher®️

#StarbucksIndia #StarbucksRefreshers",Video,VIDEO,1,613.0,569.0,7.0,0.0,29449.0,https://www.instagram.com/reel/DKBXLcTMhz1/,https://prod2-media-proxy.sprinklr.com/channel/data/media/60624/9ea22f19-27e0-49ea-a0b2-3b2633ae7e29.jpg
1748143800000,100008385828530,"When the day calls for something cool, we answer with a Zesty Orange Cold Brew in hand. 

Craving a sip yet?

#StarbucksIndia #48HoursOfCraft",Photo,PHOTO,1,796.0,783.0,2.0,0.0,32797.0,https://www.instagram.com/p/DKD79L1s98N/,https://prod2-media-proxy.sprinklr.com/channel/data/media/60624/6ccd477b-f87b-444a-8a8d-0aa1aaa0744b.jpg
1748244098000,100008385828495,"Your tropical reset is just a sip away. 

Come taste the Coconut Cold Brew at your nearest Starbucks! 🌴
 
#StarbucksIndia #48HoursOfCraft",Video,VIDEO,1,1308.0,1224.0,5.0,0.0,42586.0,https://www.instagram.com/reel/DKG7CirsvIC/,https://prod2-media-proxy.sprinklr.com/channel/data/media/60624/62bbf0a7-c1a2-4b95-8d3a-2ecf4b919229.jpg
1748321724000,100008385828824,"Every Cold Brew has a story. Ours starts with beans from Kenya, slow-steeped for 48 hours to unlock a rich flavour, and ends with you sipping something truly special.

Swipe to know more! 💚

#StarbucksIndia #48HoursOfCraft",Photo,CAROUSEL,4,1012.0,943.0,4.0,0.0,32896.0,https://www.instagram.com/p/DKJPSf9B-8V/,
1748407523000,100008385828215,"Starting his coffee journey in Bengaluru and now leading operations for Starbucks India across South and East regions, Vibhor’s story is steeped in passion, purpose, and the pursuit of craft.

Over the years, he’s continued to nurture the ritual and connection that every cup of coffee represents at Starbucks, while elevating the coffee experience for customers and partners alike.

Tune in to hear his story.

#StarbucksIndia",Video,VIDEO,1,0.0,0.0,0.0,0.0,0.0,https://www.instagram.com/reel/DKLy1E2ME-s/,https://prod2-media-proxy.sprinklr.com/channel/data/media/60624/a50c396e-62d5-4e85-a8b2-be39c1b54b80.jpg
1748499986000,100008385828112,"Midday motivation? Scheduled.
Because Cold Brew makes any task look easy! 😋

#StarbucksIndia #48HoursOfCraft",Photo,PHOTO,1,589.0,572.0,0.0,0.0,33496.0,https://www.instagram.com/p/DKOjTAvs2gu/,https://prod2-media-proxy.sprinklr.com/channel/data/media/60624/f531dc77-ca45-4385-8caa-70fbe46e914d.jpg
1748522203000,100008615605259,,Video,PHOTO,1,0.0,0.0,0.0,0.0,0.0,,https://lookaside.fbsbx.com/ig_messaging_cdn/
1748662200000,100008385828818,"Hi, I’m Taramani, and I’m a Shift Supervisor at the Madgaon store in Goa. I started as a Barista when Starbucks opened its first store here, and every day since has been a journey of mastering the art of coffee, connecting with customers, and discovering myself. 
 
Three years in, I’ve grown from someone uncertain about the future to someone who now leads a team. Today, I’m proud to say this isn’t just a job, it’s helping me save up to pursue an MBA and get closer to my dream of buying my parents a house.

When I left home at 17, I wasn’t sure where life would take me. But I chose to trust myself and that made all the difference.
“Trust matters. In yourself, in your journey, and in the people who stand by you.”
 
To me, Starbucks is about purpose, possibility, and finding the courage to build the life you’ve always dreamed of.
 
#StarbucksIndia #ToBeAPartner",Photo,CAROUSEL,3,1413.0,1368.0,14.0,0.0,35244.0,https://www.instagram.com/p/DKTYu85s564/,
1748662200000,100008385828818,"Hi, I’m Taramani, and I’m a Shift Supervisor at the Madgaon store in Goa. I started as a Barista when Starbucks opened its first store here, and every day since has been a journey of mastering the art of coffee, connecting with customers, and discovering myself. 
 
Three years in, I’ve grown from someone uncertain about the future to someone who now leads a team. Today, I’m proud to say this isn’t just a job, it’s helping me save up to pursue an MBA and get closer to my dream of buying my parents a house.

When I left home at 17, I wasn’t sure where life would take me. But I chose to trust myself and that made all the difference.
“Trust matters. In yourself, in your journey, and in the people who stand by you.”
 
To me, Starbucks is about purpose, possibility, and finding the courage to build the life you’ve always dreamed of.
 
#StarbucksIndia #ToBeAPartner",Video,CAROUSEL,3,1413.0,1368.0,14.0,0.0,35244.0,https://www.instagram.com/p/DKTYu85s564/,
1748748600000,100008385828367,"A brew so good, you’ll want to sip it more than once.

Coconut Cold Brew’s calling, find it at your nearest Starbucks!

#StarbucksIndia #48HoursOfCraft",Photo,PHOTO,1,1056.0,1021.0,6.0,0.0,35083.0,https://www.instagram.com/p/DKV9ifQMS-2/,https://prod2-media-proxy.sprinklr.com/channel/data/media/60624/097d8221-28cc-4165-88da-6444c7c01937.jpg
1748860696000,100008385828225,"In the lush highlands of Papua New Guinea, where the soil is volcanic and the air carries a quiet stillness, coffee grows at its own rhythm. 

The Starbucks®️ Single-Origin Papua New Guinea Highlands captures the essence with gentle notes of sugarcane and black cardamom in every sip. 🤎
 
Try it as an espresso choice in your favourite Cappuccino, Latte, Flat White or Caffe Americano and savour the flavour, only at Starbucks!
 
#StarbucksIndia",Video,VIDEO,1,805.0,724.0,3.0,0.0,32168.0,https://www.instagram.com/reel/DKZSmaqMxqe/,https://prod2-media-proxy.sprinklr.com/channel/data/media/60624/135644d2-894b-454e-ba1b-687feec9ed84.jpg
1748954043000,100008385828398,"We see your love for coffee. Now, it’s time to turn that passion into skill. 👀

Step behind the scenes with the Starbucks Master Brewer Program and discover what it takes to brew like a pro. 

Dates: 14th and 15th June, 2025. 
Cities: Mumbai, Delhi, Bangalore, Kolkata, Pune

Seats are limited, sign up now via the link in bio.

#StarbucksIndia",Video,VIDEO,1,714.0,666.0,12.0,0.0,31815.0,https://www.instagram.com/reel/DKcFJpLBPx-/,https://prod2-media-proxy.sprinklr.com/channel/data/media/60624/9a36da3e-5037-4de8-b0ba-c3a57b99c883.jpg
1749007808000,100008385828772,"Why wait for the weekend to chill? 🍹
When your midweek refreshment starts at just ₹199*

Available exclusively on Swiggy and Zomato.

T&C Apply*

#StarbucksIndia",Photo,CAROUSEL,2,741.0,646.0,3.0,0.0,30127.0,https://www.instagram.com/p/DKdr5BNsLc6/,
1749094200000,100008385828683,"Your coffee isn’t just a daily ritual; it’s part of something bigger. 🌍 

This Environment Day let’s sip with purpose because we’re in it together. 

#EnvironmentDay #StarbucksIndia",Video,VIDEO,1,709.0,671.0,3.0,0.0,32063.0,https://www.instagram.com/reel/DKgQvhjsdlU/,https://prod2-media-proxy.sprinklr.com/channel/data/media/60624/ec04c870-c975-4fa0-9e54-6ab70f98ab9f.jpg
1749210099000,100008385828223,"When only the finest beans make the cut, every sip tells a richer story! 🤎

#StarbucksIndia #48HoursOfCraft",Video,VIDEO,1,612.0,551.0,7.0,0.0,35055.0,https://www.instagram.com/reel/DKjtmhFBrsm/,https://prod2-media-proxy.sprinklr.com/channel/data/media/60624/08ecc35b-1152-454d-bd3a-8214bdb1e09a.jpg
1749277800000,100008385828453,"Freshly assembled and crafted with care, our new menu is here to expand your flavour palate. 

From Grilled Harissa Chicken on sourdough to the Avocado Salsa Sandwich, Asian-style bowls, and decadent smoothie bowls, each bite is layered with bold flavours that linger. 

Ready to find your favourite pick?

 #StarbucksIndia",Video,VIDEO,1,1840.0,1409.0,18.0,0.0,47492.0,https://www.instagram.com/reel/DKlu67VsXJS/,https://prod2-media-proxy.sprinklr.com/channel/data/media/60624/a874d1e8-6180-4874-9176-8f4d3ab39552.jpg
1749298219000,100008390207422,,Photo,PHOTO,1,0.0,0.0,0.0,0.0,0.0,,https://lookaside.fbsbx.com/ig_messaging_cdn/
1749353400000,100008385828163,"One more game, one more Refresher, one more beach day. Who’s in? 😉

#StarbucksIndia #StarbucksRefreshers",Video,VIDEO,1,809.0,776.0,6.0,0.0,34760.0,https://www.instagram.com/reel/DKn_KciBcmN/,https://prod2-media-proxy.sprinklr.com/channel/data/media/60624/cb15551d-9736-4ac0-994e-553fabf5d705.jpg
1749439800000,100008385828410,"Every Starbucks coffee begins its journey long before it reaches your hands. It starts with the bean. 🌱

We believe the bean matters because quality can’t be roasted in. It’s nurtured from the very beginning. That is why we source 100% arabica beans from high-altitude farms in India and around the world. These ideal growing conditions help develop flavour, density, and complexity in every bean.

That’s how we bring the world’s finest coffee beans to you. It’s crafted with intention, rooted in expertise, and tells a story of craftsmanship, responsibility, and quality in every cup.

#StarbucksIndia",Video,VIDEO,1,1282.0,1137.0,27.0,0.0,52130.0,https://www.instagram.com/reel/DKqj6VlhIn6/,https://prod2-media-proxy.sprinklr.com/channel/data/media/60624/f9defdd7-3511-4bd2-b4e7-bf488631ca0d.jpg
1749526212000,100008385828792,"Discover a coffee as bold as the land it comes from. 🌋

Grown in the remote volcanic highlands, the Starbucks Single-Origin Papua New Guinea offers a balanced cup with warm notes of sugarcane and black cardamom. 

Rooted in rich soil and deeper traditions, every sip carries the story of its origin.

Now available at our stores and on the Starbucks India App.💚
#StarbucksIndia",Photo,CAROUSEL,4,1465.0,1401.0,7.0,0.0,37275.0,https://www.instagram.com/p/DKtIquhsoqx/,
1749637800000,100008385828389,"Looking for your next coffee adventure? We’ve got you covered! 🙌
 
Learn the art of brewing with the Starbucks Master Brewer Program, guided by our in-house experts. Explore the technique, premium beans, and take home exclusive goodies + a certificate. 
 
Dates: 14th and 15th June, 2025.
Cities: Mumbai, Delhi, Bangalore, Kolkata, Pune

Seats are limited, sign up now via the link in bio.

#StarbucksIndia",Video,VIDEO,1,529.0,503.0,4.0,0.0,28585.0,https://www.instagram.com/reel/DKwdm3LBrXU/,https://prod2-media-proxy.sprinklr.com/channel/data/media/60624/7952156c-974d-451e-b43a-77bbe5ce9669.jpg
1749648948000,100009215470531,,Video,PHOTO,1,0.0,0.0,0.0,0.0,0.0,,https://lookaside.fbsbx.com/ig_messaging_cdn/
1749713872000,100008397730360,,Video,PHOTO,1,0.0,0.0,0.0,0.0,0.0,,https://lookaside.fbsbx.com/ig_messaging_cdn/
1749960000000,100008385828826,"He never said it outright. But you always felt it.

In the coffee runs, the quiet treats, the taste tests he endured just for you, his love was always in the little things.

This Father’s Day, let’s celebrate the care brewed in every small gesture.💚

#StarbucksIndia",Photo,CAROUSEL,5,1352.0,1300.0,6.0,0.0,34469.0,https://www.instagram.com/p/DK6EJNyMM6-/,
1750056720000,100008385828272,"A great coffee can do wonders. But pair it with a delicious bite? Chef’s kiss! 😋

Our new menu, now serving at your nearest Starbucks. 

#StarbucksIndia",Video,VIDEO,1,878.0,739.0,15.0,0.0,33643.0,https://www.instagram.com/reel/DK88eDUMIrz/,https://prod2-media-proxy.sprinklr.com/channel/data/media/60624/10e3e74a-f159-4566-a47e-322f4a5a0065.jpg
1750081207000,100009122001698,,Photo,PHOTO,1,0.0,0.0,0.0,0.0,0.0,,https://lookaside.fbsbx.com/ig_messaging_cdn/
1750081277000,100010260621862,,Photo,PHOTO,1,0.0,0.0,0.0,0.0,0.0,,https://lookaside.fbsbx.com/ig_messaging_cdn/
1750154538000,100008385828774,"Your coffee choice says more than you think. 💡
Whether you enjoy your coffee light and mellow or rich and bold, there’s a roast for every mood.

P.S. Next time you visit, ask your barista to make your favourite drink in the roast you love!

#StarbucksIndia",Photo,CAROUSEL,5,1051.0,971.0,18.0,0.0,32941.0,https://www.instagram.com/p/DK_3Gv5hYob/,
1750319480000,100008385828433,"Starbucks Rewards Members, this is exclusively for you! 

We’re introducing two timeless espresso creations - the Black Palm Jaggery Latte and the Date Cortado, along with our indulgent Monsoon food and beverage lineup, like the Churro Frappuccino®️, Pecan Iced Shaken Espresso, and more. All crafted with the world’s finest coffee beans.

And there’s more in store for Rewards members ✨
Try any two products from the monsoon lineup on June 28 or 29 and get a surprise gift on us! 

Not a member yet? Sign up for Starbucks Rewards by June 27 to join the celebration.

#StarbucksIndia",Video,VIDEO,1,1293.0,930.0,23.0,0.0,31908.0,https://www.instagram.com/reel/DLExf6xhdTU/,https://prod2-media-proxy.sprinklr.com/channel/data/media/60624/7927f60e-7613-4b1f-963b-e3e9594408bb.jpg
1750417488000,100008385828808,"Elevate your journaling, doodling, and everything in between with our Back to Campus collection, thoughtfully designed with @odd.giraffe Because when your tools feel good, inspiration flows naturally. 🤍

Now available at your nearest Starbucks store!
 
#StarbucksIndia",Photo,CAROUSEL,7,1768.0,1490.0,13.0,0.0,40520.0,https://www.instagram.com/p/DLHspCahd_8/,
1750483800000,100008385828550,"Ever wondered what makes each Starbucks roast unique? ☕

Whether it’s light and citrusy or bold and intense, there’s a roast for every mood.

Join Vibhor as he breaks down our flavour profiles, so you can sip on the one that’s just right for your next Starbucks visit! 

#StarbucksIndia",Video,VIDEO,1,960.0,874.0,23.0,0.0,27902.0,https://www.instagram.com/reel/DLJrMXMBEWj/,https://prod2-media-proxy.sprinklr.com/channel/data/media/60624/cdbdbb38-a026-437c-8259-cee0b5b1ab10.jpg
1750563010000,100008385828157,"Two delicious bites, twice the flavour. 😋
Why not try both? 

Available at select Starbucks stores!

#StarbucksIndia",Photo,PHOTO,1,1088.0,1046.0,2.0,0.0,41579.0,https://www.instagram.com/p/DLMCNAUMzAL/,https://prod2-media-proxy.sprinklr.com/channel/data/media/60624/c4f70b8c-44dc-4344-b6d6-b77e143751ef.jpg
1750682383000,100008385828755,"This... and a little secret we’re not spilling just yet. 👀

Something unexpectedly smooth is on its way, stay tuned! 

#StarbucksIndia",Photo,CAROUSEL,4,1578.0,1421.0,25.0,0.0,36553.0,https://www.instagram.com/p/DLPl47yB3ON/,
1750746900000,100008385828353,"This monsoon, surprises are brewing for our Rewards members! 🤩

Head to your nearest Starbucks store on 28th or 29th June, pick any 2 items from our exciting Monsoon Menu, and collect a FREE surprise gift!

PS – If you’re not a member yet, sign up by 27th June to join the celebration.

#StarbucksIndia #StarbucksRewards",Video,VIDEO,1,3536.0,1952.0,34.0,0.0,46355.0,https://www.instagram.com/reel/DLRhBpHB6bD/,https://prod2-media-proxy.sprinklr.com/channel/data/media/60624/55c95ae2-d565-4012-a2f5-58c556095ebd.jpg
1750908600000,100008385828044,"A churro walked into your Frappuccino... and things got delicious. 👀

If caramel, cinnamon, churros, and whipped cream are your love language, this one’s for you.

It just dropped at Starbucks, come sip the swirl!

#StarbucksIndia",Video,VIDEO,1,3363.0,2193.0,35.0,0.0,50144.0,https://www.instagram.com/reel/DLWVb-8SZGH/,https://prod2-media-proxy.sprinklr.com/channel/data/media/60624/904c3670-4d55-44c3-8402-8caa529dad48.jpg
1750921570000,100009540251018,,Photo,PHOTO,1,0.0,0.0,0.0,0.0,0.0,,https://lookaside.fbsbx.com/ig_messaging_cdn/
1750921700000,100008994072810,,Photo,PHOTO,1,0.0,0.0,0.0,0.0,0.0,,https://lookaside.fbsbx.com/ig_messaging_cdn/
1750921721000,100009126124472,,Photo,PHOTO,1,0.0,0.0,0.0,0.0,0.0,,https://lookaside.fbsbx.com/ig_messaging_cdn/
1750922140000,100008386217657,,Photo,PHOTO,1,0.0,0.0,0.0,0.0,0.0,,https://lookaside.fbsbx.com/ig_messaging_cdn/
1750922171000,100009580528785,,Photo,PHOTO,1,0.0,0.0,0.0,0.0,0.0,,https://lookaside.fbsbx.com/ig_messaging_cdn/
1750924563000,100009547615779,,Photo,PHOTO,1,0.0,0.0,0.0,0.0,0.0,,https://lookaside.fbsbx.com/ig_messaging_cdn/
1750931291000,100008423364585,,Photo,PHOTO,1,0.0,0.0,0.0,0.0,0.0,,https://lookaside.fbsbx.com/ig_messaging_cdn/
1750931347000,100009088532435,,Photo,PHOTO,1,0.0,0.0,0.0,0.0,0.0,,https://lookaside.fbsbx.com/ig_messaging_cdn/
1750931376000,100009088532443,,Photo,PHOTO,1,0.0,0.0,0.0,0.0,0.0,,https://lookaside.fbsbx.com/ig_messaging_cdn/
1750931439000,100009562657782,,Photo,PHOTO,1,0.0,0.0,0.0,0.0,0.0,,https://lookaside.fbsbx.com/ig_messaging_cdn/
1750939094000,100008575504690,,Photo,PHOTO,1,0.0,0.0,0.0,0.0,0.0,,https://lookaside.fbsbx.com/ig_messaging_cdn/
1750945423000,100008601578509,,Video,PHOTO,1,0.0,0.0,0.0,0.0,0.0,,https://lookaside.fbsbx.com/ig_messaging_cdn/
1750945499000,100009659204619,,Photo,PHOTO,1,0.0,0.0,0.0,0.0,0.0,,https://lookaside.fbsbx.com/ig_messaging_cdn/
1750948678000,100008994303107,,Photo,PHOTO,1,0.0,0.0,0.0,0.0,0.0,,https://lookaside.fbsbx.com/ig_messaging_cdn/
1750948703000,100009562719276,,Photo,PHOTO,1,0.0,0.0,0.0,0.0,0.0,,https://lookaside.fbsbx.com/ig_messaging_cdn/
1750948735000,100008606851649,,Photo,PHOTO,1,0.0,0.0,0.0,0.0,0.0,,https://lookaside.fbsbx.com/ig_messaging_cdn/
1750953975000,100008385828637,"Starbucks Blonde Roast.
No extra charge, just extra smooth.
So, are you taking the Blonde turn? 💛

#StarbucksIndia #TakeABlondeTurn",Video,VIDEO,1,3066.0,2467.0,130.0,0.0,75529.0,https://www.instagram.com/reel/DLXrr_qhFbZ/,https://prod2-media-proxy.sprinklr.com/channel/data/media/60624/def6ab35-7641-416a-9f77-9ba742df7e4e.jpg
1750995000000,100008385828048,"Monsoon Menu + Rewards, name a better duo... we’ll wait. But this offer won’t! 😉 
 
Head to your nearest Starbucks on 28th or 29th June and unlock a surprise gift, on the house. And if you’re not a Rewards member yet, this is your sign to join the fun by 27th June. 
 
See you there! 💚
 
#StarbucksIndia #StarbucksRewards",Video,VIDEO,1,3592.0,1824.0,44.0,0.0,45915.0,https://www.instagram.com/reel/DLY6PfKhbvp/,https://prod2-media-proxy.sprinklr.com/channel/data/media/60624/fc39fe92-befd-454c-8184-5d5c9d261629.jpg
1751033936000,100009122001702,,Photo,PHOTO,1,0.0,0.0,0.0,0.0,0.0,,https://lookaside.fbsbx.com/ig_messaging_cdn/
1751034031000,100008995479268,,Photo,PHOTO,1,0.0,0.0,0.0,0.0,0.0,,https://lookaside.fbsbx.com/ig_messaging_cdn/
1751036590000,100009088180613,,Video,PHOTO,1,0.0,0.0,0.0,0.0,0.0,,https://lookaside.fbsbx.com/ig_messaging_cdn/
1751081400000,100008385828544,"What if your espresso had a lighter, smoother side?
 
At Starbucks, you’ve got two roasts to choose from:
☕ Signature Roast – bold, rich, and roasty
☕ Blonde Roast – light, smooth, and citrusy
 
We love both, but if you’re craving something bright and easygoing, maybe it’s time to Take the Blonde Turn on your next visit. 💛
 
#StarbucksIndia",Video,VIDEO,1,699.0,663.0,9.0,0.0,25443.0,https://www.instagram.com/reel/DLbe-GnBKqn/,https://prod2-media-proxy.sprinklr.com/channel/data/media/60624/20abd382-9023-43b2-be40-12b12e0d1b05.jpg
1751096670000,100009035569277,,Video,PHOTO,1,0.0,0.0,0.0,0.0,0.0,,https://lookaside.fbsbx.com/ig_messaging_cdn/
1751100030000,100009652091783,,Video,PHOTO,1,0.0,0.0,0.0,0.0,0.0,,https://lookaside.fbsbx.com/ig_messaging_cdn/
1751100097000,100009486774716,,Video,PHOTO,1,0.0,0.0,0.0,0.0,0.0,,https://lookaside.fbsbx.com/ig_messaging_cdn/
1751167800000,100008385828242,"That moment when the taste is so good, it’s gone in one bite.

Say hello to the all-new Grilled Chicken Harissa Sourdough, now available at select Starbucks stores.

#StarbucksIndia",Video,VIDEO,1,952.0,882.0,12.0,0.0,38953.0,https://www.instagram.com/reel/DLeDyX_h4_q/,https://prod2-media-proxy.sprinklr.com/channel/data/media/60624/721b763b-6480-48f6-8e63-af8cf468905e.jpg
1751284485000,100008385828698,"It’s a great day to try something new!

Introducing two delicious new additions to our Starbucks India menu:
🤎 Date Cortado – a rich, smooth coffee with a warm hint of date and subtle spice.
💛 Pecan Iced Shaken Espresso – a chilled espresso drink with a nutty twist and bold, refreshing flavour.

What’s more? 👀
Both are crafted with our Blonde Espresso, Starbucks’ lightest roast that’s smooth, subtly citrusy, and easy to enjoy.

Whether you’re looking for a light roast coffee, something chilled, or just curious to explore a new flavour, this is your moment.
Head to your nearest store and take the Blonde turn on your next coffee run.
 
#StarbucksIndia",Video,VIDEO,1,774.0,734.0,2.0,0.0,23002.0,https://www.instagram.com/reel/DLhiCiKhhrW/,https://prod2-media-proxy.sprinklr.com/channel/data/media/60624/6c6229c8-1f33-4f22-ad8f-51819a895e95.jpg
1751366787000,100008385828056,"Say hello to a brighter side of espresso. 

Get your everyday picks crafted with Starbucks Blonde Espresso for a smoother, subtly citrusy experience. 

Take a Blonde Turn at your nearest Starbucks. No extra charge, just extra smooth!

[Starbucks India] [Blonde Roast] [Light roast coffee] [Light coffee] [Light espresso] [Smooth Coffee] [Starbucks Espresso] [Coffee Lovers] [Everyday Coffee]",Video,VIDEO,1,818.0,751.0,4.0,0.0,25178.0,https://www.instagram.com/reel/DLj_HyRBisW/,https://prod2-media-proxy.sprinklr.com/channel/data/media/60624/1b9af706-9f19-4597-a19a-0219590d114a.jpg
1751552307000,100008385828802,"Blonde Roast Day is here and it’s bigger than ever 💛

When? Saturday, 5th July.
Where? At your nearest Starbucks.

PS: Swipe till the end, we’re giving away freebies that you’ll not want to miss out on 👀

[Starbucks India] [Blonde Roast] [Light roast coffee] [Light coffee] [Light espresso] [Smooth Coffee] [Starbucks Espresso] [Coffee Lovers] [Everyday Coffee]",Photo,CAROUSEL,4,952.0,869.0,5.0,0.0,27757.0,https://www.instagram.com/p/DLphI1YBAY6/,
1751686200000,100008385828094,"“Hi, I’m Fariz—and this is my Starbucks story.”

What began as a simple first job soon became a journey of growth, learning, and endless possibilities.

From my very first day as a Barista in Trivandrum to proudly wearing the Coffee Master apron, every step has been shaped by belief, support, and the opportunity to become more.

At Tata Starbucks, I’m Fariz—a partner, a student, a son, and someone who continues to chase his dreams with the encouragement of a community that truly cares.
Here, my name is remembered. My story is valued. And my aspirations are celebrated.

Because when you’re given the space to be yourself, you find the courage to grow into everything you’re meant to be.

#ItStartsWithMyName

[Starbucks India] [Starbucks Partner] [Partner Story] [Starbucks Barista] [Barista]",Video,VIDEO,1,1298.0,1162.0,50.0,0.0,27721.0,https://www.instagram.com/reel/DLtgoVmh16y/,https://prod2-media-proxy.sprinklr.com/channel/data/media/60624/2ef19358-86d6-4d17-b098-d0f767269e7c.jpg
1751721718000,100009121352657,,Photo,PHOTO,1,0.0,0.0,0.0,0.0,0.0,,https://lookaside.fbsbx.com/ig_messaging_cdn/
1751731398000,100008418352010,,Photo,PHOTO,1,0.0,0.0,0.0,0.0,0.0,,https://lookaside.fbsbx.com/ig_messaging_cdn/
1751731442000,100008423858761,,Video,PHOTO,1,0.0,0.0,0.0,0.0,0.0,,https://lookaside.fbsbx.com/ig_messaging_cdn/
1751731452000,100008400456474,,Video,PHOTO,1,0.0,0.0,0.0,0.0,0.0,,https://lookaside.fbsbx.com/ig_messaging_cdn/
1751733063000,100010268451480,,Video,PHOTO,1,0.0,0.0,0.0,0.0,0.0,,https://lookaside.fbsbx.com/ig_messaging_cdn/
1751736693000,100008715567429,,Photo,PHOTO,1,0.0,0.0,0.0,0.0,0.0,,https://lookaside.fbsbx.com/ig_messaging_cdn/
1751772600000,100008385828709,"Slide up the brightness, sip in the smoothness, and #TakeABlondeTurn with our Pecan Iced Shaken Espresso & Date Cortado, now serving at your nearest Starbucks. ☕💛

[Starbucks India] [Blonde Roast] [Light roast coffee] [Light coffee] [Light espresso] [Smooth Coffee] [Starbucks Espresso] [Coffee Lovers] [Everyday Coffee]",Video,VIDEO,1,910.0,833.0,1.0,0.0,28462.0,https://www.instagram.com/reel/DLwFVO6BKBe/,https://prod2-media-proxy.sprinklr.com/channel/data/media/60624/b3c604fe-02e3-4070-b3f3-83f4176fed0e.jpg
1751784649000,100008736298421,,Video,PHOTO,1,0.0,0.0,0.0,0.0,0.0,,https://lookaside.fbsbx.com/ig_messaging_cdn/
1751790129000,100009126124463,,Photo,PHOTO,1,0.0,0.0,0.0,0.0,0.0,,https://lookaside.fbsbx.com/ig_messaging_cdn/
1751859000000,100008385828625,"Rain outside? Hot chocolate inside 🍫☕️

#WorldChocolateDay is lowkey just another excuse to sip on your favourite, right? 😋

[Starbucks India] [Tata Starbucks] [Chocolate Day] [Chocolate Lover] [Monsoon Mood] [Rainy Days]",Photo,PHOTO,1,992.0,961.0,3.0,0.0,34735.0,https://www.instagram.com/p/DLyqMZPBeVn/,https://prod2-media-proxy.sprinklr.com/channel/data/media/60624/13af0355-6d4b-442a-b0ec-98d5d44302d1.jpg
1751873548000,100008615119499,,Photo,PHOTO,1,0.0,0.0,0.0,0.0,0.0,,https://lookaside.fbsbx.com/ig_messaging_cdn/
1751873578000,100009589157109,,Photo,PHOTO,1,0.0,0.0,0.0,0.0,0.0,,https://lookaside.fbsbx.com/ig_messaging_cdn/
1751873607000,100009126124413,,Video,PHOTO,1,0.0,0.0,0.0,0.0,0.0,,https://lookaside.fbsbx.com/ig_messaging_cdn/
1751890972000,100008385828804,"Introducing Starbucks Reserve Colombia Granos De Esperanza, a layered and expressive single-origin coffee shaped by highland soil, craftsmanship, and vision. 

Swipe through to explore the soul of this exceptional cup!

Now brewing exclusively at the Starbucks Reserve store in Mumbai.
 
[Starbucks Reserve] [Starbucks India] [Single Origin Coffee] [Starbucks Coffee Beans] [Medium Roast Coffee] [Speciality Coffee]",Photo,CAROUSEL,5,571.0,546.0,4.0,0.0,21258.0,https://www.instagram.com/p/DLznFuYucJP/,
1751893686000,100008400456461,,Photo,PHOTO,1,0.0,0.0,0.0,0.0,0.0,,https://lookaside.fbsbx.com/ig_messaging_cdn/
1751893686000,100008575582474,,Photo,PHOTO,1,0.0,0.0,0.0,0.0,0.0,,https://lookaside.fbsbx.com/ig_messaging_cdn/
1751893686000,100008715567425,,Photo,PHOTO,1,0.0,0.0,0.0,0.0,0.0,,https://lookaside.fbsbx.com/ig_messaging_cdn/
1751904561000,100009012354794,,Photo,PHOTO,1,0.0,0.0,0.0,0.0,0.0,,https://lookaside.fbsbx.com/ig_messaging_cdn/
1751904606000,100009088532439,,Photo,PHOTO,1,0.0,0.0,0.0,0.0,0.0,,https://lookaside.fbsbx.com/ig_messaging_cdn/
1751904692000,100008686061660,,Video,PHOTO,1,0.0,0.0,0.0,0.0,0.0,,https://lookaside.fbsbx.com/ig_messaging_cdn/
1751904718000,100009273258405,,Video,PHOTO,1,0.0,0.0,0.0,0.0,0.0,,https://lookaside.fbsbx.com/ig_messaging_cdn/
1751945400000,100008385828654,"Blonde or Signature, what’s your pick?

Find out at your nearest Starbucks today! 💛🤎

[Starbucks India] [Take A Blonde Turn] [Light Roast Coffee] [Dark Roast Coffee] [Blonde Roast] [Signature Dark Roast] [Espresso] [Coffee Roast] [Roast Profiles] [Smooth Coffee] [Coffee Lovers] [Everyday Coffee]",Video,VIDEO,1,511.0,489.0,5.0,0.0,21435.0,https://www.instagram.com/reel/DL1O_qHhg8d/,https://prod2-media-proxy.sprinklr.com/channel/data/media/60624/059a08b8-b0c0-4069-9fbe-da5a61bbff17.jpg
1752058735000,100008385828751,"Love coffee? It’s time to take that passion a step further. ☕

The certified Starbucks Master Brewer Program is back and it’s everything a true coffee enthusiast dreams of!

🗓 Dates: 12th and 13th July, 2025.
📍 Cities: Delhi, Mumbai, Bangalore, Pune, Kolkata

Sign up now, link in bio.

[Starbucks India] [Tata Starbucks] [Master Brewer Program] [Professional Coffee Course] [Coffee Workshop] [Brewing Skills] [Coffee Experience]",Photo,CAROUSEL,5,1091.0,891.0,44.0,0.0,27386.0,https://www.instagram.com/p/DL4nEo_BiCY/,
1752144043000,100008385828796,"Three origins, one remarkable coffee. 

The Starbucks Voyage Blend is now available for a limited time at your nearest stores. 💚
 
[Starbucks India] [Voyage Blend] [Medium Roast Coffee] [Starbucks Coffee Beans] [Speciality Coffee]",Video,CAROUSEL,5,594.0,570.0,7.0,0.0,20299.0,https://www.instagram.com/p/DL7JyOlBvY6/,
1752221138000,100008408865894,,Video,PHOTO,1,0.0,0.0,0.0,0.0,0.0,,https://lookaside.fbsbx.com/ig_messaging_cdn/
1752229800000,100008385828472,"What makes our roast curve truly special? 👀

At Starbucks, roasting is where time, temperature, and a bean’s origin come together to unlock flavours that make every cup distinctly yours.
 
Vibhor takes you inside the heart of our roasting philosophy and shares why Blonde Roast might just change the way you think about espresso.
 
Tune in to know more! 💛
 
[Starbucks India] [Blonde Roast] [Light Roast Coffee] [Light Coffee] [Light Espresso] [Coffee Roast] [Roast Profiles] [Smooth Coffee] [Starbucks Espresso] [Coffee Lovers] [Everyday Coffee]",Video,VIDEO,1,1556.0,1473.0,19.0,0.0,26439.0,https://www.instagram.com/reel/DL9tdiYREdU/,https://prod2-media-proxy.sprinklr.com/channel/data/media/60624/63bfa885-dc28-4961-b416-b428cdbf781e.jpg
1752301800000,100008385828650,"“Hi, I’m Afreedhi, and this is my Starbucks journey.”

From Barista to Coffee Master to leading stores across Kerala, every step has helped me grow with confidence and care. 

Even through illness, I was never alone. The support I received helped me come back stronger as a partner and as a leader. 

At Starbucks, I’m Afreedhi, a son, a guide, and someone who’s learnt that shared journeys build lasting strength. 
Because here, care goes beyond the cup; it becomes part of your name, your story, and who you are.

#ItStartsWithMyName

[Starbucks India] [Starbucks Partner] [Partner Story] [Starbucks Barista] [Barista]",Video,VIDEO,1,1531.0,1046.0,227.0,0.0,32738.0,https://www.instagram.com/reel/DL_2yvXhH0G/,https://prod2-media-proxy.sprinklr.com/channel/data/media/60624/66c2e115-ac6f-40ab-8dfc-7a015483cc27.jpg
1752416575000,100008385828601,"Big moods call for big flavours!

From “just heard some gossip” to “in the mood to treat yourself,” Riteish & Genelia are serving up quick answers and even quicker bites 😋

Find the new @imaginefoods + @starbucksindia menu at a store near you in Mumbai, Bengaluru, & Delhi only, featuring Pav Bhaji Pull Apart, Babka Brioche French Toast, Reverse Vada Pav & Amaranth Parfait!

[Starbucks India] [Imagine Foods] [Riteish Deshmukh] [Genelia Deshmukh] [Food]",Video,VIDEO,1,23097.0,22621.0,110.0,0.0,1164249.0,https://www.instagram.com/reel/DMDRaQssuPF/,https://prod2-media-proxy.sprinklr.com/channel/data/media/60624/98001459-2e19-48a0-a4cb-4be0011b6877.jpg
1752460200000,100010455154838,"It’s officially Breakfast BOGO time and your morning cravings just got a double upgrade! ✨

Offer valid from 14th to 20th July, 6 AM to 11 AM, on select food and beverages* on Swiggy and Zomato.

*T&Cs apply.

[Starbucks India] [Tata Starbucks] [Starbucks Coffee] [Starbucks Food][Breakfast BOGO] [Zomato Deals] [Swiggy Offers]",Video,VIDEO,1,0.0,0.0,0.0,0.0,0.0,https://www.instagram.com/reel/DMEk28PBYda/,https://prod2-media-proxy.sprinklr.com/channel/data/media/60624/6738cf0a-1805-41d8-bd16-8d136cced3c7.jpg
1752552000000,100008385828598,"You + who? 👀

This is your sign to plan a Churro Frappuccino®️ date at Starbucks 💚

Tag the person you want to take in the comments below!

[Starbucks India] [Tata Starbucks] [Starbucks Frappuccino] [It’s Churro Time] [Caramel Churro Frappuccino] [Starbucks Best Coffee]",Video,VIDEO,1,2192.0,1934.0,43.0,0.0,36682.0,https://www.instagram.com/reel/DMHT8gtBLtb/,https://prod2-media-proxy.sprinklr.com/channel/data/media/60624/7b688c0d-8b7d-4365-bec3-c404ec4dd90d.jpg
1752579227000,100009067722120,,Photo,PHOTO,1,0.0,0.0,0.0,0.0,0.0,,https://lookaside.fbsbx.com/ig_messaging_cdn/
1752579242000,100009067722115,,Photo,PHOTO,1,0.0,0.0,0.0,0.0,0.0,,https://lookaside.fbsbx.com/ig_messaging_cdn/
1752579335000,100008409352991,,Video,PHOTO,1,0.0,0.0,0.0,0.0,0.0,,https://lookaside.fbsbx.com/ig_messaging_cdn/
1752660150000,100009088180610,,Video,PHOTO,1,0.0,0.0,0.0,0.0,0.0,,https://lookaside.fbsbx.com/ig_messaging_cdn/
1752673240000,100008385828313,"Hyderabad, something special is brewing in your city☕

We’re bringing you a Starbucks experience unlike any other, where every corner is inspired by local culture, artistry, and storytelling✨
This isn’t just a store, it’s a celebration of the city’s soul, blended with your favourite brews.
A place to pause, connect, and take it all in.

📍Survey No 28, Marvel Infra. Serilingampally, Khajaguda, Hyderabad, Telangana 500032.
Doors open on 19th July!",Video,VIDEO,1,2292.0,1889.0,27.0,0.0,37020.0,https://www.instagram.com/reel/DMK6BnFMEk4/,https://prod2-media-proxy.sprinklr.com/channel/data/media/60624/54251058-cfe9-4458-890c-cf70a62d894d.jpg
1752748561000,100008385828794,"Blonde Roast feels easy, just like sunshine in espresso form. 
Swipe to learn more! ☀️

 
[Starbucks India] [Take A Blonde Turn] [Light Roast Coffee] [Blonde Roast] [Starbucks Espresso] [Light Coffee] [Light Espresso] [Coffee Roast] [Roast Profiles] [Smooth Coffee] [Coffee Lovers] [Everyday Coffee]",Photo,CAROUSEL,5,652.0,631.0,4.0,0.0,22585.0,https://www.instagram.com/p/DMNKz3OMukv/,
1752820787000,100008385828586,"Big flavour, zero regrets.

Our newest snacks, Masala Crispers and Cheese Peri Peri Pop Fries are now available at select Starbucks stores. 

Swing by and dig in while they’re still hot! 😋

[Starbucks India] [Tata Starbucks] [Starbucks Food] [New at Starbucks] [Foodie] [Crispy Snacks]",Video,VIDEO,1,1317.0,1212.0,12.0,0.0,32924.0,https://www.instagram.com/reel/DMPUb0PMZDf/,https://prod2-media-proxy.sprinklr.com/channel/data/media/60624/d38be853-73ec-4fb9-9a91-e175b7662112.jpg
1752897600000,100008385828264,"Comforting and full of flavour 🫶🏼

Black Palm Jaggery Latte, now brewing at your nearest Starbucks.
 
[Starbucks India] [Blonde Roast] [Light roast coffee] [Light coffee] [Light espresso] [Smooth Coffee] [Starbucks Espresso] [Coffee Lovers] [Everyday Coffee]",Video,VIDEO,1,1532.0,1375.0,20.0,0.0,39920.0,https://www.instagram.com/reel/DMRnIv3sDHe/,https://prod2-media-proxy.sprinklr.com/channel/data/media/60624/03c7379c-84ec-47c3-817f-fa6e25b65947.jpg
1753093667000,100008385828681,"When the shake’s this smooth, you know it’s the Pecan Iced Shaken Espresso. 🤎
 
[Starbucks India] [Tata Starbucks] [Pecan Iced Shaken Espresso] [Blonde Roast] [Light Roast Coffee] [Light Coffee] [Light Espresso] [Smooth Coffee] [Starbucks Espresso] [Coffee Lovers] [Everyday Coffee]",Video,VIDEO,1,1479.0,1373.0,22.0,0.0,40001.0,https://www.instagram.com/reel/DMXc52ns43j/,https://prod2-media-proxy.sprinklr.com/channel/data/media/60624/d4e42b65-e887-4ee1-94e1-6f5cbfd35c7b.jpg
1753180200000,100008385828220,"The verdict’s in, everyone’s Sippin’ on Churro 🤩🤎

Tried the Churro Frappuccino®️ yet? It’s waiting with your name on it at Starbucks! 

[Starbucks India] [Tata Starbucks] [Starbucks Frappuccino] [It’s Churro Time] [Caramel Churro Frappuccino]",Video,VIDEO,1,1270.0,1108.0,8.0,0.0,30542.0,https://www.instagram.com/reel/DMaCMTAB51g/,https://prod2-media-proxy.sprinklr.com/channel/data/media/60624/7d4a3e91-5333-4f21-94c6-b22fde771319.jpg
1753254085000,100008385828696,"A little nutty. A little sweet. A lot to love.

Starbucks Reserve Colombia Granos De Esperanza is now brewing at our Mumbai Reserve store. Grab it while it lasts!
 
[Starbucks India, Starbucks Reserve, Single Origin Coffee, Medium Roast Coffee, Speciality Coffee]",Photo,PHOTO,1,382.0,372.0,2.0,0.0,18909.0,https://www.instagram.com/p/DMcPBW4Bs50/,https://prod2-media-proxy.sprinklr.com/channel/data/media/60624/dff94240-03a3-4092-8106-6a91b0d7735c.jpg
1753441792000,100008385828749,"Decades of craft, two roasts to love. 

What’s your pick? 💚
 
[ Starbucks India, Light Roast , Espresso Roast , Cafe , Coffee Lovers ]",Photo,CAROUSEL,4,536.0,505.0,0.0,0.0,18365.0,https://www.instagram.com/p/DMh1CylsX7l/,
1753500600000,100008385828167,"Hyderabad, your first Starbucks experiential store is here.
Crafted for coffee lovers, culture seekers, and curious hearts.

📍Starbucks, Survey No 28, Marvel Infra, No 3/72/1 & 3/72/4, Serilingampally, Khajaguda
🕒 8 AM – 11 PM

[Starbucks India, Starbucks Hyderabad, Coffee Experiential Store, Hyderabad Coffee, Coffee Lovers]",Video,VIDEO,1,2459.0,2212.0,20.0,0.0,37847.0,https://www.instagram.com/reel/DMjlPgUsmIV/,https://prod2-media-proxy.sprinklr.com/channel/data/media/60624/c8d79233-d411-4e1e-9ce9-9877e9e47544.jpg
1753628180000,100008385828099,"@geneliad depicting our mood always😍😋 

Try the all new @imaginefoods + @starbucksindia menu at a store near you in Mumbai, Bengaluru, & Delhi only, featuring Pav Bhaji Pull Apart, Brioche French Toast, Reverse Vada Pav & Amaranth Parfait!

[Starbucks India, Imagine Foods, Genelia Deshmukh, Riteish Deshmukh, Food, Brioche French Toast]",Video,VIDEO,1,38950.0,38153.0,168.0,0.0,1458751.0,https://www.instagram.com/reel/DMnX20GMMGL/,https://prod2-media-proxy.sprinklr.com/channel/data/media/60624/3e20e5cb-1d1e-4371-a042-254ef7ec5133.jpg
1753686162000,100008385828646,"Big bowl energy has entered your feed 😋

Introducing our Veg and Non-Veg Asian Bowls, packed with flavour, exotic veggies, and all the comfort you could ask for. 

Come dig in at select Starbucks stores near you!

[Starbucks India, Tata Starbucks, Starbucks Food, New at Starbucks, Asian Food, Foodie]",Video,VIDEO,1,1293.0,1121.0,16.0,0.0,34097.0,https://www.instagram.com/reel/DMpG9toMgGl/,https://prod2-media-proxy.sprinklr.com/channel/data/media/60624/f8f1301c-d93c-4865-8557-bba29bc6024f.jpg
1753797237000,100008385828578,"They’ve survived your worst punchlines. They’ve lived through your darkest spirals. They know your go-to coffee order by-heart. 

This Friendship’s Day, we’re raising a cup to the chaos, the comfort, and the stories we never stop retelling🥰

Bring your #FromFirstsToForever gang to the place that’s been part of it all, Starbucks💚

[Starbucks India, Friendships day, Friends Forever]",Video,VIDEO,1,2136.0,1612.0,162.0,0.0,53433.0,https://www.instagram.com/reel/DMsaurTsozP/,https://prod2-media-proxy.sprinklr.com/channel/data/media/60624/8e107ce9-2d3b-484a-9046-ed4841b7183a.jpg
1753889214000,100008385828810,"On Thursdays, we sip Blonde. 💛

Mark your calendars, swing by Starbucks, and stay for the smoothest flavours, on the house!

[Starbucks India, Blonde Roast Coffee, Coffee Tasting, Tasting Sessions, Starbucks Coffee]",Photo,CAROUSEL,3,2020.0,1309.0,33.0,0.0,38126.0,https://www.instagram.com/p/DMvKbvasX3M/,
1753974000000,100008385828711,"This Friendship Weekend, we’re giving you more reasons to raise a glass (or two)
 
Say hello to the all-new Glow Up Refreshers, a frozen twist to your favourites!
🍓Strawberry Açai Glow Up Refresher
🥭Mango Dragonfruit Glow Up Refresher
 
✨ Plus, get 50% OFF* when you pay via District! ✨
 
Exclusively available on 2nd and 3rd August at your nearest Starbucks.
 
[Starbucks India, Starbucks Refreshers, Friendship Day, Limited Edition, Refreshers]",Video,VIDEO,1,1621.0,992.0,21.0,0.0,59251.0,https://www.instagram.com/reel/DMxsPX5Mh9M/,https://prod2-media-proxy.sprinklr.com/channel/data/media/60624/1e697dea-654f-439a-b605-4fef5982aa51.jpg
1754043938000,100008385828606,"From the first coffee shared to forever kind of memories, gift your friends with a moment that says it all. 💚

#FromFirstsToForever

[Starbucks India, Friendship Day, Friends Forever, Gifting, Starbucks Gifting]",Video,VIDEO,1,1276.0,1152.0,37.0,0.0,38443.0,https://www.instagram.com/reel/DMzxbmXspH4/,https://prod2-media-proxy.sprinklr.com/channel/data/media/60624/4d3cbab1-6b73-460c-a95c-c12ab288b617.jpg
1754134447000,100008385828786,"Spicy hit, incoming! 🔥

Tried the Grilled Harissa Chicken Sourdough yet?
Now available at select Starbucks stores.
 
[Starbucks India, Chicken Sandwich, Snacks, Foodie]",Photo,CAROUSEL,2,859.0,820.0,7.0,0.0,28432.0,https://www.instagram.com/p/DM2eLcpsoj7/,
1754191800000,100008385828052,"One’s all espresso drama, the other’s chillin’ with iced vibes. Tag the one who never lets you sip solo 👇 
 
[Starbucks India, Iced Coffee, Coffee Lovers, Friendship Day, Espresso]",Video,VIDEO,1,1401.0,1272.0,6.0,0.0,34841.0,https://www.instagram.com/reel/DM4LqiWsx7g/,https://prod2-media-proxy.sprinklr.com/channel/data/media/60624/fda8fcaa-82f8-475e-b19b-d9bba38baed3.jpg
1754305033000,100008385828461,"A secret brewed with plum, a whisper of rum, finished with a twist you didn’t see coming. 👀

9.8.2025 🤎
 
[Starbucks India, New at Starbucks, Coffee, Coffee Lovers, Flavoured Coffee]",Video,VIDEO,1,1482.0,1183.0,8.0,0.0,37103.0,https://www.instagram.com/reel/DM7jeaVh8ju/,https://prod2-media-proxy.sprinklr.com/channel/data/media/60624/0707c373-7ed1-4ba6-9c79-6d318a1cb559.jpg
1754374563000,100008385820080,,Photo,STORY,1,14.0,0.0,0.0,0.0,181603.0,https://instagram.com/stories/starbucksindia/3692283945991346827,https://prod2-channel-assets.sprinklr.com/60624/FACEBOOK/100839651/media/7C8D716695A4FC7AE7431549B92E5B9C.jpg
1754374570000,100008386095004,,Photo,PHOTO,1,0.0,0.0,0.0,0.0,0.0,,https://lookaside.fbsbx.com/ig_messaging_cdn/
1754374570000,100008386095181,,Photo,PHOTO,1,0.0,0.0,0.0,0.0,0.0,,https://lookaside.fbsbx.com/ig_messaging_cdn/
1754452800000,100008390104752,"She said “what’s yours is mine” and meant his food😋

Find the new @imaginefoods + @starbucksindia menu at a store near you in Mumbai, Bengaluru, & Delhi only, featuring Pav Bhaji Pull Apart, Babka Brioche French Toast, Reverse Vada Pav & Amaranth Parfait!

[Starbucks India, Imagine Foods, Riteish Deshmukh, Genelia Deshmukh, Food, Couple Love]",Video,VIDEO,1,37975.0,37476.0,137.0,0.0,1322249.0,https://www.instagram.com/reel/DM_9dtuMTiN/,https://prod2-media-proxy.sprinklr.com/channel/data/media/60624/e570913f-ab32-455e-aceb-5154308fc3d6.jpg
1754452805434,100008390104674,,Video,VIDEO,1,0.0,0.0,0.0,0.0,0.0,,https://lookaside.fbsbx.com/ig_messaging_cdn/
1754452805477,100008390104681,,Video,VIDEO,1,0.0,0.0,0.0,0.0,0.0,,https://lookaside.fbsbx.com/ig_messaging_cdn/
1754486404000,100008391069348,,Photo,STORY,1,83.0,0.0,0.0,0.0,31198.0,https://instagram.com/stories/starbucksindia/3693222149566539690,https://prod2-channel-assets.sprinklr.com/60624/FACEBOOK/100839651/media/C6CA72FBFEACB389C6B5B9A7E00FE3E3.jpg
1754486405000,100008391020341,,Photo,STORY,1,69.0,0.0,0.0,0.0,26331.0,https://instagram.com/stories/starbucksindia/3693222151856686953,https://prod2-channel-assets.sprinklr.com/60624/FACEBOOK/100839651/media/D9CE2DD69163ED79A351D70EE250F325.jpg
1754549936000,100008397079953,"Your moment of plum bliss (with a whisper of rum) is just days away. 

Stay tuned! ✨

[Starbucks India, New at Starbucks, Coffee, Coffee Lovers, Flavoured Coffee]",Photo,PHOTO,1,590.0,535.0,13.0,0.0,21004.0,https://www.instagram.com/p/DNC2qWeBizr/,https://prod2-media-proxy.sprinklr.com/channel/data/media/60624/78a1a4a4-b278-4fad-8434-79fd8526f0f8.jpg
1754570180000,100008397921857,"She’s been your first friend, forever fan, and fiercest supporter. This Raksha Bandhan, gift her something as special as she is! 💚

Find the perfect gift waiting at your nearest Starbucks.

[Starbucks India, Raksha Bandhan, Starbucks Gifting, Gifts for Her, Sibling Goals]",Photo,CAROUSEL,5,726.0,685.0,1.0,0.0,19057.0,https://www.instagram.com/p/DNDdRivhIij/,
1754623808000,100008403315490,,Photo,STORY,1,140.0,0.0,0.0,0.0,20550.0,https://instagram.com/stories/starbucksindia/3694374722641761664,https://prod2-channel-assets.sprinklr.com/60624/FACEBOOK/100839651/media/1840A9DF6D459AD26E6009E67F2D6850.jpg
1754637333000,100008403645503,"Rum and plum just RSVP’d to Starbucks. You in?

Coming soon! 🤎

[Starbucks India, Coffee, Viral Coffee, Coffee Reels, Coffee Daily]",Video,VIDEO,1,1065.0,893.0,18.0,0.0,33834.0,https://www.instagram.com/reel/DNFdR0Hs_Wt/,https://prod2-media-proxy.sprinklr.com/channel/data/media/60624/b42fa8ed-0c1c-4b9f-b5ae-d2d43c9034ed.jpg
1754654400000,100008404250885,"Rum meets plum in the bold new Barrelled Plum Americano, come sip the unusual. 🤎

[Starbucks India, Americano, Coffee, New at Starbucks, Coffee lovers]",Video,VIDEO,1,0.0,0.0,0.0,0.0,0.0,https://www.instagram.com/reel/DNF9-wxsp2d/,https://prod2-media-proxy.sprinklr.com/channel/data/media/60624/63c12a93-6f35-49ce-b9af-a9923ffbb848.jpg
1754703023000,100008408542157,,Photo,STORY,1,357.0,0.0,0.0,0.0,28549.0,https://instagram.com/stories/starbucksindia/3695039229916106301,https://prod2-channel-assets.sprinklr.com/60624/FACEBOOK/100839651/media/4021C7D856895951A6814A190E6521AA.jpg
1754710215000,100008408765770,"Celebrate the bond that’s brewed stronger with every moment. Starbucks wishes everyone a Happy Raksha Bandhan! 💚

[Starbucks India, Raksha Bandhan, Rakhi, Sibling Love, Sibling Goals]",Photo,PHOTO,1,551.0,533.0,2.0,0.0,17843.0,https://www.instagram.com/p/DNHoXkwBGtX/,https://prod2-media-proxy.sprinklr.com/channel/data/media/60624/9863f372-a991-42a2-bb7a-5200c4f723e8.jpg
1754740800000,100008409332253,"Rum meets plum in the bold new Barrelled Plum Americano, come sip the unusual. 🤎

[Starbucks India, Americano, Coffee, New at Starbucks, Coffee lovers]",Video,VIDEO,1,1817.0,1452.0,27.0,0.0,35802.0,https://www.instagram.com/reel/DNIixZYMwvm/,https://prod2-media-proxy.sprinklr.com/channel/data/media/60624/5a241d7e-27e5-4407-8170-e0edba034fe4.jpg
1754807400000,100008413332344,"“Hi, I’m Najib, and this is my Starbucks story.”

From starting my journey at Starbucks in 2018 to becoming a District Coffee Master for Kolkata, I’ve grown in my role, confidence, and community. 

Today, I lead a store and continue to champion the craft I love.
This job gave me more than a career, it gave me the belief that the sky’s the limit.

“Starbucks has given me the freedom to be unapologetically myself and helped me grow beyond anything I ever imagined.”

#ItStartsWithMyName

[Starbucks India, Starbucks Partner, Starbucks Barista Life, Barista, Barista Lifestyle]",Video,VIDEO,1,1390.0,1225.0,66.0,0.0,27270.0,https://www.instagram.com/reel/DNKhwiQMkyz/,https://prod2-media-proxy.sprinklr.com/channel/data/media/60624/3e26cb05-c0df-4f0d-96c6-26978dbb0ab4.jpg
1754883057000,100008417665716,"The wait is over, Starbucks Anniversary Blend is finally back!
 
Crafted from aged Sumatra, West Java, and Sulawesi beans. Expect deep notes of smoked cedar, warm allspice, and earthy black truffle in every sip.
 
Available now for a limited time at your nearest Starbucks!",Video,CAROUSEL,6,584.0,559.0,2.0,0.0,9082.0,https://www.instagram.com/p/DNMyCgQigOM/,
1754896514000,100008417925172,"The wait is over, Starbucks Anniversary Blend is finally back!
 
Crafted from aged Sumatra, West Java, and Sulawesi beans. Expect deep notes of smoked cedar, warm allspice, and earthy black truffle in every sip.
 
Available now for a limited time at your nearest Starbucks!

[Starbucks India, Coffee Bean, Single-Origin Coffee, Coffee Blends, Dark Roast]",Video,CAROUSEL,6,952.0,877.0,3.0,0.0,26357.0,https://www.instagram.com/p/DNNLtM3SKej/,
1754998483000,100008423926031,"Sometimes, all you need is a Churro Frappuccino®️ and a main character moment ✨

[Starbucks India, Frappuccino, It’s Churro Time, Coffee, Coffee Daily]",Video,VIDEO,1,2300.0,2161.0,21.0,0.0,41030.0,https://www.instagram.com/reel/DNQOB52hFJ7/,https://prod2-media-proxy.sprinklr.com/channel/data/media/60624/75c06bde-a995-4bfa-8609-7128b681c0bd.jpg
1755088213000,100008429745067,,Photo,STORY,1,194.0,0.0,0.0,0.0,19953.0,https://instagram.com/stories/starbucksindia/3698270432721461905,https://prod2-channel-assets.sprinklr.com/60624/FACEBOOK/100839651/media/632478AB09D561B11685285DAF00B322.jpg
1755090815000,100008429865314,"Victory tastes like rum + plum. 

Sip it in the new Barrelled Plum Americano! 🤎

*Non-alcoholic flavoured beverage

[Starbucks India, Americano, Coffee, New at Starbucks, Coffee Lovers]",Video,VIDEO,1,563.0,515.0,6.0,0.0,21046.0,https://www.instagram.com/reel/DNS-LnQh9Qw/,https://prod2-media-proxy.sprinklr.com/channel/data/media/60624/0a89bf63-b71b-469f-8269-e123a58995c9.jpg
1755232487000,100008462737685,"Celebrate India, one iconic cup at a time.💚

Find yours at Starbucks!

[Starbucks India, Sip The Pride, Independence Day, Independence Day India, Coffee Cup]",Video,VIDEO,1,901.0,807.0,13.0,0.0,21361.0,https://www.instagram.com/reel/DNXMdEgscgN/,https://prod2-media-proxy.sprinklr.com/channel/data/media/60624/12703559-125a-460b-ab14-3b5c87d9870e.jpg
1755340803000,100008462737689,"She had 10 seconds and she made us fall in love with the Amaranth Parfait😋
 
Find the new @imaginefoods + @starbucksindia menu at a store near you in Mumbai, Bengaluru, & Delhi only, featuring Pav Bhaji Pull Apart, Babka Brioche French Toast, Reverse Vada Pav & Amaranth Parfait!
 
[Starbucks India, Imagine Foods, Riteish Deshmukh, Genelia Deshmukh, Food]",Video,VIDEO,1,11315.0,10949.0,69.0,0.0,646576.0,https://www.instagram.com/reel/DNaa4OhsM2T/,https://prod2-media-proxy.sprinklr.com/channel/data/media/60624/5c8c8be4-f203-46d2-90ea-e755ef89ae0e.jpg
1755408600000,100008462737681,"“Hi, my name is Sneha, and this is how my Starbucks journey began.”

Curiosity brought me behind the coffee bar and that’s where I discovered my calling. Competing among the nation’s best baristas, earning my Coffee Master apron, and leading the first all-women coffee-forward store, have all been milestones that shaped me.

Today, as an Operations Service Manager, I’m brewing impact at a new scale while holding onto the same love for coffee and community.

“The journey is still unfolding. The brew is still fresh. And I’m just getting started.”

#ItStartsWithMyName

[Starbucks India, Starbucks Partner, Starbucks Barista Life, Barista, Barista Lifestyle]",Video,VIDEO,1,1975.0,1838.0,35.0,0.0,35122.0,https://www.instagram.com/reel/DNcchNrsGPE/,https://prod2-media-proxy.sprinklr.com/channel/data/media/60624/dd310bcf-d662-401d-b274-beb1d7b9c3de.jpg
1755487809000,100008462737741,"Brewed once a year, the Starbucks Anniversary Blend is our tribute to Indonesia’s rich coffee heritage and nearly three decades of coffee craftsmanship. 💚

Available only for a limited time at your nearest Starbucks!

[Starbucks India, Coffee Bean, Single-Origin Coffee, Coffee Blends, Dark Roast]",Photo,CAROUSEL,2,678.0,640.0,2.0,0.0,18978.0,https://www.instagram.com/p/DNezgtktOdv/,
1755585006000,100008462737687,"Barrelled Plum Americano is a love letter to coffee connoisseurs.
 
Sip the Unusual at your nearest Starbucks today. 🤎

*Non-alcoholic flavoured beverages
 
[Starbucks India, Americano, Coffee, Rum, Plum, Coffee lovers]",Photo,PHOTO,1,456.0,391.0,5.0,0.0,19886.0,https://www.instagram.com/p/DNhs5jou9t5/,https://prod2-media-proxy.sprinklr.com/channel/data/media/60624/bcfc2c9b-a4c0-4d94-8680-2bbccc49cb54.jpg
1755688414000,100008469778229,"Perfect pairings? We brewed a few. 

Try them all at your nearest Starbucks today! 💚

[Starbucks India, Coffee Reels, Sandwich, Croissant, Breakfast Time]",Video,VIDEO,1,905.0,795.0,5.0,0.0,23732.0,https://www.instagram.com/reel/DNkx0DNhcP4/,https://prod2-media-proxy.sprinklr.com/channel/data/media/60624/f4e49390-177e-4a74-86e0-54cb10c67cf7.jpg
1755766800000,100008476950452,,Photo,STORY,1,56.0,0.0,0.0,0.0,21942.0,https://instagram.com/stories/starbucksindia/3703962860657002096,https://prod2-channel-assets.sprinklr.com/60624/FACEBOOK/100839651/media/9B96ECD500560C78843CE577ACF96EF7.webp
1755776098000,100008477211337,"An icon is on its way. 🎃

[Starbucks India, Pumpkin Spice Latte, PSL, PSL 2025, Starbucks PSL]",Video,VIDEO,1,0.0,0.0,0.0,0.0,0.0,https://www.instagram.com/reel/DNnZTZCsFe3/,https://prod2-media-proxy.sprinklr.com/channel/data/media/60624/df109ccc-46e6-481f-b374-81b959c31846.jpg
1755779090000,100008477323637,"An icon is on its way. 🎃

[Starbucks India, Pumpkin Spice Latte, PSL, PSL 2025, Starbucks PSL]",Video,VIDEO,1,1449.0,1055.0,65.0,0.0,41282.0,https://www.instagram.com/reel/DNnfBvGMiuh/,https://prod2-media-proxy.sprinklr.com/channel/data/media/60624/892f46b1-4054-47d0-ad7a-dfcba5ea9565.jpg
1755782401000,100008477541514,,Video,STORY,1,27.0,0.0,0.0,0.0,17872.0,https://instagram.com/stories/starbucksindia/3704093751451660524,https://prod2-channel-assets.sprinklr.com/60624/FACEBOOK/100839651/media/8FA750AEEFA6A3D95A5C61324801E026.jpg
1755833424000,100008482830439,,Photo,STORY,1,124.0,0.0,0.0,0.0,20303.0,https://instagram.com/stories/starbucksindia/3704521721886256864,https://prod2-channel-assets.sprinklr.com/60624/FACEBOOK/100839651/media/5AE262CAD87826AD87D034BB63F47E1C.jpg
1755858600000,100008483261947,"No better match than plum, rum, and coffee. Sip the unusual before it’s gone!

*Non-alcoholic flavoured beverage

[Starbucks India, Americano, Coffee, Rum, Plum, Coffee lovers]",Video,VIDEO,1,1201.0,1040.0,3.0,0.0,33828.0,https://www.instagram.com/reel/DNp2zSMsgTl/,https://prod2-media-proxy.sprinklr.com/channel/data/media/60624/3b830552-5e19-48eb-abfd-e5c339fb6a74.jpg
1755919800000,100008489339219,"Berry fans, your bowl awaits 🫐

Try the Blueberry Smoothie Bowl, available at select Starbucks stores.

[Starbucks India, Smoothie Bowl, Breakfast, Easy Breakfast Ideas, Fruit Bowl]",Photo,PHOTO,1,1446.0,1291.0,12.0,0.0,37423.0,https://www.instagram.com/p/DNrrgrAM7tu/,https://prod2-media-proxy.sprinklr.com/channel/data/media/60624/594763e8-d585-4e9a-be56-54ee770613a3.jpg
1756031006000,100008494292342,"“Hi, my name is Atul. Coffee was my beginning, but Starbucks became my story.”

From the hills of Mahabaleshwar to multiple store openings across India, starting as a Barista and growing into a District Manager, every step has been a story of learning, leadership, and passion for coffee. 

Traveling to coffee farms in Coorg and Sumatra and completing my MBA with Starbucks’ support shaped me both professionally and personally.

“Starbucks gave me a space to grow, to care for my family, and to become who I truly am.”
#ItStartsWithMyName

[Starbucks India, Starbucks Partner, Starbucks Barista Life, Barista, Barista Lifestyle]",Video,VIDEO,1,1612.0,1348.0,87.0,0.0,33590.0,https://www.instagram.com/reel/DNu_baHWJUj/,https://prod2-media-proxy.sprinklr.com/channel/data/media/60624/6581464a-dfc1-4c16-bee5-7b4edba63712.jpg
1756175413000,100008504371558,,Photo,STORY,1,192.0,0.0,0.0,0.0,22663.0,https://instagram.com/stories/starbucksindia/3707390526409064018,https://prod2-channel-assets.sprinklr.com/60624/FACEBOOK/100839651/media/5026949193C2EA265D6CA3972C7355E0.jpg
1756210498000,100008505262014,"PSL lovers, it’s pumpkin season, and we’re not holding back. Sip, swoon, repeat. 🎃

Now available at Starbucks for a limited time only.

[Starbucks India, Pumpkin Spice Latte, PSL, PSL 2025, Starbucks PSL]",Video,VIDEO,1,1332.0,1163.0,46.0,0.0,30920.0,https://www.instagram.com/reel/DN0VmRSwpWU/,https://prod2-media-proxy.sprinklr.com/channel/data/media/60624/469ec174-2a85-4ab7-84e4-8cad3dfabe7e.jpg
1756277977000,100008512546845,"Sometimes, the fastest way to @geneliad’s heart is through a Reverse Vada Pav😍
 
Try the all new @imaginefoods + @starbucksindia menu at a store near you in Mumbai, Bengaluru, & Delhi only, featuring Pav Bhaji Pull Apart, Brioche French Toast, Reverse Vada Pav & Amaranth Parfait!
 
[Starbucks India, Imagine Foods, Genelia Deshmukh, Riteish Deshmukh, Food]",Video,VIDEO,1,3297.0,3171.0,19.0,0.0,85623.0,https://www.instagram.com/reel/DN2WOTXWBKR/,https://prod2-media-proxy.sprinklr.com/channel/data/media/60624/ebd53649-10e4-42c8-804f-1f1c0b220332.jpg
1756277982583,100008512546874,,Video,VIDEO,1,0.0,0.0,0.0,0.0,0.0,,https://lookaside.fbsbx.com/ig_messaging_cdn/
1756277982598,100008512546875,,Video,VIDEO,1,0.0,0.0,0.0,0.0,0.0,,https://lookaside.fbsbx.com/ig_messaging_cdn/
1756277982661,100008512546934,,Video,VIDEO,1,0.0,0.0,0.0,0.0,0.0,,https://lookaside.fbsbx.com/ig_messaging_cdn/
1756351812000,100008519042189,,Photo,STORY,1,137.0,0.0,0.0,0.0,19777.0,https://instagram.com/stories/starbucksindia/3708870275841490692,https://prod2-channel-assets.sprinklr.com/60624/FACEBOOK/100839651/media/F3AB6ABE2856CCA5D1A3161A45B9ACE7.jpg
1756382563000,100008519854499,"Build an Americano with us… but make it rum* & plum. 
Swipe, swipe, swipe! 🤩

*Non-alcoholic flavoured beverages

[Starbucks India, Americano, Coffee, Rum, Plum, Coffee lovers]",Photo,CAROUSEL,6,81.0,81.0,0.0,0.0,0.0,https://www.instagram.com/p/DN5eHr4EucR/,
1756385789000,100008519975561,"Build an Americano with us… but make it rum* & plum. 
Swipe, swipe, swipe! 🤩

*Non-alcoholic flavoured beverages

[Starbucks India, Americano, Coffee, Rum, Plum, Coffee lovers]",Photo,CAROUSEL,6,707.0,660.0,8.0,0.0,21036.0,https://www.instagram.com/p/DN5kReQkmWW/,
1756438207000,100008525933283,,Photo,STORY,1,101.0,0.0,0.0,0.0,18223.0,https://instagram.com/stories/starbucksindia/3709595008547881872,https://prod2-channel-assets.sprinklr.com/60624/FACEBOOK/100839651/media/B61A4080FEB3FCC37B888750B3F96AFE.jpg
1756476183000,100008526869370,"When life gives you pumpkins, sip on PSL.🎃
Find it at your nearest Starbucks.

[Starbucks India, Pumpkin Spice Latte, PSL, PSL 2025, Starbucks PSL]",Video,VIDEO,1,701.0,585.0,19.0,0.0,21016.0,https://www.instagram.com/reel/DN8QpCYAbRe/,https://prod2-media-proxy.sprinklr.com/channel/data/media/60624/b0c1788d-37d6-4357-a8c7-d67bb0451f70.jpg
1756734171000,100008540441205,"Every experience is a chance to learn, grow, and discover new strengths.

In partnership with @trrain_india we hosted youth with unique abilities in Kerala for a hands-on session on coffee and customer service. Vibhor Mishra, Coffee Ambassador (China & APAC), Madhav, District Manager – Kerala, and Niladri Biswas, Learning & Development, guided the students through interactive activities, celebrating teamwork, inclusivity, and community.

We’re grateful to TRRAIN India for this opportunity and proud to support initiatives that empower youth and foster inclusion. 💚

[Starbucks India, Tata Starbucks, Inclusion Matters, Community First]",Video,VIDEO,1,1183.0,1069.0,49.0,0.0,25988.0,https://www.instagram.com/reel/DOD79R3Afz2/,https://prod2-media-proxy.sprinklr.com/channel/data/media/60624/ce4cafe0-cb05-4b08-baeb-e4e18c968c7b.jpg
1756794391000,100008564559080,,Video,STORY,1,0.0,0.0,0.0,0.0,0.0,https://www.instagram.com/p/DOFvnrjjI6z/,https://prod2-channel-assets.sprinklr.com/60624/FACEBOOK/100839651/media/45461B92B513871876B538C35036309D.jpg
1756812458000,100008545729779,"PSL szn’s officially on the calendar. When are we seeing you? 👀🧡 

Sip it before it's gone! 

[Starbucks India, Pumpkin Spice Latte, PSL, PSL 2025, Starbucks PSL]",Photo,PHOTO,1,469.0,382.0,15.0,0.0,18250.0,https://www.instagram.com/p/DOGSFCkkkPa/,https://prod2-media-proxy.sprinklr.com/channel/data/media/60624/2f7de749-62b2-43be-a116-698c02b40937.jpg
1756880896000,100008551815627,"Some like it rich, some like it rare. The Starbucks Anniversary Blend does it all. 

Now available for a limited time only at your nearest Starbucks!

[Starbucks India, Coffee Bean, Single-Origin Coffee, Coffee Blends, Dark Roast]",Video,CAROUSEL,5,636.0,591.0,14.0,0.0,17829.0,https://www.instagram.com/p/DOIUnTHCFP0/,
1756956609000,100008558330091,,Photo,STORY,1,144.0,0.0,0.0,0.0,19240.0,https://instagram.com/stories/starbucksindia/3713943679720645193,https://prod2-channel-assets.sprinklr.com/60624/FACEBOOK/100839651/media/21A737EED40CA716B03DF1C8CE0437FC.jpg
1756968731000,100008558537535,"When PSL finds you first, you know it’s Pumpkin Time! 🎃

[Starbucks India, Pumpkin Spice Latte, PSL, PSL 2025, Starbucks PSL]",Video,VIDEO,1,1417.0,1287.0,41.0,0.0,37365.0,https://www.instagram.com/reel/DOK8DysAa4N/,https://prod2-media-proxy.sprinklr.com/channel/data/media/60624/5430c5e8-d3e3-41be-a1d8-491da15f13c0.jpg
1757039465000,100008564058481,,Video,STORY,1,29.0,0.0,0.0,0.0,13214.0,https://instagram.com/stories/starbucksindia/3714638667278286797,https://prod2-channel-assets.sprinklr.com/60624/FACEBOOK/100839651/media/E26DE9EA2D88BCBCC3AFF841599016BC.jpg
1757050225000,100008564256074,,Video,STORY,1,32.0,0.0,0.0,0.0,11137.0,https://instagram.com/stories/starbucksindia/3714728934731778084,https://prod2-channel-assets.sprinklr.com/60624/FACEBOOK/100839651/media/F55BDAE30F408932573977A3E3D819AD.jpg
1757158200000,100008570380868,"An unusual flavour fling, enjoy Barrelled Plum Americano while it’s here!

*Non-alcoholic flavoured beverage

[Starbucks India, Americano, Coffee, Rum, Plum, Coffee lovers]",Video,VIDEO,1,453.0,429.0,10.0,0.0,18371.0,https://www.instagram.com/reel/DOQljsfjC1_/,https://prod2-media-proxy.sprinklr.com/channel/data/media/60624/78ca47d1-b66b-4ccd-b6ae-e2d941b242d3.jpg
1757225700000,100008574875025,,Video,STORY,1,9.0,0.0,0.0,0.0,26927.0,https://instagram.com/stories/starbucksindia/3716200993718576318,https://prod2-channel-assets.sprinklr.com/60624/FACEBOOK/100839651/media/D8DE978C7FC5CD903192E3C9D06CC4D9.jpg
1757298616000,100008578892053,,Photo,STORY,1,28.0,0.0,0.0,0.0,23976.0,https://instagram.com/stories/starbucksindia/3716812643089088426,https://prod2-channel-assets.sprinklr.com/60624/FACEBOOK/100839651/media/DA18997CE7D0B32B6B21AEFE357D6909.jpg
1757298631000,100008578892051,,Photo,STORY,1,31.0,0.0,0.0,0.0,20836.0,https://instagram.com/stories/starbucksindia/3716812762400246889,https://prod2-channel-assets.sprinklr.com/60624/FACEBOOK/100839651/media/79A85EA39D21B6EC772D5977A6861D45.jpg
1757328094000,100008579489223,"You know it. You love it. You sip it… and yes, we see you. 🧡

Now brewing at Starbucks, but for a limited time only. Catch pumpkin while you can!

[Starbucks India, Pumpkin Spice Latte, PSL, PSL 2025, Starbucks PSL]",Photo,CAROUSEL,6,556.0,530.0,7.0,0.0,17636.0,https://www.instagram.com/p/DOVpk20jszb/,
1757427210000,100008586784260,"New look, who this? 👀

Your festive cup just arrived at your nearest Starbucks. 🧡

[Starbucks India, Starbucks Cup, Diwali, Diwali Vibes, Festive Mood]",Video,VIDEO,1,1652.0,1484.0,17.0,0.0,28852.0,https://www.instagram.com/reel/DOYmeKGgagF/,https://prod2-media-proxy.sprinklr.com/channel/data/media/60624/230bae51-d1b9-456f-af44-04dddc8702d4.jpg
1757505857000,100008591986467,"Two ways to enjoy your cup of black coffee, we love both but what’s your pick? 🤭

[Starbucks India, Cold Brew, Americano, Coffee Lovers, Coffee Reel]",Video,VIDEO,1,949.0,816.0,16.0,0.0,29220.0,https://www.instagram.com/reel/DOa8i2EARMs/,https://prod2-media-proxy.sprinklr.com/channel/data/media/60624/8377ca9b-1cfb-4640-9e10-09b0cd8bb77e.jpg
1757659842000,100008604180281,"Your journey to become a Starbucks Master Brewer starts here! ☕

Seats are limited, sign up now. Link in bio.

[Starbucks India, Master Brewer Program, Coffee Workshop, Coffee Lovers, Coffee Culture]",Photo,CAROUSEL,4,374.0,352.0,22.0,0.0,6786.0,https://www.instagram.com/p/DOfiVicDKXR/,
1757673000000,100008604586127,"Tbh, every vibe deserves a PSL. 🧡🎃

[Starbucks India, Pumpkin Spice Latte, PSL, PSL 2025, Starbucks PSL]",Video,VIDEO,1,433.0,393.0,18.0,0.0,18172.0,https://www.instagram.com/reel/DOf7fOuAb6q/,https://prod2-media-proxy.sprinklr.com/channel/data/media/60624/4c2a7a3b-db62-4207-aaca-8d408b6ee1c0.jpg
1757678897000,100008604756992,,Video,STORY,1,0.0,0.0,0.0,0.0,0.0,https://instagram.com/stories/starbucksindia/3720002697719190348,https://prod2-channel-assets.sprinklr.com/60624/FACEBOOK/100839651/media/09A18D6EEEF49EAB3C633811A8AEACCC.jpg
1757683129000,100008605218100,,Video,STORY,1,154.0,0.0,0.0,0.0,22956.0,https://instagram.com/stories/starbucksindia/3720038202032840290,https://prod2-channel-assets.sprinklr.com/60624/FACEBOOK/100839651/media/16ABE77EA9EF16943A108610BA3E477A.jpg
1757730611000,100008610378918,,Photo,STORY,1,60.0,0.0,0.0,0.0,18165.0,https://instagram.com/stories/starbucksindia/3720436481380145987,https://prod2-channel-assets.sprinklr.com/60624/FACEBOOK/100839651/media/F04FE7CF89B7AB01443E73810BE96029.jpg
1757754683000,100008610696274,"Get ready to stir things up! From the bold Espresso Martini to the refreshing Gin Cocobotanica, we’re serving it all tonight 🪩

📍 Starbucks Reserve, Mumbai
🕖 7:00 PM onwards

P.S. Seats are limited, arrive on time to sip in style & groove to the music🍸

*All listed beverages are non-alcoholic.
*T&C’s apply

[ Starbucks India , Zero Proof Cocktails , Mocktails , Starbucks Coffee Rave , New Beverages , Launch Party ]",Photo,CAROUSEL,3,862.0,602.0,7.0,0.0,25001.0,https://www.instagram.com/p/DOiXOzOgXRI/,
1757754728000,100008610756342,,Photo,STORY,1,11.0,0.0,0.0,0.0,10550.0,https://instagram.com/stories/starbucksindia/3720638819570127751,https://prod2-channel-assets.sprinklr.com/60624/FACEBOOK/100839651/media/1020469EC49C21B72AC6AA2F481F805D.jpg
1757754743000,100008610756339,,Photo,STORY,1,4.0,0.0,0.0,0.0,10830.0,https://instagram.com/stories/starbucksindia/3720638939627880557,https://prod2-channel-assets.sprinklr.com/60624/FACEBOOK/100839651/media/94F7C4729C0D95F6DC11FF0361264F21.jpg
1757754751000,100008610711048,,Photo,STORY,1,7.0,0.0,0.0,0.0,9613.0,https://instagram.com/stories/starbucksindia/3720639014437466700,https://prod2-channel-assets.sprinklr.com/60624/FACEBOOK/100839651/media/24E61B9CEB6C8B6EAF038FAD6D7D9415.jpg
1757754751667,100008610696214,,Photo,PHOTO,1,0.0,0.0,0.0,0.0,0.0,,https://lookaside.fbsbx.com/ig_messaging_cdn/
1757754791000,100008610700847,,Photo,STORY,1,0.0,0.0,0.0,0.0,11451.0,https://instagram.com/stories/starbucksindia/3720639344235622348,https://prod2-channel-assets.sprinklr.com/60624/FACEBOOK/100839651/media/22B3A142C26DDF41857A4C7A636AA362.jpg
1757755292000,100008610756337,,Photo,STORY,1,0.0,0.0,0.0,0.0,10472.0,https://instagram.com/stories/starbucksindia/3720643555165843014,https://prod2-channel-assets.sprinklr.com/60624/FACEBOOK/100839651/media/21B740E6B7E2470889F074C52A396529.jpg
1757764644000,100008611055666,,Photo,STORY,1,0.0,0.0,0.0,0.0,10154.0,https://instagram.com/stories/starbucksindia/3720722015301253110,https://prod2-channel-assets.sprinklr.com/60624/FACEBOOK/100839651/media/B23C392B5FFBDA332E3E86ED9D8C1875.jpg
1757766600000,100008611106288,"Introducing Zero Proof Cocktails*, where the world’s finest coffee meets the artistry of non-alcoholic mixology 🍸

Now pouring exclusively at Starbucks Reserve Mumbai! 

📍Ground Floor, Elphistone Building, 10-Veer Nariman Road, Horniman Circle, Fort, Mumbai, Maharashtra. 

*All listed beverages are non-alcoholic flavoured beverages

[Starbucks India, Coffee, Cocktail Culture, Cocktail Hour, Cocktail Art]",Video,VIDEO,1,656.0,496.0,13.0,0.0,19128.0,https://www.instagram.com/reel/DOiuABkjL6T/,https://prod2-media-proxy.sprinklr.com/channel/data/media/60624/459f69a9-d421-4aa2-9707-7c8eb8047c82.jpg
1757785917000,100008613596991,,Photo,STORY,1,5.0,0.0,0.0,0.0,9160.0,https://instagram.com/stories/starbucksindia/3720900475831301299,https://prod2-channel-assets.sprinklr.com/60624/FACEBOOK/100839651/media/DC7D7124288A71CD3550BF7E1260D62F.jpg
1757785928817,100008613573994,,Photo,PHOTO,1,0.0,0.0,0.0,0.0,0.0,,https://lookaside.fbsbx.com/ig_messaging_cdn/
1757785973000,100008613596989,,Video,STORY,1,2.0,0.0,0.0,0.0,8429.0,https://instagram.com/stories/starbucksindia/3720900898491294261,https://prod2-channel-assets.sprinklr.com/60624/FACEBOOK/100839651/media/3A2A9C9BBDBA16D1E4B65F2A6AECE8D5.jpg
1757785987000,100008613596980,,Photo,STORY,1,0.0,0.0,0.0,0.0,8037.0,https://instagram.com/stories/starbucksindia/3720901038404906578,https://prod2-channel-assets.sprinklr.com/60624/FACEBOOK/100839651/media/50463A8AF118AC0B8CE59BDAF6538562.jpg
1757785991314,100008613576322,,Video,PHOTO,1,0.0,0.0,0.0,0.0,0.0,,https://lookaside.fbsbx.com/ig_messaging_cdn/
1757785992000,100008613596974,,Photo,STORY,1,8.0,0.0,0.0,0.0,7734.0,https://instagram.com/stories/starbucksindia/3720901082025680877,https://prod2-channel-assets.sprinklr.com/60624/FACEBOOK/100839651/media/ADA18C8A902A57EE12B88F76299A4C71.jpg
1757785994394,100008613576398,,Photo,PHOTO,1,0.0,0.0,0.0,0.0,0.0,,https://lookaside.fbsbx.com/ig_messaging_cdn/
1757785999629,100008613576549,,Photo,PHOTO,1,0.0,0.0,0.0,0.0,0.0,,https://lookaside.fbsbx.com/ig_messaging_cdn/
1757786013000,100008613596982,,Photo,STORY,1,2.0,0.0,0.0,0.0,7512.0,https://instagram.com/stories/starbucksindia/3720901258261943095,https://prod2-channel-assets.sprinklr.com/60624/FACEBOOK/100839651/media/BCEA1DF60AB13E971E20D1E0D9CFBB71.jpg
1757786022000,100008613596969,,Video,STORY,1,1.0,0.0,0.0,0.0,7215.0,https://instagram.com/stories/starbucksindia/3720901303526860304,https://prod2-channel-assets.sprinklr.com/60624/FACEBOOK/100839651/media/F6674FBD82FF6AF16257CDAF0C61B5FF.jpg
1757786022225,100008613577523,,Photo,PHOTO,1,0.0,0.0,0.0,0.0,0.0,,https://lookaside.fbsbx.com/ig_messaging_cdn/
1757786036936,100008613579465,,Video,PHOTO,1,0.0,0.0,0.0,0.0,0.0,,https://lookaside.fbsbx.com/ig_messaging_cdn/
1757786062000,100008613596966,,Video,STORY,1,1.0,0.0,0.0,0.0,6970.0,https://instagram.com/stories/starbucksindia/3720901645421368235,https://prod2-channel-assets.sprinklr.com/60624/FACEBOOK/100839651/media/6576D547CF61C4F04C5D1B6EB392B0B1.jpg
1757786080773,100008613581308,,Video,PHOTO,1,0.0,0.0,0.0,0.0,0.0,,https://lookaside.fbsbx.com/ig_messaging_cdn/
1757786094000,100008613596987,,Video,STORY,1,16.0,0.0,0.0,0.0,6904.0,https://instagram.com/stories/starbucksindia/3720901908622290437,https://prod2-channel-assets.sprinklr.com/60624/FACEBOOK/100839651/media/7E398A11643C938B5AA9A9C3CD15688D.jpg
1757786114964,100008613582645,,Video,PHOTO,1,0.0,0.0,0.0,0.0,0.0,,https://lookaside.fbsbx.com/ig_messaging_cdn/
1757786129000,100008613596961,,Video,STORY,1,6.0,0.0,0.0,0.0,6671.0,https://instagram.com/stories/starbucksindia/3720902203037318868,https://prod2-channel-assets.sprinklr.com/60624/FACEBOOK/100839651/media/A643039224C3DA9617D6DEF7E3B9519B.jpg
1757786146282,100008613583962,,Video,PHOTO,1,0.0,0.0,0.0,0.0,0.0,,https://lookaside.fbsbx.com/ig_messaging_cdn/
1757786154000,100008613596972,,Video,STORY,1,1.0,0.0,0.0,0.0,6573.0,https://instagram.com/stories/starbucksindia/3720902411980736562,https://prod2-channel-assets.sprinklr.com/60624/FACEBOOK/100839651/media/5C969BEF8F69EB2847F2A8F560C71F1E.jpg
1757786172944,100008613585041,,Video,PHOTO,1,0.0,0.0,0.0,0.0,0.0,,https://lookaside.fbsbx.com/ig_messaging_cdn/
1757786395000,100008613596984,,Video,STORY,1,0.0,0.0,0.0,0.0,6550.0,https://instagram.com/stories/starbucksindia/3720904435900196914,https://prod2-channel-assets.sprinklr.com/60624/FACEBOOK/100839651/media/128193A1FD946B2EBA59D1F9A1F23DE3.jpg
1757786415055,100008613594587,,Video,PHOTO,1,0.0,0.0,0.0,0.0,0.0,,https://lookaside.fbsbx.com/ig_messaging_cdn/
1757786430000,100008613596978,,Photo,STORY,1,1.0,0.0,0.0,0.0,6317.0,https://instagram.com/stories/starbucksindia/3720904752544958028,https://prod2-channel-assets.sprinklr.com/60624/FACEBOOK/100839651/media/AC712245A807E4573051B85F4A4A23A7.jpg
1757786437782,100008613595577,,Photo,PHOTO,1,0.0,0.0,0.0,0.0,0.0,,https://lookaside.fbsbx.com/ig_messaging_cdn/
1757786462000,100008613733513,,Video,STORY,1,0.0,0.0,0.0,0.0,6150.0,https://instagram.com/stories/starbucksindia/3720904997458777553,https://prod2-channel-assets.sprinklr.com/60624/FACEBOOK/100839651/media/CB6CFDC6896C9963CF9F4C7AF495297E.jpg
1757786481000,100008613733517,,Video,STORY,1,0.0,0.0,0.0,0.0,4837.0,https://instagram.com/stories/starbucksindia/3720905158402572493,https://prod2-channel-assets.sprinklr.com/60624/FACEBOOK/100839651/media/7795F09C39F33BCCDB36FADD5277D008.jpg
1757786481786,100008613597391,,Video,PHOTO,1,0.0,0.0,0.0,0.0,0.0,,https://lookaside.fbsbx.com/ig_messaging_cdn/
1757786499290,100008613598107,,Video,PHOTO,1,0.0,0.0,0.0,0.0,0.0,,https://lookaside.fbsbx.com/ig_messaging_cdn/
1757789324000,100008613733511,,Video,STORY,1,1.0,0.0,0.0,0.0,5921.0,https://instagram.com/stories/starbucksindia/3720929007148734233,https://prod2-channel-assets.sprinklr.com/60624/FACEBOOK/100839651/media/5364E818B46988EA1BB264380F0455F2.jpg
1757789339656,100008613705719,,Video,PHOTO,1,0.0,0.0,0.0,0.0,0.0,,https://lookaside.fbsbx.com/ig_messaging_cdn/
1757789387822,100008613707591,,Video,PHOTO,1,0.0,0.0,0.0,0.0,0.0,,https://lookaside.fbsbx.com/ig_messaging_cdn/
1757840504000,100008615574507,,Photo,STORY,1,7.0,0.0,0.0,0.0,8346.0,https://instagram.com/stories/starbucksindia/3721358358218600575,https://prod2-channel-assets.sprinklr.com/60624/FACEBOOK/100839651/media/7542360C13E43AE54549D131B0213893.jpg
1757840509823,100008615510492,,Photo,PHOTO,1,0.0,0.0,0.0,0.0,0.0,,https://lookaside.fbsbx.com/ig_messaging_cdn/
1757840521000,100008615574493,,Photo,STORY,1,1.0,0.0,0.0,0.0,7543.0,https://instagram.com/stories/starbucksindia/3721358499717615482,https://prod2-channel-assets.sprinklr.com/60624/FACEBOOK/100839651/media/83253B482AAD587DA7616744FD90C078.jpg
1757840523000,100008615574489,,Photo,STORY,1,0.0,0.0,0.0,0.0,7074.0,https://instagram.com/stories/starbucksindia/3721358518424237072,https://prod2-channel-assets.sprinklr.com/60624/FACEBOOK/100839651/media/D1BE8E724CC62E7B6E65508FD0C763DC.jpg
1757840526743,100008615510722,,Photo,PHOTO,1,0.0,0.0,0.0,0.0,0.0,,https://lookaside.fbsbx.com/ig_messaging_cdn/
1757840529000,100008615574491,,Video,STORY,1,1.0,0.0,0.0,0.0,6837.0,https://instagram.com/stories/starbucksindia/3721358541786476120,https://prod2-channel-assets.sprinklr.com/60624/FACEBOOK/100839651/media/1C147BD2087B23FF13B67D035004859C.jpg
1757840529029,100008615510736,,Photo,PHOTO,1,0.0,0.0,0.0,0.0,0.0,,https://lookaside.fbsbx.com/ig_messaging_cdn/
1757840553954,100008615511266,,Video,PHOTO,1,0.0,0.0,0.0,0.0,0.0,,https://lookaside.fbsbx.com/ig_messaging_cdn/
1757840605000,100008615574477,,Video,STORY,1,1.0,0.0,0.0,0.0,6622.0,https://instagram.com/stories/starbucksindia/3721359186786538620,https://prod2-channel-assets.sprinklr.com/60624/FACEBOOK/100839651/media/0B225A166F4334FFF5B6C863357B371E.jpg
1757840622563,100008615512846,,Video,PHOTO,1,0.0,0.0,0.0,0.0,0.0,,https://lookaside.fbsbx.com/ig_messaging_cdn/
1757840723000,100008615574503,,Video,STORY,1,0.0,0.0,0.0,0.0,6387.0,https://instagram.com/stories/starbucksindia/3721360173882443441,https://prod2-channel-assets.sprinklr.com/60624/FACEBOOK/100839651/media/C5C8277D3709E8D5B9B4DFC328CF54D9.jpg
1757840743004,100008615514754,,Video,PHOTO,1,0.0,0.0,0.0,0.0,0.0,,https://lookaside.fbsbx.com/ig_messaging_cdn/
1757840767000,100008615574501,,Video,STORY,1,0.0,0.0,0.0,0.0,6224.0,https://instagram.com/stories/starbucksindia/3721360541597042282,https://prod2-channel-assets.sprinklr.com/60624/FACEBOOK/100839651/media/E0014DA03186A9C1550B434B1C6279E3.jpg
1757840777000,100008615574483,,Video,STORY,1,0.0,0.0,0.0,0.0,6140.0,https://instagram.com/stories/starbucksindia/3721360629769730496,https://prod2-channel-assets.sprinklr.com/60624/FACEBOOK/100839651/media/35AAD82007BEDA0EA8B8A6D961D33421.jpg
1757840792000,100008615574497,,Photo,STORY,1,0.0,0.0,0.0,0.0,6004.0,https://instagram.com/stories/starbucksindia/3721360778625574095,https://prod2-channel-assets.sprinklr.com/60624/FACEBOOK/100839651/media/26B1B91FDB8C05ED03EAFBD84ABE5302.jpg
1757840795000,100008615574505,,Video,STORY,1,0.0,0.0,0.0,0.0,5877.0,https://instagram.com/stories/starbucksindia/3721360773877658436,https://prod2-channel-assets.sprinklr.com/60624/FACEBOOK/100839651/media/47C17C3AC647D0CCD201A09F7916896B.jpg
1757840798586,100008615515666,,Video,PHOTO,1,0.0,0.0,0.0,0.0,0.0,,https://lookaside.fbsbx.com/ig_messaging_cdn/
1757840799374,100008615515706,,Photo,PHOTO,1,0.0,0.0,0.0,0.0,0.0,,https://lookaside.fbsbx.com/ig_messaging_cdn/
1757840810590,100008615515859,,Video,PHOTO,1,0.0,0.0,0.0,0.0,0.0,,https://lookaside.fbsbx.com/ig_messaging_cdn/
1757840828000,100008615574481,,Photo,STORY,1,0.0,0.0,0.0,0.0,5805.0,https://instagram.com/stories/starbucksindia/3721361083324985928,https://prod2-channel-assets.sprinklr.com/60624/FACEBOOK/100839651/media/5C8F58BB9E63EBA07971F2C12A402C5B.jpg
1757840835110,100008615516430,,Photo,PHOTO,1,0.0,0.0,0.0,0.0,0.0,,https://lookaside.fbsbx.com/ig_messaging_cdn/
1757840853000,100008615574479,,Video,STORY,1,0.0,0.0,0.0,0.0,5694.0,https://instagram.com/stories/starbucksindia/3721361260131694135,https://prod2-channel-assets.sprinklr.com/60624/FACEBOOK/100839651/media/317F33EF80F70BA3B50C90455F80F504.jpg
1757840862000,100008615574499,,Video,STORY,1,0.0,0.0,0.0,0.0,5682.0,https://instagram.com/stories/starbucksindia/3721361335914355320,https://prod2-channel-assets.sprinklr.com/60624/FACEBOOK/100839651/media/9A52E56D522FDB9AF30BC00E06608797.jpg
1757840868902,100008615517052,,Video,PHOTO,1,0.0,0.0,0.0,0.0,0.0,,https://lookaside.fbsbx.com/ig_messaging_cdn/
1757840876536,100008615517114,,Video,PHOTO,1,0.0,0.0,0.0,0.0,0.0,,https://lookaside.fbsbx.com/ig_messaging_cdn/
1757840891000,100008615574495,,Photo,STORY,1,1.0,0.0,0.0,0.0,5639.0,https://instagram.com/stories/starbucksindia/3721361608837737500,https://prod2-channel-assets.sprinklr.com/60624/FACEBOOK/100839651/media/05D2C7EC1C59AE74BB8AB80FDA15EBA1.jpg
1757840893000,100008615574485,,Photo,STORY,1,0.0,0.0,0.0,0.0,5591.0,https://instagram.com/stories/starbucksindia/3721361623417153960,https://prod2-channel-assets.sprinklr.com/60624/FACEBOOK/100839651/media/ADBA4F046C170B9C711119F12665F441.jpg
1757840896000,100008615574487,,Photo,STORY,1,2.0,0.0,0.0,0.0,5474.0,https://instagram.com/stories/starbucksindia/3721361646267693749,https://prod2-channel-assets.sprinklr.com/60624/FACEBOOK/100839651/media/7667F8FCEEED6AE56B508D4831945412.jpg
1757840899281,100008615517548,,Photo,PHOTO,1,0.0,0.0,0.0,0.0,0.0,,https://lookaside.fbsbx.com/ig_messaging_cdn/
1757840899465,100008615517558,,Photo,PHOTO,1,0.0,0.0,0.0,0.0,0.0,,https://lookaside.fbsbx.com/ig_messaging_cdn/
1757840902349,100008615517578,,Photo,PHOTO,1,0.0,0.0,0.0,0.0,0.0,,https://lookaside.fbsbx.com/ig_messaging_cdn/
1757866849000,100008616306004,,Photo,STORY,1,6.0,0.0,0.0,0.0,15292.0,https://instagram.com/stories/starbucksindia/3721579374475079425,https://prod2-channel-assets.sprinklr.com/60624/FACEBOOK/100839651/media/D97A9A874429B88A6A6222F2B5384790.jpg
1757866857886,100008616206459,,Photo,PHOTO,1,0.0,0.0,0.0,0.0,0.0,,https://lookaside.fbsbx.com/ig_messaging_cdn/
1757866967000,100008616306010,,Photo,STORY,1,0.0,0.0,0.0,0.0,13039.0,https://instagram.com/stories/starbucksindia/3721580358316137961,https://prod2-channel-assets.sprinklr.com/60624/FACEBOOK/100839651/media/F892F83A471E3A346502F841C2CBFD93.jpg
1757866975381,100008616211608,,Photo,PHOTO,1,0.0,0.0,0.0,0.0,0.0,,https://lookaside.fbsbx.com/ig_messaging_cdn/
1757867246000,100008616306008,,Photo,STORY,1,9.0,0.0,0.0,0.0,12188.0,https://instagram.com/stories/starbucksindia/3721582686751169218,https://prod2-channel-assets.sprinklr.com/60624/FACEBOOK/100839651/media/BF3DC6B6EA92C7E1ECF293BC39C5F632.jpg
1757867249000,100008616306002,,Photo,STORY,1,13.0,0.0,0.0,0.0,11647.0,https://instagram.com/stories/starbucksindia/3721582708695767406,https://prod2-channel-assets.sprinklr.com/60624/FACEBOOK/100839651/media/2733990B0DF2361A0A7129B5D72FB248.jpg
1757867253000,100008616306006,,Photo,STORY,1,1.0,0.0,0.0,0.0,11066.0,https://instagram.com/stories/starbucksindia/3721582747518259723,https://prod2-channel-assets.sprinklr.com/60624/FACEBOOK/100839651/media/2C562859056C2B367D129709276DE293.jpg
1757867254121,100008616223565,,Photo,PHOTO,1,0.0,0.0,0.0,0.0,0.0,,https://lookaside.fbsbx.com/ig_messaging_cdn/
1757867255132,100008616223569,,Photo,PHOTO,1,0.0,0.0,0.0,0.0,0.0,,https://lookaside.fbsbx.com/ig_messaging_cdn/
1757867259844,100008616223710,,Photo,PHOTO,1,0.0,0.0,0.0,0.0,0.0,,https://lookaside.fbsbx.com/ig_messaging_cdn/
1757946544000,100008620659448,"It was a night of creativity, mixology, and craftsmanship with our Zero Proof Cocktails*: 
⭐️ Reserve Nitro Cold Brew Ale
🍸 Gin Cocobotanica 
🌴 Jamaican Starburst
☕️ Espresso Martini

Now pouring exclusively at Starbucks Reserve Mumbai.

📍 Ground Floor, Elphinstone Building, Horniman Circle, Fort, Mumbai, Maharashtra

*All listed beverages are non-alcoholic flavoured beverages.

[Starbucks Reserve, Coffee, Cocktail Culture, Cocktail Hour, Cocktail Art]",Video,VIDEO,1,1728.0,1396.0,50.0,0.0,34781.0,https://www.instagram.com/reel/DOoFD2OgaJl/,https://prod2-media-proxy.sprinklr.com/channel/data/media/60624/e6573947-6466-41ba-998e-dd0be63181bb.jpg
1757957891000,100008622996535,,Photo,STORY,1,24.0,0.0,0.0,0.0,19077.0,https://instagram.com/stories/starbucksindia/3722343085452113228,https://prod2-channel-assets.sprinklr.com/60624/FACEBOOK/100839651/media/56CE164304B6C2BF95A0F57B978AD532.jpg
1757957894000,100008622996541,,Video,STORY,1,4.0,0.0,0.0,0.0,16425.0,https://instagram.com/stories/starbucksindia/3722343073875876912,https://prod2-channel-assets.sprinklr.com/60624/FACEBOOK/100839651/media/BF8F6046CB2E1F0D37CB8F2DB3B8750C.jpg
1757957896000,100008622996538,,Photo,STORY,1,4.0,0.0,0.0,0.0,15707.0,https://instagram.com/stories/starbucksindia/3722343113906290860,https://prod2-channel-assets.sprinklr.com/60624/FACEBOOK/100839651/media/E8BF2888FFFD3488A10260DFC6AF4594.jpg
1757957900412,100008622693959,,Photo,PHOTO,1,0.0,0.0,0.0,0.0,0.0,,https://lookaside.fbsbx.com/ig_messaging_cdn/
1757957904691,100008622694694,,Photo,PHOTO,1,0.0,0.0,0.0,0.0,0.0,,https://lookaside.fbsbx.com/ig_messaging_cdn/
1757957911000,100008622996529,,Photo,STORY,1,9.0,0.0,0.0,0.0,14742.0,https://instagram.com/stories/starbucksindia/3722343244718232072,https://prod2-channel-assets.sprinklr.com/60624/FACEBOOK/100839651/media/C06719CA14E9EBFED4E5D3BD1C95D684.jpg
1757957913831,100008622697006,,Video,PHOTO,1,0.0,0.0,0.0,0.0,0.0,,https://lookaside.fbsbx.com/ig_messaging_cdn/
1757957919280,100008622698368,,Photo,PHOTO,1,0.0,0.0,0.0,0.0,0.0,,https://lookaside.fbsbx.com/ig_messaging_cdn/
1757957975000,100008622996524,,Video,STORY,1,12.0,0.0,0.0,0.0,14076.0,https://instagram.com/stories/starbucksindia/3722343753604767367,https://prod2-channel-assets.sprinklr.com/60624/FACEBOOK/100839651/media/B0C5A74A34C09F4598A7EDEB328FB6C5.jpg
1757958036663,100008622723884,,Video,PHOTO,1,0.0,0.0,0.0,0.0,0.0,,https://lookaside.fbsbx.com/ig_messaging_cdn/
1758007672000,100008625366858,"PSL incoming.....go, go, go! 🎃

Almost stocked out, grab it while you can 🧡

[Starbucks India, Pumpkin Spice Latte, PSL, PSL 2025, Starbucks PSL]",Video,VIDEO,1,1366.0,1313.0,19.0,0.0,36490.0,https://www.instagram.com/reel/DOp5uquARDc/,https://prod2-media-proxy.sprinklr.com/channel/data/media/60624/b6cee5b7-0bc7-4002-880f-d14827d09529.jpg
1758026569000,100008626234364,"Celebrate Diwali with Starbucks gifts that make every moment special. 💛

Now available at all stores. 

[Starbucks India, Diwali, Gifting, Diwali Gifting, Diwali Vibes]",Photo,CAROUSEL,7,1418.0,1066.0,13.0,0.0,33784.0,https://www.instagram.com/p/DOqdz8CkuSn/,
1758108437000,100008631741897,"Little moments of togetherness, shared laughter, and your new favourite food.

Let the indulgence begin with Aamar Pujo, Aamar Starbucks! 💚

📍Exclusive Pujo menu, now available in Kolkata from 17th September to 5th October. 

👉 Coming to Guwahati, Siliguri, Gangtok, Bhubaneswar, Jamshedpur, Patna & Ranchi from 20th September to 5th October.

[Starbucks India, Durga Puja 2025, Pujo Food, Bengali Food, Snacks]",Video,VIDEO,1,0.0,0.0,0.0,0.0,0.0,https://www.instagram.com/reel/DOs54M_gaZl/,https://prod2-media-proxy.sprinklr.com/channel/data/media/60624/72ce1fba-a5e0-46ee-ad5a-91c2312ee26f.jpg
1758109465000,100008631774333,"Little moments of togetherness, shared laughter, and your new favourite food.

Let the indulgence begin with Aamar Pujo, Aamar Starbucks! 💚

📍Exclusive Pujo menu, now available in Kolkata from 17th September to 5th October. 

👉 Coming to Guwahati, Siliguri, Gangtok, Bhubaneswar, Jamshedpur, Patna & Ranchi from 20th September to 5th October.

[Starbucks India, Durga Puja 2025, Pujo Food, Bengali Food, Snacks]",Video,VIDEO,1,703.0,561.0,16.0,0.0,21522.0,https://www.instagram.com/reel/DOs72A2AWot/,https://prod2-media-proxy.sprinklr.com/channel/data/media/60624/8d373ebf-21e8-4614-aacf-7ed350a75f42.jpg
1758193117000,100008637988811,"“Hi, my name is Dhriti. Back then, I had no idea how much coffee would change my life, not just professionally, but personally too.”

From earning her Coffee Master certification, representing her district at RBC 2022, to leading the Master Brewer Program and inspiring both customers and partners, Dhriti has grown into a leader who truly brews impact.

“At Starbucks, I’ve found more than a career, I’ve found a family. I’m proud to be a partner here.”

#ItStartsWithMyName

[Starbucks India, Starbucks Partner, Starbucks Barista Life, Barista, Barista Lifestyle]",Video,VIDEO,1,1494.0,1327.0,53.0,0.0,29187.0,https://www.instagram.com/reel/DOvbGL8AVG1/,https://prod2-media-proxy.sprinklr.com/channel/data/media/60624/dea8abca-b7f4-42c6-90b0-37f63b9e2306.jpg
1758194094000,100008638016315,,Video,STORY,1,2.0,0.0,0.0,0.0,10717.0,https://instagram.com/stories/starbucksindia/3724324460678642586,https://prod2-channel-assets.sprinklr.com/60624/FACEBOOK/100839651/media/263705411863C8732704AFC87D9C5100.jpg
1758194110332,100008638012051,,Video,PHOTO,1,0.0,0.0,0.0,0.0,0.0,,https://lookaside.fbsbx.com/ig_messaging_cdn/
1758194170000,100008638106394,,Photo,STORY,1,2.0,0.0,0.0,0.0,9399.0,https://instagram.com/stories/starbucksindia/3724325134342591111,https://prod2-channel-assets.sprinklr.com/60624/FACEBOOK/100839651/media/CF34DD0857B15439801F3E19B3BB0BDE.jpg
1758194177335,100008638013943,,Photo,PHOTO,1,0.0,0.0,0.0,0.0,0.0,,https://lookaside.fbsbx.com/ig_messaging_cdn/
1758194227000,100008638106390,,Photo,STORY,1,7.0,0.0,0.0,0.0,8713.0,https://instagram.com/stories/starbucksindia/3724325609339152815,https://prod2-channel-assets.sprinklr.com/60624/FACEBOOK/100839651/media/8CD4E54F39823BB8BF575241DDD6FC09.jpg
1758194234487,100008638015783,,Photo,PHOTO,1,0.0,0.0,0.0,0.0,0.0,,https://lookaside.fbsbx.com/ig_messaging_cdn/
1758194244000,100008638106410,,Video,STORY,1,1.0,0.0,0.0,0.0,8319.0,https://instagram.com/stories/starbucksindia/3724325726544772783,https://prod2-channel-assets.sprinklr.com/60624/FACEBOOK/100839651/media/A7B0F6999683B1937D0D88FDAF464F73.jpg
1758194262253,100008638016588,,Video,PHOTO,1,0.0,0.0,0.0,0.0,0.0,,https://lookaside.fbsbx.com/ig_messaging_cdn/
1758194269000,100008638106386,,Video,STORY,1,0.0,0.0,0.0,0.0,8027.0,https://instagram.com/stories/starbucksindia/3724325935219786438,https://prod2-channel-assets.sprinklr.com/60624/FACEBOOK/100839651/media/B372030DA2D18C1EFCA9C217D44F777E.jpg
1758194287563,100008638017502,,Video,PHOTO,1,0.0,0.0,0.0,0.0,0.0,,https://lookaside.fbsbx.com/ig_messaging_cdn/
1758194322000,100008638106384,,Video,STORY,1,0.0,0.0,0.0,0.0,7760.0,https://instagram.com/stories/starbucksindia/3724326374480864884,https://prod2-channel-assets.sprinklr.com/60624/FACEBOOK/100839651/media/681A89D9DAF8C5229380F51B8F49B728.jpg
1758194337795,100008638019104,,Video,PHOTO,1,0.0,0.0,0.0,0.0,0.0,,https://lookaside.fbsbx.com/ig_messaging_cdn/
1758194435000,100008638106380,,Photo,STORY,1,1.0,0.0,0.0,0.0,7645.0,https://instagram.com/stories/starbucksindia/3724327357550186030,https://prod2-channel-assets.sprinklr.com/60624/FACEBOOK/100839651/media/939AB7498BAF73ACAA141E3C16199ED1.jpg
1758194442868,100008638022508,,Photo,PHOTO,1,0.0,0.0,0.0,0.0,0.0,,https://lookaside.fbsbx.com/ig_messaging_cdn/
1758194475000,100008638106406,,Video,STORY,1,2.0,0.0,0.0,0.0,7380.0,https://instagram.com/stories/starbucksindia/3724327663835076157,https://prod2-channel-assets.sprinklr.com/60624/FACEBOOK/100839651/media/43E91A3DD0FD06C92EC6085D51A7B841.jpg
1758194499000,100008638106392,,Photo,STORY,1,0.0,0.0,0.0,0.0,7194.0,https://instagram.com/stories/starbucksindia/3724327878818270340,https://prod2-channel-assets.sprinklr.com/60624/FACEBOOK/100839651/media/5645E3A090296A1B47B69B7F5D281464.jpg
1758194506197,100008638024695,,Photo,PHOTO,1,0.0,0.0,0.0,0.0,0.0,,https://lookaside.fbsbx.com/ig_messaging_cdn/
1758194518707,100008638025005,,Video,PHOTO,1,0.0,0.0,0.0,0.0,0.0,,https://lookaside.fbsbx.com/ig_messaging_cdn/
1758194553000,100008638106378,,Photo,STORY,1,0.0,0.0,0.0,0.0,6952.0,https://instagram.com/stories/starbucksindia/3724328336970528978,https://prod2-channel-assets.sprinklr.com/60624/FACEBOOK/100839651/media/B6EB863FB94FC51931B6ECCB31EEDBDC.jpg
1758194559273,100008638026210,,Photo,PHOTO,1,0.0,0.0,0.0,0.0,0.0,,https://lookaside.fbsbx.com/ig_messaging_cdn/
1758194570000,100008638106398,,Video,STORY,1,1.0,0.0,0.0,0.0,6779.0,https://instagram.com/stories/starbucksindia/3724328461054810671,https://prod2-channel-assets.sprinklr.com/60624/FACEBOOK/100839651/media/4A70A0953B4334BF162F24720580A8AC.jpg
1758194590451,100008638027329,,Video,PHOTO,1,0.0,0.0,0.0,0.0,0.0,,https://lookaside.fbsbx.com/ig_messaging_cdn/
1758194651000,100008638106388,,Video,STORY,1,0.0,0.0,0.0,0.0,6661.0,https://instagram.com/stories/starbucksindia/3724329132982337431,https://prod2-channel-assets.sprinklr.com/60624/FACEBOOK/100839651/media/057A86A9E33EE451F8D45F623D6A4679.jpg
1758194668742,100008638029833,,Video,PHOTO,1,0.0,0.0,0.0,0.0,0.0,,https://lookaside.fbsbx.com/ig_messaging_cdn/
1758194669000,100008638106396,,Video,STORY,1,0.0,0.0,0.0,0.0,6551.0,https://instagram.com/stories/starbucksindia/3724329289371125938,https://prod2-channel-assets.sprinklr.com/60624/FACEBOOK/100839651/media/2DC261CCCA43BFB99EA016A8D8C88837.jpg
1758194689515,100008638030551,,Video,PHOTO,1,0.0,0.0,0.0,0.0,0.0,,https://lookaside.fbsbx.com/ig_messaging_cdn/
1758194693000,100008638106412,,Photo,STORY,1,0.0,0.0,0.0,0.0,6566.0,https://instagram.com/stories/starbucksindia/3724329514689104064,https://prod2-channel-assets.sprinklr.com/60624/FACEBOOK/100839651/media/4C23F8D13045D70ACFD6277CECFAA7A9.jpg
1758194699769,100008638030862,,Photo,PHOTO,1,0.0,0.0,0.0,0.0,0.0,,https://lookaside.fbsbx.com/ig_messaging_cdn/
1758194729000,100008638106408,,Video,STORY,1,0.0,0.0,0.0,0.0,6335.0,https://instagram.com/stories/starbucksindia/3724329789407687989,https://prod2-channel-assets.sprinklr.com/60624/FACEBOOK/100839651/media/2D1FF481CAA44D47084A8FD03B999449.jpg
1758194745646,100008638032243,,Video,PHOTO,1,0.0,0.0,0.0,0.0,0.0,,https://lookaside.fbsbx.com/ig_messaging_cdn/
1758194761000,100008638106382,,Video,STORY,1,2.0,0.0,0.0,0.0,6292.0,https://instagram.com/stories/starbucksindia/3724330055502679820,https://prod2-channel-assets.sprinklr.com/60624/FACEBOOK/100839651/media/2207988ADCA44F244CD621B8993D951D.jpg
1758194777602,100008638033291,,Video,PHOTO,1,0.0,0.0,0.0,0.0,0.0,,https://lookaside.fbsbx.com/ig_messaging_cdn/
1758194797000,100008638106403,,Photo,STORY,1,2.0,0.0,0.0,0.0,6215.0,https://instagram.com/stories/starbucksindia/3724330387767038320,https://prod2-channel-assets.sprinklr.com/60624/FACEBOOK/100839651/media/B67F8078F83F044D63E90D7B6120CB08.jpg
1758194804064,100008638034210,,Photo,PHOTO,1,0.0,0.0,0.0,0.0,0.0,,https://lookaside.fbsbx.com/ig_messaging_cdn/
1758205776000,100008638569806,,Video,STORY,1,0.0,0.0,0.0,0.0,7568.0,https://instagram.com/stories/starbucksindia/3724422458628666970,https://prod2-channel-assets.sprinklr.com/60624/FACEBOOK/100839651/media/C9544C6BAFD137D7E91A06B889D74556.jpg
1758205793000,100008638569802,,Photo,STORY,1,0.0,0.0,0.0,0.0,7141.0,https://instagram.com/stories/starbucksindia/3724422620805595307,https://prod2-channel-assets.sprinklr.com/60624/FACEBOOK/100839651/media/608F32BFE53F51100F261094BC81FB4B.jpg
1758205796738,100008638479058,,Video,PHOTO,1,0.0,0.0,0.0,0.0,0.0,,https://lookaside.fbsbx.com/ig_messaging_cdn/
1758205798924,100008638479089,,Photo,PHOTO,1,0.0,0.0,0.0,0.0,0.0,,https://lookaside.fbsbx.com/ig_messaging_cdn/
1758205859000,100008638569804,,Video,STORY,1,0.0,0.0,0.0,0.0,6865.0,https://instagram.com/stories/starbucksindia/3724423156586027351,https://prod2-channel-assets.sprinklr.com/60624/FACEBOOK/100839651/media/AF9C0DB9D73737613399000FB7A233F2.jpg
1758205876259,100008638483119,,Video,PHOTO,1,0.0,0.0,0.0,0.0,0.0,,https://lookaside.fbsbx.com/ig_messaging_cdn/
1758205887000,100008638569797,,Video,STORY,1,0.0,0.0,0.0,0.0,6603.0,https://instagram.com/stories/starbucksindia/3724423390351372505,https://prod2-channel-assets.sprinklr.com/60624/FACEBOOK/100839651/media/E23008CBA433446393E921E6AEBD4703.jpg
1758205905407,100008638484296,,Video,PHOTO,1,0.0,0.0,0.0,0.0,0.0,,https://lookaside.fbsbx.com/ig_messaging_cdn/
1758269887000,100008643657854,,Video,STORY,1,0.0,0.0,0.0,0.0,15694.0,https://instagram.com/stories/starbucksindia/3724960260701298836,https://prod2-channel-assets.sprinklr.com/60624/FACEBOOK/100839651/media/0193C34A87667B50FDC1937DA6308A28.jpg
1758269906909,100008643650367,,Video,PHOTO,1,0.0,0.0,0.0,0.0,0.0,,https://lookaside.fbsbx.com/ig_messaging_cdn/
1758277800000,100008643847734,"Rewards members, your cravings called… they want these. 😉

Try our Chocolate Foam Cold Brew and Jaggery Cloud Latte, served just for you!

[Starbucks India, Coffee, Starbucks Rewards Members, Coffee Lovers]",Video,VIDEO,1,477.0,458.0,15.0,0.0,17101.0,https://www.instagram.com/reel/DOx9F4ajNAp/,https://prod2-media-proxy.sprinklr.com/channel/data/media/60624/690669ec-d478-4b88-a473-e0677818de14.jpg
1758277807000,100008643893810,,Video,STORY,1,0.0,0.0,0.0,0.0,15546.0,https://instagram.com/stories/starbucksindia/3725026702352245794,https://prod2-channel-assets.sprinklr.com/60624/FACEBOOK/100839651/media/55890BD622C98A10EE126E06504AF1BB.jpg
1758277827505,100008643844776,,Video,PHOTO,1,0.0,0.0,0.0,0.0,0.0,,https://lookaside.fbsbx.com/ig_messaging_cdn/
1758339009000,100008650262208,,Photo,STORY,1,0.0,0.0,0.0,0.0,14360.0,https://instagram.com/stories/starbucksindia/3725540095580491888,https://prod2-channel-assets.sprinklr.com/60624/FACEBOOK/100839651/media/95FE86D8F7985BE231F23E65909EC16F.jpg
1758346239000,100008650344861,"What began as passion for coffee has grown into a journey of mastery. 

Sneha Pansare, our Operations Service Manager and Coffee Master, has spent years honing her craft, learning every nuance of the perfect brew. 
Today, competing with 700 brewers from 10 cities, her dedication and skill carried her to 2nd place at the India AeroPress Championship 2025.

From her first cup of coffee to standing on the national stage, Sneha’s story continues to be one of precision, persistence, and pride. 

[Starbucks India, Starbucks Partner, Starbucks Barista Life, Coffee Craft, AeroPress Championship 2025]",Video,CAROUSEL,5,734.0,682.0,50.0,0.0,18033.0,https://www.instagram.com/p/DOz_iKWFAIn/,
1758359013000,100008650656787,,Video,STORY,1,0.0,0.0,0.0,0.0,9137.0,https://instagram.com/stories/starbucksindia/3725707904901980033,https://prod2-channel-assets.sprinklr.com/60624/FACEBOOK/100839651/media/DDD7857E5B848A4ADDD1FCA3243C9F58.jpg
1758359031369,100008650577738,,Video,PHOTO,1,0.0,0.0,0.0,0.0,0.0,,https://lookaside.fbsbx.com/ig_messaging_cdn/
1758359042000,100008650656789,,Photo,STORY,1,0.0,0.0,0.0,0.0,8159.0,https://instagram.com/stories/starbucksindia/3725708161056554276,https://prod2-channel-assets.sprinklr.com/60624/FACEBOOK/100839651/media/E8A2D3032389D8F944E0C0943EADCDC3.jpg
1758359047422,100008650578082,,Photo,PHOTO,1,0.0,0.0,0.0,0.0,0.0,,https://lookaside.fbsbx.com/ig_messaging_cdn/
1758359058000,100008650656774,,Video,STORY,1,0.0,0.0,0.0,0.0,7675.0,https://instagram.com/stories/starbucksindia/3725708277565918621,https://prod2-channel-assets.sprinklr.com/60624/FACEBOOK/100839651/media/3D08C197DCC5091E4BE878B741D4F752.jpg
1758359074942,100008650578711,,Video,PHOTO,1,0.0,0.0,0.0,0.0,0.0,,https://lookaside.fbsbx.com/ig_messaging_cdn/
1758359138000,100008650656785,,Photo,STORY,1,0.0,0.0,0.0,0.0,7194.0,https://instagram.com/stories/starbucksindia/3725708978929032176,https://prod2-channel-assets.sprinklr.com/60624/FACEBOOK/100839651/media/7714C6E3B2C43D1ACDAA2B31B9C0AD82.jpg
1758359145791,100008650580320,,Photo,PHOTO,1,0.0,0.0,0.0,0.0,0.0,,https://lookaside.fbsbx.com/ig_messaging_cdn/
1758359211000,100008650656777,,Video,STORY,1,0.0,0.0,0.0,0.0,7024.0,https://instagram.com/stories/starbucksindia/3725709568178409691,https://prod2-channel-assets.sprinklr.com/60624/FACEBOOK/100839651/media/03AA536F1C196CC71D3B6EF64B6EA31D.jpg
1758359224467,100008650582182,,Video,PHOTO,1,0.0,0.0,0.0,0.0,0.0,,https://lookaside.fbsbx.com/ig_messaging_cdn/
1758359257000,100008650656793,,Video,STORY,1,0.0,0.0,0.0,0.0,6812.0,https://instagram.com/stories/starbucksindia/3725709950631849653,https://prod2-channel-assets.sprinklr.com/60624/FACEBOOK/100839651/media/72A0B421D97A356C17892A38110CA81B.jpg
1758359273000,100008650656779,,Photo,STORY,1,0.0,0.0,0.0,0.0,6746.0,https://instagram.com/stories/starbucksindia/3725710103656841238,https://prod2-channel-assets.sprinklr.com/60624/FACEBOOK/100839651/media/9BDB9425763308E834342F6EA3FF799A.jpg
1758359273547,100008650583327,,Video,PHOTO,1,0.0,0.0,0.0,0.0,0.0,,https://lookaside.fbsbx.com/ig_messaging_cdn/
1758359279156,100008650583440,,Photo,PHOTO,1,0.0,0.0,0.0,0.0,0.0,,https://lookaside.fbsbx.com/ig_messaging_cdn/
1758359299000,100008650656791,,Video,STORY,1,0.0,0.0,0.0,0.0,6477.0,https://instagram.com/stories/starbucksindia/3725710302651369452,https://prod2-channel-assets.sprinklr.com/60624/FACEBOOK/100839651/media/34D55470003CBE19F4A93EE921707580.jpg
1758359319122,100008650584281,,Video,PHOTO,1,0.0,0.0,0.0,0.0,0.0,,https://lookaside.fbsbx.com/ig_messaging_cdn/
1758359375000,100008650656781,,Video,STORY,1,0.0,0.0,0.0,0.0,6338.0,https://instagram.com/stories/starbucksindia/3725710939665479885,https://prod2-channel-assets.sprinklr.com/60624/FACEBOOK/100839651/media/ED85911D88936ABCC033B79B74364C15.jpg
1758359388940,100008650585671,,Video,PHOTO,1,0.0,0.0,0.0,0.0,0.0,,https://lookaside.fbsbx.com/ig_messaging_cdn/
1758359416000,100008650656783,,Photo,STORY,1,0.0,0.0,0.0,0.0,6225.0,https://instagram.com/stories/starbucksindia/3725711304947454198,https://prod2-channel-assets.sprinklr.com/60624/FACEBOOK/100839651/media/A82AADABA0902360883A63FBC2ACD555.jpg
1758359421476,100008650586241,,Photo,PHOTO,1,0.0,0.0,0.0,0.0,0.0,,https://lookaside.fbsbx.com/ig_messaging_cdn/
1758367895000,100008650840658,,Video,STORY,1,0.0,0.0,0.0,0.0,7354.0,https://instagram.com/stories/starbucksindia/3725782410697932741,https://prod2-channel-assets.sprinklr.com/60624/FACEBOOK/100839651/media/71F8BC9B03EC3CCC400DB52B97DADB00.jpg
1758367910443,100008650790572,,Video,PHOTO,1,0.0,0.0,0.0,0.0,0.0,,https://lookaside.fbsbx.com/ig_messaging_cdn/
1758371059000,100008650954645,,Photo,STORY,1,0.0,0.0,0.0,0.0,7339.0,https://instagram.com/stories/starbucksindia/3725808981588605059,https://prod2-channel-assets.sprinklr.com/60624/FACEBOOK/100839651/media/47D12F16700A83C8FA7CEEABA255054D.jpg
1758371066165,100008650885309,,Photo,PHOTO,1,0.0,0.0,0.0,0.0,0.0,,https://lookaside.fbsbx.com/ig_messaging_cdn/
1758373348000,100008651078377,,Video,STORY,1,0.0,0.0,0.0,0.0,6680.0,https://instagram.com/stories/starbucksindia/3725828153668325808,https://prod2-channel-assets.sprinklr.com/60624/FACEBOOK/100839651/media/F9FC7638FE3B84C63B05949A0D9C9076.jpg
1758373366287,100008650957946,,Video,PHOTO,1,0.0,0.0,0.0,0.0,0.0,,https://lookaside.fbsbx.com/ig_messaging_cdn/
1758373381000,100008651078379,,Photo,STORY,1,0.0,0.0,0.0,0.0,6744.0,https://instagram.com/stories/starbucksindia/3725828450381754572,https://prod2-channel-assets.sprinklr.com/60624/FACEBOOK/100839651/media/2B6D80D1CACD824E342956ECECF87191.jpg
1758373386863,100008650958561,,Photo,PHOTO,1,0.0,0.0,0.0,0.0,0.0,,https://lookaside.fbsbx.com/ig_messaging_cdn/
1758373416000,100008651078381,,Video,STORY,1,0.0,0.0,0.0,0.0,6461.0,https://instagram.com/stories/starbucksindia/3725828722206235437,https://prod2-channel-assets.sprinklr.com/60624/FACEBOOK/100839651/media/C69230F7C3D1DADBDD61088D5269F9C1.jpg
1758373432706,100008650959845,,Video,PHOTO,1,0.0,0.0,0.0,0.0,0.0,,https://lookaside.fbsbx.com/ig_messaging_cdn/
1758395048000,100008654582798,,Photo,STORY,1,0.0,0.0,0.0,0.0,10420.0,https://instagram.com/stories/starbucksindia/3726010210100977885,https://prod2-channel-assets.sprinklr.com/60624/FACEBOOK/100839651/media/F5060B8A43DAD40B95A050DAE22566A8.jpg
1758395054508,100008654100179,,Photo,PHOTO,1,0.0,0.0,0.0,0.0,0.0,,https://lookaside.fbsbx.com/ig_messaging_cdn/
1758432600000,100008655791346,"Inspired by the warmth of marigolds and the golden touch of saffron, experience our festive favourites at Humari Special Jagah! 💛

[Starbucks India, Coffee, Diwali, Diwali Specials, Festive Mood]",Video,VIDEO,1,807.0,712.0,19.0,0.0,25587.0,https://www.instagram.com/reel/DO2kTmIDMBw/,https://prod2-media-proxy.sprinklr.com/channel/data/media/60624/209f63da-2cd4-4e4d-94b4-9ef2a5f040c1.jpg
1758441614000,100008655947276,,Video,STORY,1,0.0,0.0,0.0,0.0,10714.0,https://instagram.com/stories/starbucksindia/3726400809434092368,https://prod2-channel-assets.sprinklr.com/60624/FACEBOOK/100839651/media/1C156C8454D72CB21234FDDC9DE1297A.jpg
1758461389000,100008656487487,,Video,STORY,1,0.0,0.0,0.0,0.0,9823.0,https://instagram.com/stories/starbucksindia/3726566693737915300,https://prod2-channel-assets.sprinklr.com/60624/FACEBOOK/100839651/media/D11C26F53BAB20C3C3898F418CD8C7CC.jpg
1758461408963,100008656429975,,Video,PHOTO,1,0.0,0.0,0.0,0.0,0.0,,https://lookaside.fbsbx.com/ig_messaging_cdn/
1758461418286,100008656430256,,Photo,PHOTO,1,0.0,0.0,0.0,0.0,0.0,,https://lookaside.fbsbx.com/ig_messaging_cdn/
1758461435000,100008656487481,,Photo,STORY,1,0.0,0.0,0.0,0.0,9110.0,https://instagram.com/stories/starbucksindia/3726567107623427513,https://prod2-channel-assets.sprinklr.com/60624/FACEBOOK/100839651/media/064EB5FF082F30F0730B64D449563B04.jpg
1758461441476,100008656430944,,Photo,PHOTO,1,0.0,0.0,0.0,0.0,0.0,,https://lookaside.fbsbx.com/ig_messaging_cdn/
1758461496000,100008656487483,,Video,STORY,1,0.0,0.0,0.0,0.0,8723.0,https://instagram.com/stories/starbucksindia/3726567594800222482,https://prod2-channel-assets.sprinklr.com/60624/FACEBOOK/100839651/media/8D9144668C61708C3767FF08E093D251.jpg
1758461513356,100008656433055,,Video,PHOTO,1,0.0,0.0,0.0,0.0,0.0,,https://lookaside.fbsbx.com/ig_messaging_cdn/
1758461574000,100008656487485,,Photo,STORY,1,0.0,0.0,0.0,0.0,8620.0,https://instagram.com/stories/starbucksindia/3726568273354709574,https://prod2-channel-assets.sprinklr.com/60624/FACEBOOK/100839651/media/A886091843D268FA012447730FC15CA8.jpg
1758461581307,100008656435003,,Photo,PHOTO,1,0.0,0.0,0.0,0.0,0.0,,https://lookaside.fbsbx.com/ig_messaging_cdn/
1758461658000,100008656487472,,Video,STORY,1,1.0,0.0,0.0,0.0,8263.0,https://instagram.com/stories/starbucksindia/3726568950457973426,https://prod2-channel-assets.sprinklr.com/60624/FACEBOOK/100839651/media/529DD69EC282B9AAB9A6F8E07E0E1D31.jpg
1758461677009,100008656438030,,Video,PHOTO,1,0.0,0.0,0.0,0.0,0.0,,https://lookaside.fbsbx.com/ig_messaging_cdn/
1758480236000,100008659697422,,Photo,STORY,1,0.0,0.0,0.0,0.0,9256.0,https://instagram.com/stories/starbucksindia/3726724815584558848,https://prod2-channel-assets.sprinklr.com/60624/FACEBOOK/100839651/media/B1D2E2917398E97B3D3BCDC4347ADDD7.jpg
1758480242565,100008659658190,,Photo,PHOTO,1,0.0,0.0,0.0,0.0,0.0,,https://lookaside.fbsbx.com/ig_messaging_cdn/
1758480286000,100008659697424,,Photo,STORY,1,1.0,0.0,0.0,0.0,8183.0,https://instagram.com/stories/starbucksindia/3726725237791564505,https://prod2-channel-assets.sprinklr.com/60624/FACEBOOK/100839651/media/68E3D1F71A5C3B807C494C8DD6234011.jpg
1758480292319,100008659660023,,Photo,PHOTO,1,0.0,0.0,0.0,0.0,0.0,,https://lookaside.fbsbx.com/ig_messaging_cdn/
1758480346000,100008659697418,,Photo,STORY,1,0.0,0.0,0.0,0.0,7960.0,https://instagram.com/stories/starbucksindia/3726725743884682001,https://prod2-channel-assets.sprinklr.com/60624/FACEBOOK/100839651/media/A6C6766E37B02BAB4214405557F9B2C7.jpg
1758480353231,100008659662050,,Photo,PHOTO,1,0.0,0.0,0.0,0.0,0.0,,https://lookaside.fbsbx.com/ig_messaging_cdn/
1758480408000,100008659697428,,Video,STORY,1,1.0,0.0,0.0,0.0,7660.0,https://instagram.com/stories/starbucksindia/3726726243082368260,https://prod2-channel-assets.sprinklr.com/60624/FACEBOOK/100839651/media/00365E7B387742CEA090D1D4863973E4.jpg
1758480425670,100008659664868,,Video,PHOTO,1,0.0,0.0,0.0,0.0,0.0,,https://lookaside.fbsbx.com/ig_messaging_cdn/
1758511821000,100008660699341,"Your mood changes, and so can your Blonde choice. Which one’s calling today? 💛

[Starbucks India, Blonde Roast, Coffee Roast, Roast Profile, Coffee Lovers]",Photo,CAROUSEL,3,469.0,460.0,3.0,0.0,17611.0,https://www.instagram.com/p/DO47Wx5DWt1/,
1758512689000,100008660727828,,Video,STORY,1,0.0,0.0,0.0,0.0,8383.0,https://instagram.com/stories/starbucksindia/3726997035351305617,https://prod2-channel-assets.sprinklr.com/60624/FACEBOOK/100839651/media/0FDBADC5152E9FD4CA20DB8C1F3CC687.jpg
1758512702421,100008660712117,,Video,PHOTO,1,0.0,0.0,0.0,0.0,0.0,,https://lookaside.fbsbx.com/ig_messaging_cdn/
1758533744000,100008661224150,,Video,STORY,1,2.0,0.0,0.0,0.0,9342.0,https://instagram.com/stories/starbucksindia/3727173655404006480,https://prod2-channel-assets.sprinklr.com/60624/FACEBOOK/100839651/media/800245E154FD28AEC7A926687FFA5FDC.jpg
1758533761355,100008661177979,,Video,PHOTO,1,0.0,0.0,0.0,0.0,0.0,,https://lookaside.fbsbx.com/ig_messaging_cdn/
1758533799000,100008661224157,,Photo,STORY,1,1.0,0.0,0.0,0.0,8705.0,https://instagram.com/stories/starbucksindia/3727174138755601998,https://prod2-channel-assets.sprinklr.com/60624/FACEBOOK/100839651/media/4B702410FA02B3D7CEBA941F8B5BEAC2.jpg
1758533848000,100008661224154,,Photo,STORY,1,0.0,0.0,0.0,0.0,8772.0,https://instagram.com/stories/starbucksindia/3727174550619480465,https://prod2-channel-assets.sprinklr.com/60624/FACEBOOK/100839651/media/6CA740DCAB6233C2315E13D137A0FD79.jpg
1758533855926,100008661180622,,Photo,PHOTO,1,0.0,0.0,0.0,0.0,0.0,,https://lookaside.fbsbx.com/ig_messaging_cdn/
1758557654000,100008663901468,,Photo,STORY,1,0.0,0.0,0.0,0.0,9736.0,https://instagram.com/stories/starbucksindia/3727374260910517554,https://prod2-channel-assets.sprinklr.com/60624/FACEBOOK/100839651/media/B1F5DAEB1FF3740981B4F7CB92BE061E.jpg
1758557663744,100008662890826,,Photo,PHOTO,1,0.0,0.0,0.0,0.0,0.0,,https://lookaside.fbsbx.com/ig_messaging_cdn/
1758557760000,100008663901472,,Photo,STORY,1,1.0,0.0,0.0,0.0,8841.0,https://instagram.com/stories/starbucksindia/3727375138073674880,https://prod2-channel-assets.sprinklr.com/60624/FACEBOOK/100839651/media/9F714E167C236CA964FFDAC26B8B30EC.jpg
1758607437000,100008666788964,,Photo,STORY,1,2.0,0.0,0.0,0.0,9396.0,https://instagram.com/stories/starbucksindia/3727791881536164025,https://prod2-channel-assets.sprinklr.com/60624/FACEBOOK/100839651/media/E2F0517078338AE15B5F9090C35B0653.jpg
1758607446351,100008666726009,,Photo,PHOTO,1,0.0,0.0,0.0,0.0,0.0,,https://lookaside.fbsbx.com/ig_messaging_cdn/
1758607950000,100008666788962,,Video,STORY,1,8.0,0.0,0.0,0.0,8513.0,https://instagram.com/stories/starbucksindia/3727796162317585719,https://prod2-channel-assets.sprinklr.com/60624/FACEBOOK/100839651/media/FB8B4DF9AD5A3E8DB5322981C9EBB2F4.jpg
1758607971000,100008666788960,,Video,STORY,1,2.0,0.0,0.0,0.0,8130.0,https://instagram.com/stories/starbucksindia/3727796326264595330,https://prod2-channel-assets.sprinklr.com/60624/FACEBOOK/100839651/media/9E4348E0493B2C3F3EEA9178BB3A63D8.jpg
1758607982000,100008666788958,,Video,STORY,1,1.0,0.0,0.0,0.0,7900.0,https://instagram.com/stories/starbucksindia/3727796426835580805,https://prod2-channel-assets.sprinklr.com/60624/FACEBOOK/100839651/media/986C2D8085FFC520252709C1C377EA8D.jpg
1758607992000,100008666766791,,Video,STORY,1,2.0,0.0,0.0,0.0,7629.0,https://instagram.com/stories/starbucksindia/3727796538085301130,https://prod2-channel-assets.sprinklr.com/60624/FACEBOOK/100839651/media/1B8265A66F533B97EC4591F3C7BCC89B.jpg
1758636454000,100008667735916,,Video,STORY,1,3.0,0.0,0.0,0.0,12586.0,https://instagram.com/stories/starbucksindia/3728035248542398905,https://prod2-channel-assets.sprinklr.com/60624/FACEBOOK/100839651/media/930555A21395D910E0D6537FFBAF1FCC.jpg
1758636477117,100008667585344,,Video,PHOTO,1,0.0,0.0,0.0,0.0,0.0,,https://lookaside.fbsbx.com/ig_messaging_cdn/
1758636544000,100008667735913,,Video,STORY,1,2.0,0.0,0.0,0.0,11011.0,https://instagram.com/stories/starbucksindia/3728036005622656116,https://prod2-channel-assets.sprinklr.com/60624/FACEBOOK/100839651/media/C536A7B8AC2C74AE72A55773746D4949.jpg
1758636562300,100008667588942,,Video,PHOTO,1,0.0,0.0,0.0,0.0,0.0,,https://lookaside.fbsbx.com/ig_messaging_cdn/
1758644522000,100008669547780,,Photo,STORY,1,6.0,0.0,0.0,0.0,12375.0,https://instagram.com/stories/starbucksindia/3728102966629824229,https://prod2-channel-assets.sprinklr.com/60624/FACEBOOK/100839651/media/7F01AAD82EE8153C9B15EFFB55C996A3.jpg
1758644530312,100008668953619,,Photo,PHOTO,1,0.0,0.0,0.0,0.0,0.0,,https://lookaside.fbsbx.com/ig_messaging_cdn/
1758644575000,100008669547786,,Photo,STORY,1,2.0,0.0,0.0,0.0,11441.0,https://instagram.com/stories/starbucksindia/3728103397175126705,https://prod2-channel-assets.sprinklr.com/60624/FACEBOOK/100839651/media/52751397CE7F0CFB22C1DBA0ED157A44.jpg
1758644581926,100008668971469,,Photo,PHOTO,1,0.0,0.0,0.0,0.0,0.0,,https://lookaside.fbsbx.com/ig_messaging_cdn/
1758644619000,100008669547784,,Video,STORY,1,0.0,0.0,0.0,0.0,11112.0,https://instagram.com/stories/starbucksindia/3728103742257234667,https://prod2-channel-assets.sprinklr.com/60624/FACEBOOK/100839651/media/C4A1B6DA7A89F358D9128B9860A4F46E.jpg
1758644636688,100008668989621,,Video,PHOTO,1,0.0,0.0,0.0,0.0,0.0,,https://lookaside.fbsbx.com/ig_messaging_cdn/
1758644688000,100008669547782,,Video,STORY,1,2.0,0.0,0.0,0.0,10293.0,https://instagram.com/stories/starbucksindia/3728104323763951285,https://prod2-channel-assets.sprinklr.com/60624/FACEBOOK/100839651/media/DAB9FD5C5FB750ED025BA60F0C58F0AE.jpg
1758644705813,100008669014136,,Video,PHOTO,1,0.0,0.0,0.0,0.0,0.0,,https://lookaside.fbsbx.com/ig_messaging_cdn/
1758714374000,100008673004822,"The spirit of Pujo, warmth of Starbucks, and the magic of food 💛

We celebrated together at Starbucks Kolkata with the specially curated Durga Pujo-exclusive menu and were delighted to be joined by @chefshaunkenworthy who graced the occasion with his presence. 

Come savour the festive flavours with us! ✨
 
📍Limited-time Pujo menu, available in Kolkata, Bhubaneswar, Guwahati, Patna, Ranchi, Siliguri & Jamshedpur till 5th October.
 
[Starbucks India, Durga Puja 2025, Pujo Food, Bengali Food, Pujo Celebration]",Video,VIDEO,1,832.0,747.0,9.0,0.0,20453.0,https://www.instagram.com/reel/DO-9YgxgSH1/,https://prod2-media-proxy.sprinklr.com/channel/data/media/60624/8987e185-e373-4b9c-a28e-629e12465f90.jpg
1758796260000,100008680204316,"Master your coffee ritual at home. 

Vibhor shares the art of pairing Starbucks roasts with the method that brings out their best, tune in! ☕

[Starbucks India, Starbucks Roast, Coffee Roast, Brewing Coffee, Coffee Reel]",Video,VIDEO,1,744.0,711.0,8.0,0.0,19655.0,https://www.instagram.com/reel/DPBZw4QgVPi/,https://prod2-media-proxy.sprinklr.com/channel/data/media/60624/6bc2f2d5-c746-40a3-8c4c-ba6a71886f04.jpg
1758797670000,100008680256616,,Video,STORY,1,4.0,0.0,0.0,0.0,29488.0,https://instagram.com/stories/starbucksindia/3729387629112806155,https://prod2-channel-assets.sprinklr.com/60624/FACEBOOK/100839651/media/0D31598A728235FA1C86AE329E365F71.jpg
1758797687527,100008680245107,,Video,PHOTO,1,0.0,0.0,0.0,0.0,0.0,,https://lookaside.fbsbx.com/ig_messaging_cdn/
1758797804000,100008680256614,,Photo,STORY,1,2.0,0.0,0.0,0.0,26057.0,https://instagram.com/stories/starbucksindia/3729388776338829966,https://prod2-channel-assets.sprinklr.com/60624/FACEBOOK/100839651/media/CD7674359FFD4F72C051EB0AA63550BC.jpg
1758797811419,100008680248819,,Photo,PHOTO,1,0.0,0.0,0.0,0.0,0.0,,https://lookaside.fbsbx.com/ig_messaging_cdn/
1758799811000,100008680359787,,Photo,STORY,1,43.0,0.0,0.0,0.0,4299.0,https://instagram.com/stories/starbucksindia/3729405576866768638,https://prod2-channel-assets.sprinklr.com/60624/FACEBOOK/100839651/media/BA7B90E1EC5E318D174A81B934AF644C.jpg
1758808694000,100008680702646,,Photo,STORY,1,170.0,0.0,0.0,0.0,22756.0,https://instagram.com/stories/starbucksindia/3729480096245188816,https://prod2-channel-assets.sprinklr.com/60624/FACEBOOK/100839651/media/19630BE6C9B55988C8254898A7091A32.jpg
1758889800000,100008686285702,"Coffee, cocktails, and zero spirits. 🍸

Serving exclusively at Starbucks Reserve Mumbai.

📍 Ground Floor, Elphinstone Building, Horniman Circle, Fort, Mumbai, Maharashtra

*All listed beverages are non-alcoholic flavoured beverages.

[Starbucks Reserve, Coffee, Cocktail Culture, Cocktail Hour, Cocktail Art]",Video,VIDEO,1,959.0,803.0,4.0,0.0,22345.0,https://www.instagram.com/reel/DPEMYB_DJiK/,https://prod2-media-proxy.sprinklr.com/channel/data/media/60624/be19813b-7361-4c5a-b87f-be5fa0822137.jpg
1758897957000,100008742367547,,Video,STORY,1,0.0,0.0,0.0,0.0,0.0,https://www.instagram.com/p/DPEb2ltjOa6/,https://prod2-channel-assets.sprinklr.com/60624/FACEBOOK/100839651/media/1C0580AB3DAF030260DDC98289FF654F.jpg
1758943804000,100008691658064,"Festive moments call for extra joy! ✨

Starbucks® Rewards members, come celebrate the season with ₹300 off* on all invoices of ₹990 & above, valid only on 27th September.

*T&Cs apply

[Starbucks India, Coffee, Starbucks Rewards Members, Coffee Lovers]",Photo,PHOTO,1,506.0,436.0,1.0,0.0,18331.0,https://www.instagram.com/p/DPFzTJAjexq/,https://prod2-media-proxy.sprinklr.com/channel/data/media/60624/6bf108a9-3b3c-4b1c-9450-2f6e99451d42.jpg
1758974400000,100008692279747,"Got Pujo plans? Good thing we have all your festive favourites ready to make the season special! 😋
 
📍Limited-time Pujo menu, available in Kolkata, Bhubaneswar, Guwahati, Patna, Ranchi, Siliguri & Jamshedpur till 5th October.

[Starbucks India, Durga Puja 2025, Pujo Food, Bengali Food, Pujo Celebration]",Video,VIDEO,1,415.0,400.0,2.0,0.0,13718.0,https://www.instagram.com/reel/DPGLVyujN2X/,https://prod2-media-proxy.sprinklr.com/channel/data/media/60624/37008de8-77ea-40bd-9bfb-84ab08c0396f.jpg
1759041525000,100008698930173,,Video,STORY,1,0.0,0.0,0.0,0.0,12904.0,https://instagram.com/stories/starbucksindia/3731433229392842276,https://prod2-channel-assets.sprinklr.com/60624/FACEBOOK/100839651/media/D13EAB80D49A2997BD9385A2853088BC.jpg
1759041542967,100008698919950,,Video,PHOTO,1,0.0,0.0,0.0,0.0,0.0,,https://lookaside.fbsbx.com/ig_messaging_cdn/
1759041553000,100008698945052,,Photo,STORY,1,0.0,0.0,0.0,0.0,11589.0,https://instagram.com/stories/starbucksindia/3731433485958422134,https://prod2-channel-assets.sprinklr.com/60624/FACEBOOK/100839651/media/0A155860F160BC2D2EC5EC6631E03759.jpg
1759041558686,100008698920286,,Photo,PHOTO,1,0.0,0.0,0.0,0.0,0.0,,https://lookaside.fbsbx.com/ig_messaging_cdn/
1759041655000,100008698945050,,Photo,STORY,1,6.0,0.0,0.0,0.0,11209.0,https://instagram.com/stories/starbucksindia/3731434343022511710,https://prod2-channel-assets.sprinklr.com/60624/FACEBOOK/100839651/media/1BE666A61701CDF499CD0B9914015127.jpg
1759041661203,100008698922444,,Photo,PHOTO,1,0.0,0.0,0.0,0.0,0.0,,https://lookaside.fbsbx.com/ig_messaging_cdn/
1759041698000,100008698945048,,Video,STORY,1,1.0,0.0,0.0,0.0,10903.0,https://instagram.com/stories/starbucksindia/3731434685764213222,https://prod2-channel-assets.sprinklr.com/60624/FACEBOOK/100839651/media/96856D18C1874683286C13049EDBBF8E.jpg
1759041714332,100008698923604,,Video,PHOTO,1,0.0,0.0,0.0,0.0,0.0,,https://lookaside.fbsbx.com/ig_messaging_cdn/
1759042589000,100008698945046,,Video,STORY,1,0.0,0.0,0.0,0.0,0.0,https://instagram.com/stories/starbucksindia/3731442153110139633,https://prod2-channel-assets.sprinklr.com/60624/FACEBOOK/100839651/media/AF935A9AD4BF8D23B5758D7C099C5127.jpg
1759042610951,100008698940251,,Video,PHOTO,1,0.0,0.0,0.0,0.0,0.0,,https://lookaside.fbsbx.com/ig_messaging_cdn/
1759043333000,100008698993528,,Video,STORY,1,14.0,0.0,0.0,0.0,10493.0,https://instagram.com/stories/starbucksindia/3731448418032959018,https://prod2-channel-assets.sprinklr.com/60624/FACEBOOK/100839651/media/8A79248F2AAF21F49249F79D204E3B19.jpg
1759043349454,100008698956165,,Video,PHOTO,1,0.0,0.0,0.0,0.0,0.0,,https://lookaside.fbsbx.com/ig_messaging_cdn/
1759072051000,100008700269723,"This season, tiramisu gets a festive twist, with the richness of saffron and the crunch of pistachios.

Now serving at Humari Special Jagah! ✨

[Starbucks India, Dessert, Diwali, Diwali Specials, Festive Mood]",Video,VIDEO,1,1971.0,1509.0,13.0,0.0,40927.0,https://www.instagram.com/reel/DPJny3OjK7q/,https://prod2-media-proxy.sprinklr.com/channel/data/media/60624/863f3163-5c3b-4c5d-b3d2-0bc63882a041.jpg
1759072909000,100008700397039,,Video,STORY,1,493.0,0.0,0.0,0.0,17411.0,https://instagram.com/stories/starbucksindia/3731696495151054410,https://prod2-channel-assets.sprinklr.com/60624/FACEBOOK/100839651/media/549A76F8C1D155A6F7752BEFBA622C7D.jpg
1759072931439,100008700300800,,Video,PHOTO,1,0.0,0.0,0.0,0.0,0.0,,https://lookaside.fbsbx.com/ig_messaging_cdn/
1759072942000,100008700312431,,Photo,STORY,1,4.0,0.0,0.0,0.0,15913.0,https://instagram.com/stories/starbucksindia/3731696794171344767,https://prod2-channel-assets.sprinklr.com/60624/FACEBOOK/100839651/media/81254008C1B6C5CC4D3201AA71C48BBB.jpg
1759072948416,100008700301576,,Photo,PHOTO,1,0.0,0.0,0.0,0.0,0.0,,https://lookaside.fbsbx.com/ig_messaging_cdn/
1759072963000,100008700397041,,Photo,STORY,1,0.0,0.0,0.0,0.0,14503.0,https://instagram.com/stories/starbucksindia/3731696971951145406,https://prod2-channel-assets.sprinklr.com/60624/FACEBOOK/100839651/media/D404A3F93BD25EB578F968A25FE8A1E0.jpg
1759072969674,100008700302441,,Photo,PHOTO,1,0.0,0.0,0.0,0.0,0.0,,https://lookaside.fbsbx.com/ig_messaging_cdn/
1759116600000,100008704792969,"This festive season, something special is brewing at Starbucks with legendary designers Abu Jani Sandeep Khosla✨

A limited-edition festive surprise is on its way, stay tuned!

[Starbucks India, Collectibles, Diwali 2025, Diwali Gifts, Diwali Gifting, Festive Mood, Abu Jani, Sandeep Khosla]",Video,VIDEO,1,1333.0,1089.0,15.0,0.0,45999.0,https://www.instagram.com/reel/DPK88oajHc6/,https://prod2-media-proxy.sprinklr.com/channel/data/media/60624/b39cb5f4-adca-45ae-b7ba-2b651f7ca5e0.jpg
1759116607832,100008704791016,,Video,VIDEO,1,0.0,0.0,0.0,0.0,0.0,,https://lookaside.fbsbx.com/ig_messaging_cdn/
1759210200000,100008711520317,"Chennai’s coffee story is about to get a new chapter. 
We’ll be seeing you soon, stay tuned! 💚

[Starbucks India, Starbucks Chennai, Coffee, Coffee Addicts, Coffee Lovers]",Video,VIDEO,1,643.0,582.0,0.0,0.0,15814.0,https://www.instagram.com/reel/DPNvgeuDPDR/,https://prod2-media-proxy.sprinklr.com/channel/data/media/60624/d0be9cd3-60c0-498f-840a-a9afdfc9fe10.jpg
1759210239000,100008711520319,"Chennai’s coffee story is about to get a new chapter. 
We’ll be seeing you soon, stay tuned! 💚

[Starbucks India, Starbucks Chennai, Coffee, Coffee Addicts, Coffee Lovers]",Video,VIDEO,1,1.0,1.0,0.0,0.0,263.0,https://www.instagram.com/reel/DPNvaXkDLKw/,https://prod2-media-proxy.sprinklr.com/channel/data/media/60624/0c1c5965-1c16-42b3-85e7-14c9ed848cd4.jpg
1759212713000,100008711664368,,Video,STORY,1,0.0,0.0,0.0,0.0,15874.0,https://instagram.com/stories/starbucksindia/3732869265130034465,https://prod2-channel-assets.sprinklr.com/60624/FACEBOOK/100839651/media/F472CFAEE6C6146E5397FA4C32B9C1D2.jpg
1759212728403,100008711571456,,Video,PHOTO,1,0.0,0.0,0.0,0.0,0.0,,https://lookaside.fbsbx.com/ig_messaging_cdn/
1759218347000,100008711790114,,Video,STORY,1,6.0,0.0,0.0,0.0,15848.0,https://instagram.com/stories/starbucksindia/3732916522352507394,https://prod2-channel-assets.sprinklr.com/60624/FACEBOOK/100839651/media/6441D26731EA9343B2281B4ED6031478.jpg
1759218364949,100008711765825,,Video,PHOTO,1,0.0,0.0,0.0,0.0,0.0,,https://lookaside.fbsbx.com/ig_messaging_cdn/
1759227495000,100008731757323,,Video,STORY,1,0.0,0.0,0.0,0.0,0.0,https://www.instagram.com/p/DPOQZVQDM-n/,https://prod2-channel-assets.sprinklr.com/60624/FACEBOOK/100839651/media/D037A28BA0534FEA81141576042C1C89.jpg
1759285812000,100008718225612,,Photo,STORY,1,375.0,0.0,0.0,0.0,28614.0,https://instagram.com/stories/starbucksindia/3733482452308476548,https://prod2-channel-assets.sprinklr.com/60624/FACEBOOK/100839651/media/20B386F8146DD4773FECC4040E04778C.jpg
1759289412000,100008718260221,"This International Coffee Day, we're celebrating the passion and care that goes into every cup of coffee at Starbucks. 

Swipe to learn more! 💚

[Starbucks India, Tata Starbucks, International Coffee Day 2025, Coffee, Coffee Stories]",Photo,CAROUSEL,6,567.0,510.0,6.0,0.0,19170.0,https://www.instagram.com/p/DPQGfj2kwU6/,
1759336309000,100008720624826,,Photo,STORY,1,5.0,0.0,0.0,0.0,22312.0,https://instagram.com/stories/starbucksindia/3733906078439343596,https://prod2-channel-assets.sprinklr.com/60624/FACEBOOK/100839651/media/1A8758A06EE284CCA085545B06E1D073.jpg
1759336370139,100008720494777,,Video,PHOTO,1,0.0,0.0,0.0,0.0,0.0,,https://lookaside.fbsbx.com/ig_messaging_cdn/
1759336468000,100008720615489,,Video,STORY,1,5.0,0.0,0.0,0.0,18948.0,https://instagram.com/stories/starbucksindia/3733907392372210108,https://prod2-channel-assets.sprinklr.com/60624/FACEBOOK/100839651/media/C7DEC841798BD8966E064F36AC1ABECB.jpg
1759336485839,100008720519334,,Video,PHOTO,1,0.0,0.0,0.0,0.0,0.0,,https://lookaside.fbsbx.com/ig_messaging_cdn/
1759375828000,100008724754318,"Celebrate this festive season with the magnificence of the limited edition Abu Jani Sandeep Khosla + Starbucks collectible. 

Designed to perfection, here's what's inside:
✨ An ivory ceramic mug with intricate, gilded detailing
✨ The signature ‘Mehbooba’ luxury scented candle
✨ Starbucks®️ Diwali Blend, sourced from the lush hills of Karnataka
✨ A classic French Press for slow, meaningful brewing

Exclusively available in select Starbucks stores.

[Starbucks India, Gift Ideas, Coffee, Coffee Lovers, Abu Jani Sandeep Khosla]",Photo,CAROUSEL,3,1287.0,1010.0,31.0,0.0,42199.0,https://www.instagram.com/p/DPSrUdADV6d/,
1759394517000,100008725228423,,Photo,STORY,1,18.0,0.0,0.0,0.0,19327.0,https://instagram.com/stories/starbucksindia/3734394374076530790,https://prod2-channel-assets.sprinklr.com/60624/FACEBOOK/100839651/media/56AA19D5E5557075D01D6020EDF31B22.jpg
1759394524210,100008725194200,,Photo,PHOTO,1,0.0,0.0,0.0,0.0,0.0,,https://lookaside.fbsbx.com/ig_messaging_cdn/
1759394545000,100008725228425,,Video,STORY,1,1.0,0.0,0.0,0.0,17085.0,https://instagram.com/stories/starbucksindia/3734394578213335508,https://prod2-channel-assets.sprinklr.com/60624/FACEBOOK/100839651/media/FE4AF2EC5180BBC56388F5AD14DBF2BA.jpg
1759394562299,100008725195489,,Video,PHOTO,1,0.0,0.0,0.0,0.0,0.0,,https://lookaside.fbsbx.com/ig_messaging_cdn/
1759472660000,100008731038331,"Why settle for one when Pujo tastes best with all your favs on the table? 😋 

📌Only 2 days left, hurry and enjoy the pujo exclusive menu today!

Available across Kolkata, Guwahati, Siliguri, Gangtok, Bhubaneswar, Jamshedpur, Patna and Ranchi. 
 
 [Starbucks India, Durga Puja 2025, Pujo Food, Bengali Food, Snacks]",Video,VIDEO,1,853.0,780.0,11.0,0.0,22586.0,https://www.instagram.com/reel/DPVj6FVjAqh/,https://prod2-media-proxy.sprinklr.com/channel/data/media/60624/fa0b5c61-7f53-4aa7-8087-1f1929a43be2.jpg
1759494918000,100008731620094,"Chennai, we are ready to welcome you to the first ever experiential store in your city.

An elevated coffee experience, unlike any other awaits. ☕

📍First Floor, Sir C.P.Ramaswamy Road, Abhiramapuram, Alwarpet.

[Starbucks India, Starbucks Chennai, Coffee Experiential Store, Chennai Coffee, Coffee Lovers]",Video,VIDEO,1,632.0,579.0,5.0,0.0,15255.0,https://www.instagram.com/reel/DPWOW-KDN3N/,https://prod2-media-proxy.sprinklr.com/channel/data/media/60624/74144c9a-8d36-463e-af96-f9e9ce79d94e.jpg
1759502291000,100008732049693,"Why settle for one when Pujo tastes best with all your favs on the table? 😋 

📌Only 2 days left, hurry and enjoy the pujo exclusive menu today!

Available across Kolkata, Guwahati, Siliguri, Gangtok, Bhubaneswar, Jamshedpur, Patna and Ranchi. 
 
 [Starbucks India, Durga Puja 2025, Pujo Food, Bengali Food, Snacks]",Video,VIDEO,1,1.0,1.0,0.0,0.0,271.0,https://www.instagram.com/reel/DPWcVffjAs-/,https://prod2-media-proxy.sprinklr.com/channel/data/media/60624/690c072d-521a-450c-b205-1e289d7e2bb7.jpg
1759502380000,100008732144167,,Video,STORY,1,31.0,0.0,0.0,0.0,16586.0,https://instagram.com/stories/starbucksindia/3735299173269667569,https://prod2-channel-assets.sprinklr.com/60624/FACEBOOK/100839651/media/F4F66CDB98BD651ACB46F57D718920A9.jpg
1759502810000,100008732101528,"Chennai, we are ready to welcome you to the first ever experiential store in your city.

An elevated coffee experience, unlike any other awaits. ☕

📍First Floor, Sir C.P.Ramaswamy Road, Abhiramapuram, Alwarpet.

[Starbucks India, Starbucks Chennai, Coffee Experiential Store, Chennai Coffee, Coffee Lovers]",Video,VIDEO,1,9.0,5.0,0.0,0.0,328.0,https://www.instagram.com/reel/DPWdeTljCYt/,https://prod2-media-proxy.sprinklr.com/channel/data/media/60624/6c63aa4d-9521-448b-a2fa-975855f3ccbb.jpg
1759515482000,100008734357156,"Every door has a different name, but this season, the address is the same - #HumariSpecialJagah 🪔☕

[Starbucks India, Diwali 2025, Diwali Specials, Festive Food, Festive Mood]",Video,VIDEO,1,1451.0,1228.0,67.0,0.0,47577.0,https://www.instagram.com/reel/DPWxz5dDOhi/,https://prod2-media-proxy.sprinklr.com/channel/data/media/60624/0c03e341-9110-4eea-85a2-b0eb1774fc5d.jpg
1759591358000,100008737512219,,Video,STORY,1,4.0,0.0,0.0,0.0,16764.0,https://instagram.com/stories/starbucksindia/3736045563322372233,https://prod2-channel-assets.sprinklr.com/60624/FACEBOOK/100839651/media/494F9822FA9594D3A0021896B7E450CC.jpg
1759591382885,100008737232930,,Video,PHOTO,1,0.0,0.0,0.0,0.0,0.0,,https://lookaside.fbsbx.com/ig_messaging_cdn/
1759591437000,100008737512206,,Video,STORY,1,0.0,0.0,0.0,0.0,14496.0,https://instagram.com/stories/starbucksindia/3736046230082536202,https://prod2-channel-assets.sprinklr.com/60624/FACEBOOK/100839651/media/8DFA3049AD3DDA102B45BF1AA9B5CADF.jpg
1759591454000,100008737512211,,Video,STORY,1,7.0,0.0,0.0,0.0,13898.0,https://instagram.com/stories/starbucksindia/3736046370507804350,https://prod2-channel-assets.sprinklr.com/60624/FACEBOOK/100839651/media/0B9E88533C3219788B10EF35285C9547.jpg
1759591459414,100008737235726,,Video,PHOTO,1,0.0,0.0,0.0,0.0,0.0,,https://lookaside.fbsbx.com/ig_messaging_cdn/
1759591471293,100008737236140,,Video,PHOTO,1,0.0,0.0,0.0,0.0,0.0,,https://lookaside.fbsbx.com/ig_messaging_cdn/
1759591489000,100008737512194,,Photo,STORY,1,0.0,0.0,0.0,0.0,13485.0,https://instagram.com/stories/starbucksindia/3736046680307468193,https://prod2-channel-assets.sprinklr.com/60624/FACEBOOK/100839651/media/49193B0A6AC82D5552480EBB8DD7B8CF.jpg
1759591495642,100008737237126,,Photo,PHOTO,1,0.0,0.0,0.0,0.0,0.0,,https://lookaside.fbsbx.com/ig_messaging_cdn/
1759591502000,100008737512214,,Video,STORY,1,8.0,0.0,0.0,0.0,12677.0,https://instagram.com/stories/starbucksindia/3736046774821943034,https://prod2-channel-assets.sprinklr.com/60624/FACEBOOK/100839651/media/DFB5FBCF4C0EEAE7D0282C53513E1D8D.jpg
1759591524812,100008737238122,,Video,PHOTO,1,0.0,0.0,0.0,0.0,0.0,,https://lookaside.fbsbx.com/ig_messaging_cdn/
1759645800000,100008741800913,"Add a flair of timeless craftsmanship to your festivities with the limited edition Abu Jani Sandeep Khosla + Starbucks collectible box. 

Get your hands on:
✨ Ivory Mug with Gilded Detailing
✨ The ‘Mehbooba’ Candle
✨ Starbucks Diwali Blend
✨ French Press
 
An exclusive drop available now at select Starbucks stores.
 
[Starbucks India, Gift Ideas, Coffee, Coffee Lovers, Abu Jani Sandeep Khosla]",Video,VIDEO,1,946.0,770.0,12.0,0.0,28208.0,https://www.instagram.com/reel/DPauWEGDFEs/,https://prod2-media-proxy.sprinklr.com/channel/data/media/60624/1f0a9687-dfff-4651-9a94-e1e19ef8c5de.jpg
1759663484000,100008742192176,"Add a flair of timeless craftsmanship to your festivities with the limited edition Abu Jani Sandeep Khosla + Starbucks collectible box. 

Get your hands on:
✨ Ivory Mug with Gilded Detailing
✨ The ‘Mehbooba’ Candle
✨ Starbucks Diwali Blend
✨ French Press
 
An exclusive drop available now at select Starbucks stores.
 
[Starbucks India, Gift Ideas, Coffee, Coffee Lovers, Abu Jani Sandeep Khosla]",Video,VIDEO,1,8.0,4.0,0.0,0.0,513.0,https://www.instagram.com/reel/DPbP8lCjCy9/,https://prod2-media-proxy.sprinklr.com/channel/data/media/60624/34580b9a-a782-42bb-89a2-7227578763bf.jpg
1759721400000,100008747029323,"Celebrate unique flavours steeped in tradition, brought to your cup with Starbucks Diwali Blend. 🪔

[Starbucks India, Starbucks Blend, Coffee Bean, Coffee Blends, Coffee Roast]",Video,VIDEO,1,1630.0,1388.0,10.0,0.0,33902.0,https://www.instagram.com/reel/DPc-gEtDCFu/,https://prod2-media-proxy.sprinklr.com/channel/data/media/60624/1335ac5f-d446-4679-8fe3-6154280f3958.jpg
1759728865000,100008747149721,"Celebrate unique flavours steeped in tradition, brought to your cup with Starbucks Diwali Blend. 🪔

[Starbucks India, Starbucks Blend, Coffee Bean, Coffee Blends, Coffee Roast]",Video,VIDEO,1,4.0,3.0,0.0,0.0,383.0,https://www.instagram.com/reel/DPdMd9AgeD6/,https://prod2-media-proxy.sprinklr.com/channel/data/media/60624/441392d7-ee01-4983-814f-3d18c83472b7.jpg
1759818600000,100008753016359,"Some gifts say more than words ever could. ✨

Celebrate the art of thoughtful gifting, now available at #HumariSpecialJagah 💛
 
[Starbucks India, Gift Ideas, Coffee Lovers, Festive Season, Festive Hampers]",Video,VIDEO,1,921.0,701.0,59.0,0.0,28659.0,https://www.instagram.com/reel/DPf3310AcXh/,https://prod2-media-proxy.sprinklr.com/channel/data/media/60624/41082bb0-f78a-49f5-a4f5-b6c2cf99dc30.jpg
1759845119000,100008753928195,,Video,STORY,1,0.0,0.0,0.0,0.0,21646.0,https://instagram.com/stories/starbucksindia/3738174267158798301,https://prod2-channel-assets.sprinklr.com/60624/FACEBOOK/100839651/media/3BFC022486C385488B34B3355840AE02.jpg
1759845138769,100008753902781,,Video,PHOTO,1,0.0,0.0,0.0,0.0,0.0,,https://lookaside.fbsbx.com/ig_messaging_cdn/
1759845328000,100008753928191,,Video,STORY,1,1.0,0.0,0.0,0.0,18567.0,https://instagram.com/stories/starbucksindia/3738176014925291609,https://prod2-channel-assets.sprinklr.com/60624/FACEBOOK/100839651/media/17209820D4A1FD50F174F95F02D214E4.jpg
1759845360083,100008753913397,,Video,PHOTO,1,0.0,0.0,0.0,0.0,0.0,,https://lookaside.fbsbx.com/ig_messaging_cdn/
1759845520000,100008753928193,,Photo,STORY,1,1.0,0.0,0.0,0.0,17318.0,https://instagram.com/stories/starbucksindia/3738177659763513461,https://prod2-channel-assets.sprinklr.com/60624/FACEBOOK/100839651/media/F0C98393B5647378D5D5377E1D7C0EEA.jpg
1759845528017,100008753921775,,Photo,PHOTO,1,0.0,0.0,0.0,0.0,0.0,,https://lookaside.fbsbx.com/ig_messaging_cdn/
1759854787000,100008840013790,,Video,STORY,1,0.0,0.0,0.0,0.0,0.0,https://www.instagram.com/p/DPg83EDDIl5/,https://prod2-channel-assets.sprinklr.com/60624/FACEBOOK/100839651/media/0F7B5D1EB3399CEC76C9C89CA58616E5.jpg
1759894200000,100008757809701,"Coffee isn’t one-size-fits-all. Try Blonde and Signature, the two sides you’ll love. Which one are you sipping? 💚

[Starbucks India, Blonde Roast, Coffee Roast, Roast Profiles, Coffee Lovers]",Photo,CAROUSEL,3,614.0,584.0,2.0,0.0,20673.0,https://www.instagram.com/p/DPiIIxODMMU/,
1759907425000,100008758113833,,Photo,STORY,1,12.0,0.0,0.0,0.0,24210.0,https://instagram.com/stories/starbucksindia/3738696967983845954,https://prod2-channel-assets.sprinklr.com/60624/FACEBOOK/100839651/media/CB9C33C7A62201AF945DD35E6EF64FA8.jpg
1759907435519,100008758045075,,Photo,PHOTO,1,0.0,0.0,0.0,0.0,0.0,,https://lookaside.fbsbx.com/ig_messaging_cdn/
1759920665000,100008758419452,,Photo,STORY,1,2.0,0.0,0.0,0.0,20434.0,https://instagram.com/stories/starbucksindia/3738808016686915386,https://prod2-channel-assets.sprinklr.com/60624/FACEBOOK/100839651/media/61980EC6833AC1B85ECD671FFC2BB996.jpg
1759920673047,100008758400841,,Photo,PHOTO,1,0.0,0.0,0.0,0.0,0.0,,https://lookaside.fbsbx.com/ig_messaging_cdn/
1760003679000,100008764345981,"A glimpse into the design philosophy of the Abu Jani Sandeep Khosla + Starbucks Festive Collectible.

Imagined with the intricacy of couture and the exuberance of heritage, this mug inspires a sense of celebration in every moment. 

The limited edition box also includes the luxury scented ‘Mehbooba’ candle and the iconic Starbucks Diwali Blend.
 
Exclusively available in select Starbucks stores.

[Starbucks India, Gift Ideas, Coffee, Coffee Lovers, Diwali gift, Abu Jani Sandeep Khosla]",Video,VIDEO,1,4938.0,2671.0,83.0,0.0,95533.0,https://www.instagram.com/reel/DPlYl5oAS7E/,https://prod2-media-proxy.sprinklr.com/channel/data/media/60624/89a76b87-5883-41c8-82b6-09afe9cd2bea.jpg
1760003701984,100008764337513,,Video,VIDEO,1,0.0,0.0,0.0,0.0,0.0,,https://lookaside.fbsbx.com/ig_messaging_cdn/
1760017448000,100008764881718,,Photo,STORY,1,39.0,0.0,0.0,0.0,12366.0,https://instagram.com/stories/starbucksindia/3739619961547622141,https://prod2-channel-assets.sprinklr.com/60624/FACEBOOK/100839651/media/D78B9B4C8CC061A8639E9BD09C5C68CB.jpg
1760017449000,100008764900507,,Video,STORY,1,4.0,0.0,0.0,0.0,9890.0,https://instagram.com/stories/starbucksindia/3739619980916907794,https://prod2-channel-assets.sprinklr.com/60624/FACEBOOK/100839651/media/EA588694D9E9BDA0A0C9C32FC0E96942.jpg
1760017450000,100008764900503,,Video,STORY,1,0.0,0.0,0.0,0.0,9040.0,https://instagram.com/stories/starbucksindia/3739619992107308552,https://prod2-channel-assets.sprinklr.com/60624/FACEBOOK/100839651/media/36CC27418A8C49C2D7F3D0F3F4CAD549.jpg
1760017451000,100008764900505,,Video,STORY,1,6.0,0.0,0.0,0.0,8593.0,https://instagram.com/stories/starbucksindia/3739620029889639894,https://prod2-channel-assets.sprinklr.com/60624/FACEBOOK/100839651/media/F548E12D73DB02DF7D2C76F44640D5C1.jpg
1760017452000,100008764900492,,Video,STORY,1,2.0,0.0,0.0,0.0,8421.0,https://instagram.com/stories/starbucksindia/3739619952135579480,https://prod2-channel-assets.sprinklr.com/60624/FACEBOOK/100839651/media/647E1FBF06EF8AD6A7612033EBC4293E.jpg
1760017453000,100008764871762,,Video,STORY,1,3.0,0.0,0.0,0.0,8146.0,https://instagram.com/stories/starbucksindia/3739619958880061301,https://prod2-channel-assets.sprinklr.com/60624/FACEBOOK/100839651/media/50200DD2FB7DAB825A76EAFBACE96BBE.jpg
1760017454000,100008764900515,,Video,STORY,1,2.0,0.0,0.0,0.0,7956.0,https://instagram.com/stories/starbucksindia/3739620021601679715,https://prod2-channel-assets.sprinklr.com/60624/FACEBOOK/100839651/media/9638247E696BF3DE4EF78581B274908A.jpg
1760017611000,100008764900513,,Video,STORY,1,2.0,0.0,0.0,0.0,7708.0,https://instagram.com/stories/starbucksindia/3739621260456429502,https://prod2-channel-assets.sprinklr.com/60624/FACEBOOK/100839651/media/9C2996723F1D950CF6F02F5B515CBA19.jpg
1760017612000,100008764900509,,Photo,STORY,1,0.0,0.0,0.0,0.0,7483.0,https://instagram.com/stories/starbucksindia/3739621274046023823,https://prod2-channel-assets.sprinklr.com/60624/FACEBOOK/100839651/media/859831EBADA4CF0F66E70588E0DE5994.jpg
1760021274000,100008766452438,,Video,STORY,1,0.0,0.0,0.0,0.0,0.0,https://www.instagram.com/p/DPl6aSKjCQS/,https://prod2-channel-assets.sprinklr.com/60624/FACEBOOK/100839651/media/A902BDB4860B8D7FC1FC60F0D2E47FFE.jpg
1760021305000,100008765086316,,Video,STORY,1,0.0,0.0,0.0,0.0,0.0,https://www.instagram.com/p/DPl6eEtDBNa/,https://prod2-channel-assets.sprinklr.com/60624/FACEBOOK/100839651/media/9D2D76045CF4C090528C58B6A988A9BC.jpg
1760024204000,100008768378991,,Video,STORY,1,0.0,0.0,0.0,0.0,0.0,https://www.instagram.com/p/DPl__7CjAUV/,https://prod2-channel-assets.sprinklr.com/60624/FACEBOOK/100839651/media/47A81B8DF41B8B60CE993165A8D058FF.jpg
1760028030000,100008766456077,,Photo,STORY,1,3.0,0.0,0.0,0.0,9196.0,https://instagram.com/stories/starbucksindia/3739708676597624605,https://prod2-channel-assets.sprinklr.com/60624/FACEBOOK/100839651/media/3D3740B0CF52C16DF225354B1ED0B382.jpg
1760028039314,100008766427653,,Photo,PHOTO,1,0.0,0.0,0.0,0.0,0.0,,https://lookaside.fbsbx.com/ig_messaging_cdn/
1760078821000,100008770009081,"Malpua + cheesecake = your new festive obsession. Who’s ready to indulge at Humari Special Jagah? 💛

[Starbucks India, Cheesecake, Diwali, Diwali Specials, Dessert, Festive Mood]",Video,VIDEO,1,923.0,773.0,13.0,0.0,33864.0,https://www.instagram.com/reel/DPnoEO0gS1a/,https://prod2-media-proxy.sprinklr.com/channel/data/media/60624/6bf62821-bf5d-4390-a273-750ee58b4367.jpg
1760078884000,100008770009083,"Malpua + cheesecake = your new festive obsession. Who’s ready to indulge at Humari Special Jagah? 💛

[Starbucks India, Cheesecake, Diwali, Diwali Specials, Dessert, Festive Mood]",Video,VIDEO,1,3.0,3.0,0.0,0.0,284.0,https://www.instagram.com/reel/DPnoOGFgWgK/,https://prod2-media-proxy.sprinklr.com/channel/data/media/60624/1f5b17c8-129c-47f2-8471-33592838f60b.jpg
1760078899000,100008770019118,,Video,STORY,1,11.0,0.0,0.0,0.0,12215.0,https://instagram.com/stories/starbucksindia/3740135350954210870,https://prod2-channel-assets.sprinklr.com/60624/FACEBOOK/100839651/media/8EC236E48893BE67727CFDCD37ACB4DF.jpg
1760078988000,100008770019120,,Video,STORY,1,1.0,0.0,0.0,0.0,10693.0,https://instagram.com/stories/starbucksindia/3740136100535043300,https://prod2-channel-assets.sprinklr.com/60624/FACEBOOK/100839651/media/05E617BA527AC06F14F0F5EEA35F27A7.jpg
1760079006598,100008770006394,,Video,PHOTO,1,0.0,0.0,0.0,0.0,0.0,,https://lookaside.fbsbx.com/ig_messaging_cdn/
1760079071000,100008770019124,,Photo,STORY,1,2.0,0.0,0.0,0.0,10142.0,https://instagram.com/stories/starbucksindia/3740136819388397626,https://prod2-channel-assets.sprinklr.com/60624/FACEBOOK/100839651/media/147FEFD701DDA8D9B32BBD1AC3762BE9.jpg
1760079077479,100008770007875,,Photo,PHOTO,1,0.0,0.0,0.0,0.0,0.0,,https://lookaside.fbsbx.com/ig_messaging_cdn/
1760101757000,100008770601035,"Festive moments shine the brightest when shared with the ones who feel like home😊

Celebrate them with limited-edition, festive hampers at #HumariSpecialJagah

[Starbucks India, Festive Gifting, Coffee Lovers, Gift Ideas, Festive Hampers]",Video,VIDEO,1,645.0,588.0,15.0,0.0,30956.0,https://www.instagram.com/reel/DPoTsnHDI87/,https://prod2-media-proxy.sprinklr.com/channel/data/media/60624/c2062e48-ecc0-426b-a28d-3d6c690d540f.jpg
1760101914000,100008770721826,,Video,STORY,1,2.0,0.0,0.0,0.0,11157.0,https://instagram.com/stories/starbucksindia/3740328420991671033,https://prod2-channel-assets.sprinklr.com/60624/FACEBOOK/100839651/media/EC4DCC57B809405B36ECBA12E3CF407C.jpg
1760101928000,100008770626879,"Festive moments shine the brightest when shared with the ones who feel like home😊

Celebrate them with limited-edition, festive hampers at #HumariSpecialJagah

[Starbucks India, Festive Gifting, Coffee Lovers, Gift Ideas, Festive Hampers]",Video,VIDEO,1,16.0,12.0,1.0,0.0,1282.0,https://www.instagram.com/reel/DPoUB__jOJx/,https://prod2-media-proxy.sprinklr.com/channel/data/media/60624/32ebdb0b-cc78-4d05-abd5-c7df126ab655.jpg
1760106424000,100008804385945,,Video,STORY,1,0.0,0.0,0.0,0.0,0.0,https://www.instagram.com/p/DPoc0iVDC5N/,https://prod2-channel-assets.sprinklr.com/60624/FACEBOOK/100839651/media/33373C5803A6B7AE38EF85D82047E29A.jpg
1760272213000,100008781698927,"A table full of laughter, a season full of joy 💚

Celebrate every moment that feels like home at #HumariSpecialJagah
 
[Starbucks India, Festive Season, Coffee Lovers, Diwali, Celebration]",Photo,PHOTO,1,413.0,374.0,1.0,0.0,22730.0,https://www.instagram.com/p/DPtZCasARJc/,https://prod2-media-proxy.sprinklr.com/channel/data/media/60624/27dc4579-739d-41a9-9a11-84bba1b163d4.jpg
1760350345000,100008786406197,,Video,STORY,1,1.0,0.0,0.0,0.0,15570.0,https://instagram.com/stories/starbucksindia/3742412408439485832,https://prod2-channel-assets.sprinklr.com/60624/FACEBOOK/100839651/media/17D9A258FD2F716C0BED66959ADBF4E2.jpg
1760350361000,100008786316836,,Video,PHOTO,1,0.0,0.0,0.0,0.0,0.0,,https://lookaside.fbsbx.com/ig_messaging_cdn/
1760350386000,100008786406195,,Video,STORY,1,1.0,0.0,0.0,0.0,12792.0,https://instagram.com/stories/starbucksindia/3742412754981276631,https://prod2-channel-assets.sprinklr.com/60624/FACEBOOK/100839651/media/B85BFC524217567B5124DCAFBDE07A02.jpg
1760350402000,100008786317958,,Video,PHOTO,1,0.0,0.0,0.0,0.0,0.0,,https://lookaside.fbsbx.com/ig_messaging_cdn/
1760350411000,100008786406199,,Video,STORY,1,0.0,0.0,0.0,0.0,11779.0,https://instagram.com/stories/starbucksindia/3742412968093811911,https://prod2-channel-assets.sprinklr.com/60624/FACEBOOK/100839651/media/A54FAD3AB7535C8C9D114F6A84BE429A.jpg
1760350432000,100008786318882,,Video,PHOTO,1,0.0,0.0,0.0,0.0,0.0,,https://lookaside.fbsbx.com/ig_messaging_cdn/
1760362162000,100008786748561,"Delicate, warm and perfectly indulgent, a slice of festivities you didn’t know you needed. 

The Saffron Rose Cake, now serving at Humari Special Jagah. 

[Starbucks India, Loaf cake, Diwali, Diwali Specials, Dessert, Festive Mood]",Video,VIDEO,1,582.0,528.0,7.0,0.0,22129.0,https://www.instagram.com/reel/DPwEOFlgYwB/,https://prod2-media-proxy.sprinklr.com/channel/data/media/60624/9641214e-dc9e-485a-b4af-462c8504f72c.jpg
1760438626000,100008792741362,"A little sparkle, a little sweetness, and gifts made to share🥰

Discover our limited-edition festive gifting range, now available at #HumariSpecialJagah

[Starbucks India, Gift Ideas, Coffee Lovers, Festive Season, Festive Hampers]",Video,VIDEO,1,573.0,483.0,2.0,0.0,35875.0,https://www.instagram.com/reel/DPyWVlsgZ4u/,https://prod2-media-proxy.sprinklr.com/channel/data/media/60624/8643ed4b-8310-4d54-ab55-c04596c7293f.jpg
1760438659000,100008792741360,"A little sparkle, a little sweetness, and gifts made to share🥰

Discover our limited-edition festive gifting range, now available at #HumariSpecialJagah

[Starbucks India, Gift Ideas, Coffee Lovers, Festive Season, Festive Hampers]",Video,VIDEO,1,1.0,1.0,0.0,0.0,226.0,https://www.instagram.com/reel/DPyWdXyAWX7/,https://prod2-media-proxy.sprinklr.com/channel/data/media/60624/ec3e8609-eb59-4cc8-86c4-e265a9262b94.jpg
1760438672000,100008792756247,,Video,STORY,1,18.0,0.0,0.0,0.0,16933.0,https://instagram.com/stories/starbucksindia/3743153350150030610,https://prod2-channel-assets.sprinklr.com/60624/FACEBOOK/100839651/media/1B324D2BD6B82181612545AA7B0E5165.jpg
1760449727000,100008793130990,,Photo,STORY,1,2.0,0.0,0.0,0.0,15314.0,https://instagram.com/stories/starbucksindia/3743246107073911425,https://prod2-channel-assets.sprinklr.com/60624/FACEBOOK/100839651/media/FE763272F06E4C570D7588B37A04E301.jpg
1760449733000,100008793121830,,Photo,PHOTO,1,0.0,0.0,0.0,0.0,0.0,,https://lookaside.fbsbx.com/ig_messaging_cdn/
1760518167000,100008798445154,,Video,STORY,1,2.0,0.0,0.0,0.0,13312.0,https://instagram.com/stories/starbucksindia/3743820204724054271,https://prod2-channel-assets.sprinklr.com/60624/FACEBOOK/100839651/media/309C1C3FFD9B7C45FB4FDB8206433E62.jpg
1760518187000,100008798426412,,Video,PHOTO,1,0.0,0.0,0.0,0.0,0.0,,https://lookaside.fbsbx.com/ig_messaging_cdn/
1760538520000,100008799182792,"The magic of the season lives in small acts of love.✨ 🪔

Add a little more joy to your celebrations with our festive specials, now available at #HumariSpecialJagah 💚
 
[Starbucks India, Diwali Specials, Festive Season, Coffee Lovers, Desserts]",Video,VIDEO,1,491.0,464.0,3.0,0.0,28787.0,https://www.instagram.com/reel/DP1UzgygZKR/,https://prod2-media-proxy.sprinklr.com/channel/data/media/60624/a76d79aa-8560-4a6c-9d0a-c1e3438b87c7.jpg
1760538550000,100008799191605,"The magic of the season lives in small acts of love.✨ 🪔

Add a little more joy to your celebrations with our festive specials, now available at #HumariSpecialJagah 💚
 
[Starbucks India, Diwali Specials, Festive Season, Coffee Lovers, Desserts]",Video,VIDEO,1,1.0,1.0,0.0,0.0,58.0,https://www.instagram.com/reel/DP1VAH-gS8I/,https://prod2-media-proxy.sprinklr.com/channel/data/media/60624/aa3b40d7-c8b2-4ca3-94e3-6762f821a5dd.jpg
1760538672000,100008799273218,,Video,STORY,1,2.0,0.0,0.0,0.0,9426.0,https://instagram.com/stories/starbucksindia/3743992212577438671,https://prod2-channel-assets.sprinklr.com/60624/FACEBOOK/100839651/media/346698B5C125A64AD4E0CD8B82D919FA.jpg
1760679994000,100008810333316,,Photo,STORY,1,0.0,0.0,0.0,0.0,18553.0,https://instagram.com/stories/starbucksindia/3745177729558701851,https://prod2-channel-assets.sprinklr.com/60624/FACEBOOK/100839651/media/B04B8BF6C95888A63790F2CA3139D16F.jpg
1760680000000,100008810320883,,Photo,PHOTO,1,0.0,0.0,0.0,0.0,0.0,,https://lookaside.fbsbx.com/ig_messaging_cdn/
1760680024000,100008810333318,,Video,STORY,1,2.0,0.0,0.0,0.0,15776.0,https://instagram.com/stories/starbucksindia/3745177957678486939,https://prod2-channel-assets.sprinklr.com/60624/FACEBOOK/100839651/media/534CB4627AD53F64872583C34D14670B.jpg
1760680071000,100008810321709,,Video,PHOTO,1,0.0,0.0,0.0,0.0,0.0,,https://lookaside.fbsbx.com/ig_messaging_cdn/
1760682558000,100008810357801,"Inspired by Indian traditions and made for festive indulgence, this season's Diwali specials bring together flavour and celebrations in every bite. ✨
 
Now serving only for a limited time at #HumariSpecialJagah 
 
[Starbucks India, Diwali, Desserts, Festive Season, Indian Food]",Photo,CAROUSEL,4,686.0,615.0,4.0,0.0,33103.0,https://www.instagram.com/p/DP5ntVcEq_C/,
1760682662000,100008810383088,,Photo,STORY,1,4.0,0.0,0.0,0.0,13910.0,https://instagram.com/stories/starbucksindia/3745200109449746274,https://prod2-channel-assets.sprinklr.com/60624/FACEBOOK/100839651/media/42C74673C998336781BB95E639B04FA0.jpg
1760704205000,100008810824543,"Running out of time? We’ve got the perfect festive gift waiting🎁

Explore our limited-edition festive hampers, only available at #HumariSpecialJagah 

[Starbucks India, Festive gifting, Gift Ideas, Hampers, Coffee Lovers]",Photo,PHOTO,1,422.0,395.0,7.0,0.0,19644.0,https://www.instagram.com/p/DP6Q_uAiEHH/,https://prod2-media-proxy.sprinklr.com/channel/data/media/60624/8d8cf719-1df8-41ed-bc7e-b4e586b7a29d.jpg
1760767200000,100008816465627,"This Diwali Own a piece of artistry by Abu Jani Sandeep Khosla + Starbucks exclusively at select Starbucks stores. 
 
[Starbucks India, Festive Season, Diwali, Coffee, Diwali Gifts]",Video,VIDEO,1,561.0,529.0,11.0,0.0,31439.0,https://www.instagram.com/reel/DP8JMotAWiX/,https://prod2-media-proxy.sprinklr.com/channel/data/media/60624/0e4cb96e-8387-4e04-8eb1-846e6027eaf4.jpg
1760770598000,100008816518340,,Video,STORY,1,3.0,0.0,0.0,0.0,12979.0,https://instagram.com/stories/starbucksindia/3745937748607959514,https://prod2-channel-assets.sprinklr.com/60624/FACEBOOK/100839651/media/BA53589FE3EACE2C2586E3AB06268303.jpg
1760770815000,100008816519697,"This Diwali Own a piece of artistry by Abu Jani Sandeep Khosla + Starbucks exclusively at select Starbucks stores. 
 
[Starbucks India, Festive Season, Diwali, Coffee, Diwali Gifts]",Video,VIDEO,1,0.0,0.0,0.0,0.0,41.0,https://www.instagram.com/reel/DP8QBMHAYV8/,https://prod2-media-proxy.sprinklr.com/channel/data/media/60624/60ccac6d-376a-4577-8857-b817548ed6be.jpg
1760788560000,100008816890233,,Video,STORY,1,36.0,0.0,0.0,0.0,13439.0,https://instagram.com/stories/starbucksindia/3746088733368230073,https://prod2-channel-assets.sprinklr.com/60624/FACEBOOK/100839651/media/A49238501F228B4517AE8F8ACC8FEB53.jpg
1760788561000,100008816890229,,Video,STORY,1,0.0,0.0,0.0,0.0,0.0,https://instagram.com/stories/starbucksindia/3746088546453240614,https://prod2-channel-assets.sprinklr.com/60624/FACEBOOK/100839651/media/6E068CFF9341BC231F78889740ADAC55.jpg
1760788562000,100008816890231,,Video,STORY,1,0.0,0.0,0.0,0.0,0.0,https://instagram.com/stories/starbucksindia/3746088484645991659,https://prod2-channel-assets.sprinklr.com/60624/FACEBOOK/100839651/media/ACAA43017E15C4C6979F619BE06054D7.jpg
1760788563000,100008816890235,,Video,STORY,1,0.0,0.0,0.0,0.0,0.0,https://instagram.com/stories/starbucksindia/3746088514282964910,https://prod2-channel-assets.sprinklr.com/60624/FACEBOOK/100839651/media/8CF33A4FF46878C3F00FCBDD74F590A0.jpg
1760788585508,100008816881824,,Video,PHOTO,1,0.0,0.0,0.0,0.0,0.0,,https://lookaside.fbsbx.com/ig_messaging_cdn/
1760789319000,100008816993344,,Video,STORY,1,12.0,0.0,0.0,0.0,12304.0,https://instagram.com/stories/starbucksindia/3746094898131067955,https://prod2-channel-assets.sprinklr.com/60624/FACEBOOK/100839651/media/A452B9624C8FB92514350D2FB36E42DA.jpg
1760789320000,100008816993346,,Video,STORY,1,3.0,0.0,0.0,0.0,11872.0,https://instagram.com/stories/starbucksindia/3746094835526902614,https://prod2-channel-assets.sprinklr.com/60624/FACEBOOK/100839651/media/6792E9084F375D713D16811CDDFAC456.jpg
1760789321000,100008816993342,,Video,STORY,1,16.0,0.0,0.0,0.0,11004.0,https://instagram.com/stories/starbucksindia/3746094868133381147,https://prod2-channel-assets.sprinklr.com/60624/FACEBOOK/100839651/media/5A490014318F36E9D51A697A519123FE.jpg
1760789341319,100008816902096,,Video,PHOTO,1,0.0,0.0,0.0,0.0,0.0,,https://lookaside.fbsbx.com/ig_messaging_cdn/
1760790276000,100008828712687,,Video,STORY,1,0.0,0.0,0.0,0.0,0.0,https://www.instagram.com/p/DP81KlwDCL9/,https://prod2-channel-assets.sprinklr.com/60624/FACEBOOK/100839651/media/E0D334FD7E72BE23954EDA52D36FF114.jpg
1760790320000,100008828373192,,Photo,STORY,1,0.0,0.0,0.0,0.0,0.0,https://www.instagram.com/p/DP81P9FjGUF/,https://prod2-channel-assets.sprinklr.com/60624/FACEBOOK/100839651/media/2245A6C03D5F7F613432A54CE51EA843.jpg
1760790465000,100008830289887,,Photo,STORY,1,0.0,0.0,0.0,0.0,0.0,https://www.instagram.com/p/DP81hryDKNB/,https://prod2-channel-assets.sprinklr.com/60624/FACEBOOK/100839651/media/25F515E5A7F297AEF78D75E50200B3F0.jpg
1760790506000,100008863920066,,Photo,STORY,1,0.0,0.0,0.0,0.0,0.0,https://www.instagram.com/p/DP81mkljGqA/,https://prod2-channel-assets.sprinklr.com/60624/FACEBOOK/100839651/media/A176C5FE97D6968D5E78CD0A8FDA076A.jpg
1760790738000,100008863964997,,Photo,STORY,1,0.0,0.0,0.0,0.0,0.0,https://www.instagram.com/p/DP82C5-jOx6/,https://prod2-channel-assets.sprinklr.com/60624/FACEBOOK/100839651/media/341EDABE0B6EC7E4D7ABDE8698AA1114.jpg
1760790809000,100008840071378,,Photo,STORY,1,0.0,0.0,0.0,0.0,0.0,https://www.instagram.com/p/DP82LprDF5j/,https://prod2-channel-assets.sprinklr.com/60624/FACEBOOK/100839651/media/C44C9E6C432D7A0133EE04CF5CA16366.jpg
1760865713000,100008824065452,,Photo,STORY,1,5.0,0.0,0.0,0.0,14280.0,https://instagram.com/stories/starbucksindia/3746735667388973079,https://prod2-channel-assets.sprinklr.com/60624/FACEBOOK/100839651/media/D37E5EEC6E68C77D8113216378C3DD63.jpg
1760865721000,100008824019825,,Photo,PHOTO,1,0.0,0.0,0.0,0.0,0.0,,https://lookaside.fbsbx.com/ig_messaging_cdn/
1760865753000,100008824065458,,Photo,STORY,1,0.0,0.0,0.0,0.0,12432.0,https://instagram.com/stories/starbucksindia/3746735986634245024,https://prod2-channel-assets.sprinklr.com/60624/FACEBOOK/100839651/media/248E2C16712B2BEDD8D765A249DA20AE.jpg
1760865760000,100008824020398,,Photo,PHOTO,1,0.0,0.0,0.0,0.0,0.0,,https://lookaside.fbsbx.com/ig_messaging_cdn/
1760865800000,100008824065456,,Photo,STORY,1,0.0,0.0,0.0,0.0,11929.0,https://instagram.com/stories/starbucksindia/3746736378583572093,https://prod2-channel-assets.sprinklr.com/60624/FACEBOOK/100839651/media/537FE7B3E89B3648C3BC05279370A7AF.jpg
1760865806000,100008824021266,,Photo,PHOTO,1,0.0,0.0,0.0,0.0,0.0,,https://lookaside.fbsbx.com/ig_messaging_cdn/
1760866040000,100008824065454,,Video,STORY,1,0.0,0.0,0.0,0.0,11548.0,https://instagram.com/stories/starbucksindia/3746738373830766185,https://prod2-channel-assets.sprinklr.com/60624/FACEBOOK/100839651/media/DDA2940D56DA52575E3B753DAA5BEDA8.jpg
1760866058000,100008824026002,,Video,PHOTO,1,0.0,0.0,0.0,0.0,0.0,,https://lookaside.fbsbx.com/ig_messaging_cdn/
1760866085000,100008824065450,,Video,STORY,1,1.0,0.0,0.0,0.0,10985.0,https://instagram.com/stories/starbucksindia/3746738747752918624,https://prod2-channel-assets.sprinklr.com/60624/FACEBOOK/100839651/media/2E8881EF88AB5EEDD5CF688C9DC1A902.jpg
1760866108000,100008824026940,,Video,PHOTO,1,0.0,0.0,0.0,0.0,0.0,,https://lookaside.fbsbx.com/ig_messaging_cdn/
1760885762000,100008824505320,,Video,STORY,1,10.0,0.0,0.0,0.0,14905.0,https://instagram.com/stories/starbucksindia/3746903812380625999,https://prod2-channel-assets.sprinklr.com/60624/FACEBOOK/100839651/media/7CF538115D94AC96E93A609E9618658D.jpg
1760885783000,100008824496194,,Video,PHOTO,1,0.0,0.0,0.0,0.0,0.0,,https://lookaside.fbsbx.com/ig_messaging_cdn/
1760963408000,100008828573455,"Say Diwalliii... 
Here’s to the bright smiles and laughter that complete the festive season. 😊✨
 
[Starbucks India, Festive Season, Diwali, Coffee, Celebrations]",Photo,PHOTO,1,270.0,259.0,4.0,0.0,19549.0,https://www.instagram.com/p/DQB_Yt_CSUx/,https://prod2-media-proxy.sprinklr.com/channel/data/media/60624/22378d46-4d8b-46f6-aa3a-4ae8c9667189.jpg
1760983029000,100008830125681,,Photo,STORY,1,3.0,0.0,0.0,0.0,12229.0,https://instagram.com/stories/starbucksindia/3747719781206321336,https://prod2-channel-assets.sprinklr.com/60624/FACEBOOK/100839651/media/A900450AFDA8D4D6D094FDEC7F656105.jpg
1760983038000,100008830112425,,Photo,PHOTO,1,0.0,0.0,0.0,0.0,0.0,,https://lookaside.fbsbx.com/ig_messaging_cdn/
1760983081000,100008830125678,,Video,STORY,1,0.0,0.0,0.0,0.0,9852.0,https://instagram.com/stories/starbucksindia/3747720184983557366,https://prod2-channel-assets.sprinklr.com/60624/FACEBOOK/100839651/media/1A6DFEFAD2ECDC404BE6C86CD02CCF25.jpg
1760983099000,100008830115897,,Video,PHOTO,1,0.0,0.0,0.0,0.0,0.0,,https://lookaside.fbsbx.com/ig_messaging_cdn/
1760983171000,100008830125676,,Photo,STORY,1,2.0,0.0,0.0,0.0,9188.0,https://instagram.com/stories/starbucksindia/3747720963706396437,https://prod2-channel-assets.sprinklr.com/60624/FACEBOOK/100839651/media/03970E422F049AD5317407B38D6EDD45.jpg
1760983180000,100008830120384,,Photo,PHOTO,1,0.0,0.0,0.0,0.0,0.0,,https://lookaside.fbsbx.com/ig_messaging_cdn/
1760983196000,100008830125683,,Video,STORY,1,0.0,0.0,0.0,0.0,8825.0,https://instagram.com/stories/starbucksindia/3747721144321557603,https://prod2-channel-assets.sprinklr.com/60624/FACEBOOK/100839651/media/ECB30F4AD44CE5F2ADDD2A444203A4DE.jpg
1760983219000,100008830123096,,Video,PHOTO,1,0.0,0.0,0.0,0.0,0.0,,https://lookaside.fbsbx.com/ig_messaging_cdn/
1760983232000,100008830125674,,Photo,STORY,1,2.0,0.0,0.0,0.0,8594.0,https://instagram.com/stories/starbucksindia/3747721474094501530,https://prod2-channel-assets.sprinklr.com/60624/FACEBOOK/100839651/media/7798399AE3EC911A9971BD58A460B402.jpg
1760983241000,100008830124485,,Photo,PHOTO,1,0.0,0.0,0.0,0.0,0.0,,https://lookaside.fbsbx.com/ig_messaging_cdn/
1760983291000,100008830343028,,Video,STORY,1,4.0,0.0,0.0,0.0,8318.0,https://instagram.com/stories/starbucksindia/3747721945962076577,https://prod2-channel-assets.sprinklr.com/60624/FACEBOOK/100839651/media/89256053ABC1DAE528A17EFD1A12A817.jpg
1760983310000,100008830128454,,Video,PHOTO,1,0.0,0.0,0.0,0.0,0.0,,https://lookaside.fbsbx.com/ig_messaging_cdn/
1760983329000,100008830343026,,Photo,STORY,1,0.0,0.0,0.0,0.0,8171.0,https://instagram.com/stories/starbucksindia/3747722288527693397,https://prod2-channel-assets.sprinklr.com/60624/FACEBOOK/100839651/media/9DFF1C2D2FA03FC156D48D5F3D2C69D0.jpg
1760983337000,100008830130010,,Photo,PHOTO,1,0.0,0.0,0.0,0.0,0.0,,https://lookaside.fbsbx.com/ig_messaging_cdn/
1760983448000,100008830343007,,Video,STORY,1,2.0,0.0,0.0,0.0,7906.0,https://instagram.com/stories/starbucksindia/3747723264097623743,https://prod2-channel-assets.sprinklr.com/60624/FACEBOOK/100839651/media/F458479C8B52CB63CC6BFFD5F1A7C8C3.jpg
1760983467000,100008830137280,,Video,PHOTO,1,0.0,0.0,0.0,0.0,0.0,,https://lookaside.fbsbx.com/ig_messaging_cdn/
1760983473000,100008830343018,,Video,STORY,1,5.0,0.0,0.0,0.0,7754.0,https://instagram.com/stories/starbucksindia/3747723469685613229,https://prod2-channel-assets.sprinklr.com/60624/FACEBOOK/100839651/media/7067F240930D324C189EAC13D395CBC9.jpg
1760983489000,100008830138405,,Video,PHOTO,1,0.0,0.0,0.0,0.0,0.0,,https://lookaside.fbsbx.com/ig_messaging_cdn/
1761017400000,100008833396486,"The joy of festive season, captured in every flavour. 
 
Serving Diwali specials for a limited time at #HumariSpecialJagah 💚
 
[Starbucks India, Festive Season, Diwali, Coffee, Diwali Specials]",Video,VIDEO,1,583.0,487.0,1.0,0.0,31516.0,https://www.instagram.com/reel/DQDmat1ge4J/,https://prod2-media-proxy.sprinklr.com/channel/data/media/60624/19df9af1-c3e0-4e7d-849d-ac54d89fd3a8.jpg
1761041426000,100008834005153,,Video,STORY,1,0.0,0.0,0.0,0.0,10290.0,https://instagram.com/stories/starbucksindia/3748209618485788204,https://prod2-channel-assets.sprinklr.com/60624/FACEBOOK/100839651/media/813A50D7F2D51F46DA0FD972C4E98B04.jpg
1761041515000,100008833921535,"The joy of festive season, captured in every flavour. 
 
Serving Diwali specials for a limited time at #HumariSpecialJagah 💚
 
[Starbucks India, Festive Season, Diwali, Coffee, Diwali Specials]",Video,VIDEO,1,0.0,0.0,0.0,0.0,23.0,https://www.instagram.com/reel/DQEUVRvDEu5/,https://prod2-media-proxy.sprinklr.com/channel/data/media/60624/fda63311-7447-4b02-8ae7-e49a6e859b6a.jpg
1761103812000,100008839998367,"Where artistry meets tradition.

Celebrate this festive season with the exclusive Abu Jani Sandeep Khosla + Starbucks collectible available at select Starbucks stores.

[Starbucks India, Festive Season, Diwali, Coffee, Diwali Gifts]",Photo,PHOTO,1,402.0,371.0,3.0,0.0,23505.0,https://www.instagram.com/p/DQGLL_wjkbO/,https://prod2-media-proxy.sprinklr.com/channel/data/media/60624/f2e6cae6-3fad-4612-ac9a-7d40ac617fa9.jpg
1761194262000,100008846301720,,Photo,STORY,1,1.0,0.0,0.0,0.0,15341.0,https://instagram.com/stories/starbucksindia/3749491740848013234,https://prod2-channel-assets.sprinklr.com/60624/FACEBOOK/100839651/media/A894618919F4AA901253F03BF02F2AC7.jpg
1761194271000,100008846282147,,Photo,PHOTO,1,0.0,0.0,0.0,0.0,0.0,,https://lookaside.fbsbx.com/ig_messaging_cdn/
1761194295000,100008846301713,,Video,STORY,1,0.0,0.0,0.0,0.0,13157.0,https://instagram.com/stories/starbucksindia/3749491972281330492,https://prod2-channel-assets.sprinklr.com/60624/FACEBOOK/100839651/media/B958FB6F9940489C1B75AC327B667370.jpg
1761194311000,100008846282647,,Video,PHOTO,1,0.0,0.0,0.0,0.0,0.0,,https://lookaside.fbsbx.com/ig_messaging_cdn/
1761194344000,100008846301717,,Video,STORY,1,0.0,0.0,0.0,0.0,12381.0,https://instagram.com/stories/starbucksindia/3749492386376578803,https://prod2-channel-assets.sprinklr.com/60624/FACEBOOK/100839651/media/76C8262FE36CA2E0101F74EA18128BB1.jpg
1761194364000,100008846283370,,Video,PHOTO,1,0.0,0.0,0.0,0.0,0.0,,https://lookaside.fbsbx.com/ig_messaging_cdn/
1761194477000,100008846301727,,Video,STORY,1,3.0,0.0,0.0,0.0,12078.0,https://instagram.com/stories/starbucksindia/3749493499662264386,https://prod2-channel-assets.sprinklr.com/60624/FACEBOOK/100839651/media/5A41642C8A0F41164FC7B51FAE638206.jpg
1761194497000,100008846285325,,Video,PHOTO,1,0.0,0.0,0.0,0.0,0.0,,https://lookaside.fbsbx.com/ig_messaging_cdn/
1761194517000,100008846301724,,Photo,STORY,1,5.0,0.0,0.0,0.0,11838.0,https://instagram.com/stories/starbucksindia/3749493857369316644,https://prod2-channel-assets.sprinklr.com/60624/FACEBOOK/100839651/media/D5859E71F0EF610AB9739AD40C887293.jpg
1761194524000,100008846285605,,Photo,PHOTO,1,0.0,0.0,0.0,0.0,0.0,,https://lookaside.fbsbx.com/ig_messaging_cdn/
1761194611000,100008846301710,,Video,STORY,1,5.0,0.0,0.0,0.0,11248.0,https://instagram.com/stories/starbucksindia/3749494628802471845,https://prod2-channel-assets.sprinklr.com/60624/FACEBOOK/100839651/media/999A4C50B04708FD4D18C2068B79405E.jpg
1761194632000,100008846287151,,Video,PHOTO,1,0.0,0.0,0.0,0.0,0.0,,https://lookaside.fbsbx.com/ig_messaging_cdn/
1761229612000,100008847252252,"In the misty hills of Coorg, the Earth speaks in the notes of coffee. Three Indian Coffee Estates, Nullore, Margolly, and Karadibetta, each with a unique story of flavours. 
 
Introducing, three coffee blends from the highlands of Karnataka, crafted to bring the richness of the Indian coffee heritage to your cup. 

Now available at your nearest Starbucks. 
 
[Starbucks India, Coffee, Indian Coffee Estates, Coffee Blend, Coffee Beans]",Video,VIDEO,1,700.0,607.0,18.0,0.0,24842.0,https://www.instagram.com/reel/DQJ6_JJjHSG/,https://prod2-media-proxy.sprinklr.com/channel/data/media/60624/415fed4b-4e40-4a67-bf7a-fb222846d292.jpg
1761229695000,100008847262021,"In the misty hills of Coorg, the Earth speaks in the notes of coffee. Three Indian Coffee Estates, Nullore, Margolly, and Karadibetta, each with a unique story of flavours. 
 
Introducing, three coffee blends from the highlands of Karnataka, crafted to bring the richness of the Indian coffee heritage to your cup. 

Now available at your nearest Starbucks. 
 
[Starbucks India, Coffee, Indian Coffee Estates, Coffee Blend, Coffee Beans]",Video,VIDEO,1,2.0,2.0,0.0,0.0,29.0,https://www.instagram.com/reel/DQJ7J0QjNlk/,https://prod2-media-proxy.sprinklr.com/channel/data/media/60624/93d28be1-6492-4439-bf0e-3f8e420e0bac.jpg
1761276600000,100008852199093,"When precision meets balance, you taste the perfect Flat White.

Experience it today at your nearest Starbucks!
 
[Starbucks India, Coffee, Coffee Reel, Everyday Coffee, Coffee Lovers]",Video,VIDEO,1,680.0,623.0,4.0,0.0,31743.0,https://www.instagram.com/reel/DQLUxwHASL0/,https://prod2-media-proxy.sprinklr.com/channel/data/media/60624/9a6c4cbe-1315-4eb8-b6b1-da89d512c2fa.jpg
1761279956000,100008852271466,,Photo,STORY,1,1.0,0.0,0.0,0.0,16463.0,https://instagram.com/stories/starbucksindia/3750210578292677188,https://prod2-channel-assets.sprinklr.com/60624/FACEBOOK/100839651/media/DBE4AC0672B090975189BDE0F44B3D4B.jpg
1761279963000,100008852250037,,Photo,PHOTO,1,0.0,0.0,0.0,0.0,0.0,,https://lookaside.fbsbx.com/ig_messaging_cdn/
1761280142000,100008852271464,,Video,STORY,1,3.0,0.0,0.0,0.0,14285.0,https://instagram.com/stories/starbucksindia/3750212110555831332,https://prod2-channel-assets.sprinklr.com/60624/FACEBOOK/100839651/media/7C3373AEFAF92CBAB303B8748169FA16.jpg
1761280159000,100008852247686,,Video,PHOTO,1,0.0,0.0,0.0,0.0,0.0,,https://lookaside.fbsbx.com/ig_messaging_cdn/
1761282178000,100008852319108,,Video,STORY,1,2.0,0.0,0.0,0.0,13356.0,https://instagram.com/stories/starbucksindia/3750229192295089818,https://prod2-channel-assets.sprinklr.com/60624/FACEBOOK/100839651/media/FC82D64366AFD54EE74A3EA43B927142.jpg
1761282197000,100008852273171,,Video,PHOTO,1,0.0,0.0,0.0,0.0,0.0,,https://lookaside.fbsbx.com/ig_messaging_cdn/
1761282234000,100008852319111,,Photo,STORY,1,7.0,0.0,0.0,0.0,12982.0,https://instagram.com/stories/starbucksindia/3750229677408307557,https://prod2-channel-assets.sprinklr.com/60624/FACEBOOK/100839651/media/4C7310F830B8A7C19171EB3D23382560.jpg
1761282240000,100008852273703,,Photo,PHOTO,1,0.0,0.0,0.0,0.0,0.0,,https://lookaside.fbsbx.com/ig_messaging_cdn/
1761282263000,100008852280581,,Video,STORY,1,4.0,0.0,0.0,0.0,12539.0,https://instagram.com/stories/starbucksindia/3750229903212852081,https://prod2-channel-assets.sprinklr.com/60624/FACEBOOK/100839651/media/C5753795FCDE340446793BCD9E31D85D.jpg
1761282282000,100008852274251,,Video,PHOTO,1,0.0,0.0,0.0,0.0,0.0,,https://lookaside.fbsbx.com/ig_messaging_cdn/
1761287756000,100008852379157,,Video,STORY,1,0.0,0.0,0.0,0.0,11591.0,https://instagram.com/stories/starbucksindia/3750276020138970255,https://prod2-channel-assets.sprinklr.com/60624/FACEBOOK/100839651/media/F39781803EE947FFEE8E94EC778922FF.jpg
1761363000000,100008858107489,"“Hi, my name is Taran, and this is how my coffee journey started.
 
Back in 2022, when I joined Starbucks, it wasn’t just a job, but a personality shift for me. Connecting with customers every day, helped me step out of my comfort zone and find confidence through conversations. 
 
Overtime, I realised coffee is not just a beverage, but a bridge that connects people, be it customers or partners. 
 
As a Shift Supervisor, I’ve learnt that true leadership is about guiding others and celebrating their wins as we grow together.” 
 
#ItStartsWithMyName 
 
[Starbucks India, Starbucks Partner, Coffee, Barista Life, Barista]",Video,VIDEO,1,946.0,874.0,22.0,0.0,28164.0,https://www.instagram.com/reel/DQN5kpkgTmw/,https://prod2-media-proxy.sprinklr.com/channel/data/media/60624/1ceffcf3-e6b9-4a67-93f6-632d4c775662.jpg
1761404940000,100008859276334,"“Hi, my name is Taran, and this is how my coffee journey started.
 
Back in 2022, when I joined Starbucks, it wasn’t just a job, but a personality shift for me. Connecting with customers every day, helped me step out of my comfort zone and find confidence through conversations. 
 
Overtime, I realised coffee is not just a beverage, but a bridge that connects people, be it customers or partners. 
 
As a Shift Supervisor, I’ve learnt that true leadership is about guiding others and celebrating their wins as we grow together.” 
 
#ItStartsWithMyName 
 
[Starbucks India, Starbucks Partner, Coffee, Barista Life, Barista]",Video,VIDEO,1,0.0,0.0,0.0,0.0,31.0,https://www.instagram.com/reel/DQPH4bmDEXl/,https://prod2-media-proxy.sprinklr.com/channel/data/media/60624/7964e1e9-4242-4233-ae6f-2cf8f2d90d95.jpg
1761449400000,100008862970310,"This Starbucks Rewards Day, it’s all about YOU! ✨
Treat yourself to your favorite new beverages and walk away with a super cute, free limited-edition bento box, on us! It’s the perfect way to carry your snacks in style.💚

Drop by on November 1st and 2nd to get your exclusive reward! See you soon.🫶🏻

*T&C Apply
*Offer valid only on a minimum spend of ₹900

[Starbucks India, Starbucks Rewards, Limited Edition, Free Gift, Bento Box]",Video,VIDEO,1,1666.0,1124.0,34.0,0.0,46744.0,https://www.instagram.com/reel/DQQeWuGAWZ6/,https://prod2-media-proxy.sprinklr.com/channel/data/media/60624/be11933c-357e-4922-a74b-4d9b5e6267b3.jpg
1761475331000,100008863437603,"This Starbucks Rewards Day, it’s all about YOU! ✨
Treat yourself to your favorite new beverages and walk away with a super cute, free limited-edition bento box, on us! It’s the perfect way to carry your snacks in style.💚

Drop by on November 1st and 2nd to get your exclusive reward! See you soon.🫶🏻

*T&C Apply
*Offer valid only on a minimum spend of ₹900

[Starbucks India, Starbucks Rewards, Limited Edition, Free Gift, Bento Box]",Video,VIDEO,1,6.0,3.0,0.0,0.0,178.0,https://www.instagram.com/reel/DQRPurkDBUs/,https://prod2-media-proxy.sprinklr.com/channel/data/media/60624/5ee2f55e-e42d-45c0-a4be-420191a83335.jpg
1761476570000,100008863551262,,Video,STORY,1,13.0,0.0,0.0,0.0,18354.0,https://instagram.com/stories/starbucksindia/3751860020804622488,https://prod2-channel-assets.sprinklr.com/60624/FACEBOOK/100839651/media/EDDA3FEB424DCE39D06DCB32D5B69737.jpg
1761558517000,100008903536091,,Video,STORY,1,0.0,0.0,0.0,0.0,0.0,https://www.instagram.com/p/DQTud8qjO8p/,https://prod2-channel-assets.sprinklr.com/60624/FACEBOOK/100839651/media/5BD455C859D7FE445A68B2B67C0DBFF5.jpg
1761558521000,100008892716516,,Video,STORY,1,0.0,0.0,0.0,0.0,0.0,https://www.instagram.com/p/DQTueaTjAHX/,https://prod2-channel-assets.sprinklr.com/60624/FACEBOOK/100839651/media/615A655A6A8972A3D844FDE54435D8BC.jpg
1761561248000,100008869174859,"A harmonious blend of modern design and traditional aesthetic, our limited edition Starbucks collectible by the inimitable Abu Jani and Sandeep Khosla is unmissable. 💚

Available exclusively in select Starbucks stores.

[Starbucks India, Gift Ideas, Limited Edition, Gifting, Coffee]",Photo,CAROUSEL,3,567.0,517.0,12.0,0.0,25430.0,https://www.instagram.com/p/DQTzrXOkjXM/,
1761622200000,100008875108317,"Starbucks Rewards members, something exciting is brewing only for you! ☕💚

Sip on the all-new beverages and make it extra special with a free, limited-edition bento box. ✨
 
Join us on November 1st and 2nd to get your exclusive goodies. 
 
*T&C Apply 
*Offer valid only on a minimum spend of ₹900 
 
[Starbucks India, Starbucks Rewards, Limited Edition, Free Gift, Bento Box]",Photo,PHOTO,1,2220.0,1031.0,54.0,0.0,48935.0,https://www.instagram.com/p/DQVoBGtDGuz/,https://prod2-media-proxy.sprinklr.com/channel/data/media/60624/ff43193d-38ae-4cd4-88b8-f00ab85641b4.jpg
1761744336000,100008883654954,"Sip happy, sip smooth, sip Zero Proof Cocktails*

Available exclusively at Starbucks Reserve Mumbai.

📍 Ground Floor, Elphinstone Building, Horniman Circle, Fort, Mumbai, Maharashtra

*All listed beverages are non-alcoholic flavoured beverages.

[Starbucks Reserve, Coffee, Cocktail Culture, Cocktail Hour, Cocktail Art]",Video,VIDEO,1,691.0,486.0,11.0,0.0,37644.0,https://www.instagram.com/reel/DQZPw5JDBJT/,https://prod2-media-proxy.sprinklr.com/channel/data/media/60624/ba5f0ec9-1f3d-44aa-9640-79a4e5e561f8.jpg
1761744566000,100008883695414,"Sip happy, sip smooth, sip Zero Proof Cocktails*

Available exclusively at Starbucks Reserve Mumbai.

📍 Ground Floor, Elphinstone Building, Horniman Circle, Fort, Mumbai, Maharashtra

*All listed beverages are non-alcoholic flavoured beverages.

[Starbucks Reserve, Coffee, Cocktail Culture, Cocktail Hour, Cocktail Art]",Video,VIDEO,1,0.0,0.0,0.0,0.0,69.0,https://www.instagram.com/reel/DQZRTRkDLR0/,https://prod2-media-proxy.sprinklr.com/channel/data/media/60624/ffcb69a9-569a-41d7-a9dd-44a0ae0c7f18.jpg
1761745297000,100008883724167,,Video,STORY,1,27.0,0.0,0.0,0.0,16378.0,https://instagram.com/stories/starbucksindia/3754114135882480029,https://prod2-channel-assets.sprinklr.com/60624/FACEBOOK/100839651/media/62B69C331945286CBC51CA7B70365168.jpg
1761915390000,100008903610261,,Video,STORY,1,52.0,0.0,0.0,0.0,20000.0,https://instagram.com/stories/starbucksindia/3755540988459534433,https://prod2-channel-assets.sprinklr.com/60624/FACEBOOK/100839651/media/587C932E6A9C65166BBD7A61F2A7CFAB.jpg
1761916464000,100008903681509,"In our endeavour to bring to you the World’s Finest Coffee Beans, we began right here at home, India💚

Discover Starbucks’ first-ever range of Indian single-origin coffees, a journey through the country’s most celebrated estates.

Nullore, Margolly and Karadibetta Estates, now available at a Starbucks near you.

[Starbucks India, Coffee, Indian Coffee Estates, Single-origin, Coffee Beans]",Video,VIDEO,1,0.0,0.0,0.0,0.0,0.0,https://www.instagram.com/reel/DQeZEoIjJ_A/,https://prod2-media-proxy.sprinklr.com/channel/data/media/60624/0a52dabe-2a0f-47bf-8d8b-cbf8594303a0.jpg
1761916482000,100008903681503,"In our endeavour to bring to you the World’s Finest Coffee Beans, we began right here at home, India💚

Discover Starbucks’ first-ever range of Indian single-origin coffees, a journey through the country’s most celebrated estates.

Nullore, Margolly and Karadibetta Estates, now available at a Starbucks near you.

[Starbucks India, Coffee, Indian Coffee Estates, Single-origin, Coffee Beans]",Video,VIDEO,1,0.0,0.0,0.0,0.0,32.0,https://www.instagram.com/reel/DQeZN36jGIz/,https://prod2-media-proxy.sprinklr.com/channel/data/media/60624/7ad5b8b4-dd60-45b6-903a-33b45532df91.jpg
1761921826000,100008904088538,,Video,VIDEO,1,299.0,283.0,3.0,0.0,10145.0,https://www.instagram.com/reel/DQejWwMjLpb/,https://prod2-media-proxy.sprinklr.com/channel/data/media/60624/2bd2695b-37d9-401d-9300-3f1bac818889.jpg
1761924633000,100008904354360,"In our endeavour to bring to you World’s Finest Coffee Beans, we began right here at home, India💚

Discover Starbucks’ first-ever range of Indian single-origin coffees, a journey through the country’s most celebrated estates.

Nullore, Margolly and Karadibetta Estates, now available at a Starbucks near you.",Video,VIDEO,1,372.0,341.0,5.0,0.0,21858.0,https://www.instagram.com/reel/DQeovJJDEiT/,https://prod2-media-proxy.sprinklr.com/channel/data/media/60624/1e1dd2b2-cd04-4b90-862b-d30e0fac6248.jpg
1761967808000,100008912443416,"ATTENTION! Your new favourites just dropped. 🤩 

✨ Tamarind Shikanji Cold Brew 
✨ Cola Cold Brew Float 
✨ Apple Grapefruit Refresher®️
✨ Spiced Classic Hot Coffee 

Available now, at your nearest Starbucks. Limited time only. 

[Starbucks India, New at Starbucks, Coffee, Refreshers, Cold Brew]",Photo,CAROUSEL,5,1499.0,1084.0,15.0,0.0,32918.0,https://www.instagram.com/p/DQf7IORDL76/,
1761967816000,100008912480802,,Photo,STORY,1,11.0,0.0,0.0,0.0,21678.0,https://instagram.com/stories/starbucksindia/3755980730061627606,https://prod2-channel-assets.sprinklr.com/60624/FACEBOOK/100839651/media/C85AB26A03389FA263BB964E4C1C7798.jpg
1761967831000,100008912480804,,Photo,STORY,1,180.0,0.0,0.0,0.0,19303.0,https://instagram.com/stories/starbucksindia/3755980855211282238,https://prod2-channel-assets.sprinklr.com/60624/FACEBOOK/100839651/media/7944C99FCCB92505E1E306C5C4D4AD73.jpg
1762013933000,100008914184954,,Video,STORY,1,51.0,0.0,0.0,0.0,30363.0,https://instagram.com/stories/starbucksindia/3756367600524461916,https://prod2-channel-assets.sprinklr.com/60624/FACEBOOK/100839651/media/574BB53B26BF78874D6A0708AB0DA254.jpg
1762013956000,100008914127148,,Video,PHOTO,1,0.0,0.0,0.0,0.0,0.0,,https://lookaside.fbsbx.com/ig_messaging_cdn/
1762013970000,100008914162368,,Video,STORY,1,36.0,0.0,0.0,0.0,27660.0,https://instagram.com/stories/starbucksindia/3756367905953697421,https://prod2-channel-assets.sprinklr.com/60624/FACEBOOK/100839651/media/C87D863F561F70CD76A793C7250E8D6C.jpg
1762054210000,100008916845118,,Photo,STORY,1,147.0,0.0,0.0,0.0,27224.0,https://instagram.com/stories/starbucksindia/3756705453758540800,https://prod2-channel-assets.sprinklr.com/60624/FACEBOOK/100839651/media/58E429292821FE8313BC5425F1891646.jpg
1762109116000,100008920888151,"We raise our cups to the women in blue, who raised a cup for the nation 💙 

[ Starbucks India , Women’s Cricket , World Cup Final 2025 , Champions ]",Photo,PHOTO,1,5945.0,5732.0,24.0,0.0,70412.0,https://www.instagram.com/p/DQkIp0gjKC7/,https://prod2-media-proxy.sprinklr.com/channel/data/media/60624/1656112a-4e5b-4edd-9c22-19fdb2fdad25.jpg
1762109350000,100008921201406,,Photo,STORY,1,2.0,0.0,0.0,0.0,14721.0,https://instagram.com/stories/starbucksindia/3757168033740374358,https://prod2-channel-assets.sprinklr.com/60624/FACEBOOK/100839651/media/7F79817E85D13887D1C27045F1B38081.jpg
1762109359000,100008920936887,,Photo,PHOTO,1,0.0,0.0,0.0,0.0,0.0,,https://lookaside.fbsbx.com/ig_messaging_cdn/
1762158586461,100008924970561,,Link,PHOTO,1,0.0,0.0,0.0,0.0,0.0,,https://lookaside.fbsbx.com/ig_messaging_cdn/
1762158596170,100008924970768,,Link,PHOTO,1,0.0,0.0,0.0,0.0,0.0,,https://lookaside.fbsbx.com/ig_messaging_cdn/
1762158614380,100008924971264,,Link,PHOTO,1,0.0,0.0,0.0,0.0,0.0,,https://lookaside.fbsbx.com/ig_messaging_cdn/
1762158644492,100008924972069,,Link,PHOTO,1,0.0,0.0,0.0,0.0,0.0,,https://lookaside.fbsbx.com/ig_messaging_cdn/
1762158656521,100008924972423,,Link,PHOTO,1,0.0,0.0,0.0,0.0,0.0,,https://lookaside.fbsbx.com/ig_messaging_cdn/
1762158668019,100008924972758,,Link,PHOTO,1,0.0,0.0,0.0,0.0,0.0,,https://lookaside.fbsbx.com/ig_messaging_cdn/
1762158702800,100008924973746,,Link,PHOTO,1,0.0,0.0,0.0,0.0,0.0,,https://lookaside.fbsbx.com/ig_messaging_cdn/
1762158726657,100008924974563,,Video,VIDEO,1,0.0,0.0,0.0,0.0,0.0,,
1762158757774,100008924979579,,Link,PHOTO,1,0.0,0.0,0.0,0.0,0.0,,https://lookaside.fbsbx.com/ig_messaging_cdn/
1762158794644,100008924984870,,Link,PHOTO,1,0.0,0.0,0.0,0.0,0.0,,https://lookaside.fbsbx.com/ig_messaging_cdn/
1762158884029,100008924990629,,Video,VIDEO,1,0.0,0.0,0.0,0.0,0.0,,
1762159995220,100008925063550,,Link,PHOTO,1,0.0,0.0,0.0,0.0,0.0,,https://lookaside.fbsbx.com/ig_messaging_cdn/
1762160020470,100008925067040,,Link,PHOTO,1,0.0,0.0,0.0,0.0,0.0,,https://lookaside.fbsbx.com/ig_messaging_cdn/
1762160240746,100008925076488,,Video,VIDEO,1,0.0,0.0,0.0,0.0,0.0,,
1762160314969,100008925085317,,Link,PHOTO,1,0.0,0.0,0.0,0.0,0.0,,https://lookaside.fbsbx.com/ig_messaging_cdn/
1762160473766,100008925097580,,Link,PHOTO,1,0.0,0.0,0.0,0.0,0.0,,https://lookaside.fbsbx.com/ig_messaging_cdn/
1762162009000,100008937703949,,Video,STORY,1,0.0,0.0,0.0,0.0,0.0,https://www.instagram.com/p/DQltib6DCKR/,https://prod2-channel-assets.sprinklr.com/60624/FACEBOOK/100839651/media/F3D49A0A3370CBAFF33D6622AEF27C05.jpg
1762186092000,100008926702936,"“Hi, I’m Bhavya. When I joined Starbucks, I never imagined that seeing customers smiling over a cup of coffee would mean so much to me. 
 
From starting as a part-time barista to earning my black apron, and now becoming an Assistant Store Manager, Starbucks has helped me discover my true potential. 
 
Whether its serving coffee to our customers or appreciating the craft of coffee-making, this journey has shaped who I am today. 
 
With every new opportunity and experience, I have realised that at Starbucks, the possibilities for growth are truly endless.” 
 
#ItStartsWithMyName 
 
[Starbucks India, Starbucks Partner, Starbucks Barista Life, Barista, Barista Lifestyle]",Video,VIDEO,1,1457.0,1303.0,57.0,0.0,32960.0,https://www.instagram.com/reel/DQmbXt-DDj-/,https://prod2-media-proxy.sprinklr.com/channel/data/media/60624/1470cf45-0265-4a67-a30a-edb59584bf24.jpg
1762186128000,100008926715256,"“Hi, I’m Bhavya. When I joined Starbucks, I never imagined that seeing customers smiling over a cup of coffee would mean so much to me. 
 
From starting as a part-time barista to earning my black apron, and now becoming an Assistant Store Manager, Starbucks has helped me discover my true potential. 
 
Whether its serving coffee to our customers or appreciating the craft of coffee-making, this journey has shaped who I am today. 
 
With every new opportunity and experience, I have realised that at Starbucks, the possibilities for growth are truly endless.” 
 
#ItStartsWithMyName 
 
[Starbucks India, Starbucks Partner, Starbucks Barista Life, Barista, Barista Lifestyle]",Video,VIDEO,1,0.0,0.0,0.0,0.0,40.0,https://www.instagram.com/reel/DQmbgNsjAA8/,https://prod2-media-proxy.sprinklr.com/channel/data/media/60624/22742edd-1c53-48de-8f0b-d015c37f950d.jpg
1762190252000,100008927543015,,Video,STORY,1,4.0,0.0,0.0,0.0,11860.0,https://instagram.com/stories/starbucksindia/3757846689466862476,https://prod2-channel-assets.sprinklr.com/60624/FACEBOOK/100839651/media/9054D51432F514F85151534A4127D1E9.jpg
1762262085692,100008931504857,,Video,VIDEO,1,0.0,0.0,0.0,0.0,0.0,,
1762262323235,100008931516641,,Video,VIDEO,1,0.0,0.0,0.0,0.0,0.0,,
1762262339701,100008931517426,,Video,VIDEO,1,0.0,0.0,0.0,0.0,0.0,,
1762262349909,100008931517905,,Video,VIDEO,1,0.0,0.0,0.0,0.0,0.0,,
1762267881000,100008931843542,"From our first store in 2012 to our 500th this year - every connection, every smile, every welcome began with you.
Because it always starts with you. 💚

[Starbucks India, Coffee, 500 Ways to Belong, Milestone, India, New store, Coming Soon, Celebration]",Video,VIDEO,1,1784.0,1520.0,65.0,0.0,50149.0,https://www.instagram.com/reel/DQo3St0DGnq/,https://prod2-media-proxy.sprinklr.com/channel/data/media/60624/3712d715-d222-43e3-9ff7-4fe813ff949d.jpg
1762320612000,100008937759210,,Photo,STORY,1,12.0,0.0,0.0,0.0,5246.0,https://instagram.com/stories/starbucksindia/3758940196000896501,https://prod2-channel-assets.sprinklr.com/60624/FACEBOOK/100839651/media/039A873D3663032E198248F4488A82CE.jpg
1762337924000,100008938285762,,Photo,STORY,1,22.0,0.0,0.0,0.0,23059.0,https://instagram.com/stories/starbucksindia/3759085420983310304,https://prod2-channel-assets.sprinklr.com/60624/FACEBOOK/100839651/media/9DDCDD5B9E40A7D4AD54ABF591BB2F9D.jpg
1762400100000,100008946012900,"From 1 to 500 stores. Endless smiles. And a celebration just for you. 💚

Come join us on 15th & 16th November for a little something special:

☕ A tall beverage of your choice
🍪 A sweet treat
🧸 A cute bag tag

All at a special price of Rs.500, see you soon? ☺️

#500WaysToBelong

[Starbucks India, Starbucks Offers, Combo, Coffee, Coffee Lovers]",Video,VIDEO,1,8504.0,3207.0,86.0,0.0,96683.0,https://www.instagram.com/reel/DQszxA1jBeb/,https://prod2-media-proxy.sprinklr.com/channel/data/media/60624/721a5903-898a-465e-aecd-75240e515f9e.jpg
1762404712000,100008946086543,"From 1 to 500 stores. Endless smiles. And a celebration just for you. 💚

Come join us on 15th & 16th November for a little something special:

☕ A tall beverage of your choice
🍪 A sweet treat
🧸 A cute bag tag

All at a special price of Rs.500, see you soon? ☺️

#500WaysToBelong

[Starbucks India, Starbucks Offers, Combo, Coffee, Coffee Lovers]",Video,VIDEO,1,1.0,1.0,0.0,0.0,43.0,https://www.instagram.com/reel/DQs8blajGvq/,https://prod2-media-proxy.sprinklr.com/channel/data/media/60624/83b7dbfc-f423-46b9-be7b-46532b4c9856.jpg
1762486207000,100008955508220,"Warmth and comfort, now in a cup. 
Meet the new Spiced Classic Hot Coffee, the latest addition to our classic beverages lineup. ☕️✨
 
Now at your nearest Starbucks.
 
[Starbucks India, New at Starbucks, Spiced Classic Hot Coffee, Classic Beverages, Coffee Lovers]",Photo,CAROUSEL,2,758.0,671.0,26.0,0.0,32573.0,https://www.instagram.com/p/DQvX5ZtDfN0/,
1762612942000,100008964237557,"From the hills rising 1000 meters high, Karadibetta Coffee Estate carries the essence of India’s timeless coffee legacy. 

Now available at your nearest Starbucks 💚

[Starbucks India, Coffee, Indian Coffee Estates, Single-origin, Coffee Beans]",Photo,CAROUSEL,2,518.0,486.0,9.0,0.0,24449.0,https://www.instagram.com/p/DQzJn8YjEgE/,
1762684200000,100008970727690,"A perfect cup of coffee begins with the perfect brew. 
 
Vibhor is here to demonstrate the craft of making Pour Over coffee using our India Estates Single-Origin Coffee. 
 
Watch as he takes you through the aroma, the flavours, and everything in between. ✨
 
[Starbucks India, Coffee, Single-Origin Coffee, Pour-Over, Indian Coffee Estates]",Video,VIDEO,1,1715.0,1528.0,41.0,0.0,35185.0,https://www.instagram.com/reel/DQ1RkwWjPM8/,https://prod2-media-proxy.sprinklr.com/channel/data/media/60624/74aed2ca-d88c-4006-8ae8-d7c49cb6ff50.jpg
1762758585000,100008978273089,,Video,STORY,1,0.0,0.0,0.0,0.0,0.0,https://www.instagram.com/p/DQ3faqoDL24/,https://prod2-channel-assets.sprinklr.com/60624/FACEBOOK/100839651/media/082DD2F48BB16279DAE4BEB848E2EA8C.jpg
1762758588000,100008982954887,,Video,STORY,1,0.0,0.0,0.0,0.0,0.0,https://www.instagram.com/p/DQ3fa9SjCjr/,https://prod2-channel-assets.sprinklr.com/60624/FACEBOOK/100839651/media/0F6E1A110A4E0FA1387FEB13E1EF719E.jpg
1762782869000,100008978284290,,Photo,STORY,1,34.0,0.0,0.0,0.0,28137.0,https://instagram.com/stories/starbucksindia/3762817922155456815,https://prod2-channel-assets.sprinklr.com/60624/FACEBOOK/100839651/media/159095DD1829AC4D3EF4F40CAE7D4D0A.jpg
1762840913000,100008985394006,"Priorities? Scheduled. 

See you sipping your Spiced Classic Hot Coffee at your nearest Starbucks. ☕
 
[Starbucks India, Spiced Classic Hot Coffee, Classic Beverages, Coffee, Coffee Lovers]",Photo,PHOTO,1,695.0,611.0,10.0,0.0,32999.0,https://www.instagram.com/p/DQ58cawAQaR/,https://prod2-media-proxy.sprinklr.com/channel/data/media/60624/d79408c6-58cf-4042-b27c-200bbc2c9f39.jpg
1762858643000,100008987322292,,Photo,STORY,1,0.0,0.0,0.0,0.0,0.0,https://www.instagram.com/p/DQ6eQx7DCJD/,https://prod2-channel-assets.sprinklr.com/60624/FACEBOOK/100839651/media/D7012CF9F62742B7D5C9168EA0B52FB2.jpg
1762859917000,100008997392689,,Photo,STORY,1,0.0,0.0,0.0,0.0,0.0,https://www.instagram.com/p/DQ6gsP4DHU8/,https://prod2-channel-assets.sprinklr.com/60624/FACEBOOK/100839651/media/52CF5A40507E720B1C6A9B0E551BD935.jpg
1762859919000,100008994058501,,Photo,STORY,1,0.0,0.0,0.0,0.0,0.0,https://www.instagram.com/p/DQ6gshvDKjg/,https://prod2-channel-assets.sprinklr.com/60624/FACEBOOK/100839651/media/1191B182E0FDD11487B0E2F83BC4A1B1.jpg
1762942633000,100008994014757,,Photo,STORY,1,1542.0,0.0,0.0,0.0,34966.0,https://instagram.com/stories/starbucksindia/3764158133086297288,https://prod2-channel-assets.sprinklr.com/60624/FACEBOOK/100839651/media/D6CD0FB0AB28883FEF00043DFAE45424.jpg
1762951761000,100008994430196,"Never thought fruits could get so chill🍎

[Starbucks India, New at Starbucks, Apple Grapefruit Refresher, Today’s Mood]",Video,VIDEO,1,0.0,0.0,0.0,0.0,0.0,https://www.instagram.com/reel/DQ9PqS1gXDY/,https://prod2-media-proxy.sprinklr.com/channel/data/media/60624/5a519962-62a7-4751-98c4-5cc66da64ca7.jpg
1762952216000,100008994446758,"Never thought fruits could get so chill🍎

[Starbucks India, New at Starbucks, Apple Grapefruit Refresher, Today’s Mood]",Video,VIDEO,1,1143.0,1055.0,11.0,0.0,30211.0,https://www.instagram.com/reel/DQ9QrPgAZfh/,https://prod2-media-proxy.sprinklr.com/channel/data/media/60624/efde20a5-b10b-4eb7-980a-941e50af87b9.jpg
1762952280000,100008994459711,"Never thought fruits could get so chill🍎

[Starbucks India, New at Starbucks, Apple Grapefruit Refresher, Today’s Mood]",Video,VIDEO,1,0.0,0.0,0.0,0.0,29.0,https://www.instagram.com/reel/DQ9Q1q_gUGf/,https://prod2-media-proxy.sprinklr.com/channel/data/media/60624/3bb03d0e-0cb6-4bbb-abf4-9a5b51a7f4e4.jpg
1762954568000,100008994630179,,Photo,STORY,1,7.0,0.0,0.0,0.0,24165.0,https://instagram.com/stories/starbucksindia/3764258243489886105,https://prod2-channel-assets.sprinklr.com/60624/FACEBOOK/100839651/media/B49EE0650978A487B07ABA67DA263BE6.jpg
1762954577000,100008994558004,,Photo,PHOTO,1,0.0,0.0,0.0,0.0,0.0,,https://lookaside.fbsbx.com/ig_messaging_cdn/
1762954902000,100008994630177,,Video,STORY,1,4.0,0.0,0.0,0.0,21535.0,https://instagram.com/stories/starbucksindia/3764261035227000620,https://prod2-channel-assets.sprinklr.com/60624/FACEBOOK/100839651/media/DBD265111D2FDDD4483D79C60A459194.jpg
1762954918000,100008994573963,,Video,PHOTO,1,0.0,0.0,0.0,0.0,0.0,,https://lookaside.fbsbx.com/ig_messaging_cdn/
1762966622000,100008997466319,,Video,STORY,1,0.0,0.0,0.0,0.0,0.0,https://instagram.com/stories/starbucksindia/3764359437650516876,https://prod2-channel-assets.sprinklr.com/60624/FACEBOOK/100839651/media/05603AC0B7BA02A7032CA823A99FF922.jpg
1762966654000,100008997418691,,Video,PHOTO,1,0.0,0.0,0.0,0.0,0.0,,https://lookaside.fbsbx.com/ig_messaging_cdn/
1762966997000,100008997496029,,Photo,PHOTO,1,0.0,0.0,0.0,0.0,0.0,,https://lookaside.fbsbx.com/ig_messaging_cdn/
1762967035000,100008997686575,,Video,STORY,1,5.0,0.0,0.0,0.0,21181.0,https://instagram.com/stories/starbucksindia/3764362832385972511,https://prod2-channel-assets.sprinklr.com/60624/FACEBOOK/100839651/media/67F5C122D1E8FBE2E02D9C82E3D1740B.jpg
1762967055000,100008997508235,,Video,PHOTO,1,0.0,0.0,0.0,0.0,0.0,,https://lookaside.fbsbx.com/ig_messaging_cdn/
1762967133000,100008997649313,,Photo,STORY,1,2.0,0.0,0.0,0.0,19549.0,https://instagram.com/stories/starbucksindia/3764363634756350444,https://prod2-channel-assets.sprinklr.com/60624/FACEBOOK/100839651/media/FD218712A94CAE0A14D524655C6466A9.jpg
1762967138000,100008997527067,,Photo,PHOTO,1,0.0,0.0,0.0,0.0,0.0,,https://lookaside.fbsbx.com/ig_messaging_cdn/
1763014700000,100009002864979,,Video,STORY,1,0.0,0.0,0.0,0.0,0.0,https://www.instagram.com/p/DQ_H6ouDHay/,https://prod2-channel-assets.sprinklr.com/60624/FACEBOOK/100839651/media/26301F6BC3B4EE92FDBE7293A57E5A58.jpg
1763015311000,100009002486910,,Video,STORY,1,469.0,0.0,0.0,0.0,25051.0,https://instagram.com/stories/starbucksindia/3764767690859292918,https://prod2-channel-assets.sprinklr.com/60624/FACEBOOK/100839651/media/6083C8263B8AA58B07CECEEA1A1EC218.jpg
1763022386155,100009002665293,,Link,PHOTO,1,0.0,0.0,0.0,0.0,0.0,,https://lookaside.fbsbx.com/ig_messaging_cdn/
1763036136000,100009003170257,"When Coorg’s wilderness meets Starbucks craft, the story of Nullore Coffee Estate comes to life. 

Available at your nearest Starbucks. 

[Starbucks India, Coffee, Indian Coffee Estates, Single-origin, Coffee Beans]",Video,VIDEO,1,419.0,398.0,4.0,0.0,25280.0,https://www.instagram.com/reel/DQ_wvZMDP7x/,https://prod2-media-proxy.sprinklr.com/channel/data/media/60624/3ce2ffd9-d1d0-4100-9764-9a9a86ecad50.jpg
1763036154000,100009003170255,"When Coorg’s wilderness meets Starbucks craft, the story of Nullore Coffee Estate comes to life. 

Available at your nearest Starbucks. 

[Starbucks India, Coffee, Indian Coffee Estates, Single-origin, Coffee Beans]",Video,VIDEO,1,6.0,6.0,0.0,0.0,1167.0,https://www.instagram.com/reel/DQ_w0WPjB8F/,https://prod2-media-proxy.sprinklr.com/channel/data/media/60624/345fa3c9-c508-463c-99e5-e6f4e5827425.jpg
1763038363000,100009003266531,,Photo,STORY,1,6.0,0.0,0.0,0.0,22281.0,https://instagram.com/stories/starbucksindia/3764961157434895272,https://prod2-channel-assets.sprinklr.com/60624/FACEBOOK/100839651/media/269A987902EFE6ADE46B933715365456.jpg
1763038370000,100009003244437,,Photo,PHOTO,1,0.0,0.0,0.0,0.0,0.0,,https://lookaside.fbsbx.com/ig_messaging_cdn/
1763101116000,100009011636863,,Video,STORY,1,5.0,0.0,0.0,0.0,22741.0,https://instagram.com/stories/starbucksindia/3765487551814336378,https://prod2-channel-assets.sprinklr.com/60624/FACEBOOK/100839651/media/2EA3F8EBE00CCE4C18217C70DC513058.jpg
1763101139000,100009011588596,,Video,PHOTO,1,0.0,0.0,0.0,0.0,0.0,,https://lookaside.fbsbx.com/ig_messaging_cdn/
1763101435000,100009011594630,"Cancel your plans. We already made one for you💅🏻

See you on 15th and 16th Nov, let’s celebrate together ☕

[Starbucks India, Starbucks Offers, Combo, Coffee, Coffee Lovers]",Video,VIDEO,1,4495.0,2380.0,56.0,0.0,90126.0,https://www.instagram.com/reel/DRBtRWoDFWV/,https://prod2-media-proxy.sprinklr.com/channel/data/media/60624/bc6d3bc2-4585-4b35-8358-7a17f5a4c2bb.jpg
1763101453000,100009011604002,"Cancel your plans. We already made one for you💅🏻

See you on 15th and 16th Nov, let’s celebrate together ☕

[Starbucks India, Starbucks Offers, Combo, Coffee, Coffee Lovers]",Video,VIDEO,1,46.0,17.0,2.0,0.0,2141.0,https://www.instagram.com/reel/DRBtX6zDG3i/,https://prod2-media-proxy.sprinklr.com/channel/data/media/60624/5a806408-69e3-4adb-8512-c1a4631bd8db.jpg
1763102511000,100009022232187,,Video,STORY,1,0.0,0.0,0.0,0.0,0.0,https://www.instagram.com/p/DRBvZ0hjORH/,https://prod2-channel-assets.sprinklr.com/60624/FACEBOOK/100839651/media/19B5CB0B8F9C984A394B422FAC274B0A.jpg
1763112163000,100009033590367,,Video,STORY,1,0.0,0.0,0.0,0.0,0.0,https://www.instagram.com/p/DRCBz_ZDKfW/,https://prod2-channel-assets.sprinklr.com/60624/FACEBOOK/100839651/media/19758F150D9C6CEDB9DC63FCF5DAF725.jpg
1763112237000,100009022741816,,Video,STORY,1,0.0,0.0,0.0,0.0,0.0,https://www.instagram.com/p/DRCB9AcDAIV/,https://prod2-channel-assets.sprinklr.com/60624/FACEBOOK/100839651/media/6070BAF06EEE7532DD0E682CDB9B506F.jpg
1763124582000,100009012318245,,Video,STORY,1,86.0,0.0,0.0,0.0,22836.0,https://instagram.com/stories/starbucksindia/3765684435556294260,https://prod2-channel-assets.sprinklr.com/60624/FACEBOOK/100839651/media/4D767175AD0EE7AC63AB2A50BE1F41B1.jpg
1763177400000,100009022248461,"Coffee. Cookie. Bag Tag.
All 3 in just ₹500*

No we’re not joking guys, head to your nearest Starbucks now 🏃🏻‍♀️
 
[Starbucks India, Starbucks Offers, Combo, Coffee, Coffee Lovers]",Video,VIDEO,1,3588.0,1961.0,43.0,0.0,77215.0,https://www.instagram.com/reel/DRD-VbmDFUD/,https://prod2-media-proxy.sprinklr.com/channel/data/media/60624/1bb491e0-4b60-43f3-b88b-5c7fd21eef75.jpg
1763177430000,100009022260509,,Video,STORY,1,244.0,0.0,0.0,0.0,22429.0,https://instagram.com/stories/starbucksindia/3766127618501560145,https://prod2-channel-assets.sprinklr.com/60624/FACEBOOK/100839651/media/5F0FDAE2FF8CBBEED74A34A10F4E00ED.jpg
1763186320000,100009022404946,,Photo,STORY,1,30.0,0.0,0.0,0.0,4275.0,https://instagram.com/stories/starbucksindia/3766202312805870347,https://prod2-channel-assets.sprinklr.com/60624/FACEBOOK/100839651/media/B1767B566A6BA8416C59989C34B51159.jpg
1763186326000,100009022399520,,Photo,PHOTO,1,0.0,0.0,0.0,0.0,0.0,,https://lookaside.fbsbx.com/ig_messaging_cdn/
1763186341000,100009022404944,,Video,STORY,1,59.0,0.0,0.0,0.0,20294.0,https://instagram.com/stories/starbucksindia/3766202472751489274,https://prod2-channel-assets.sprinklr.com/60624/FACEBOOK/100839651/media/5A959FB3A677706386DBBC88A735EE5D.jpg
1763186361000,100009022400201,,Video,PHOTO,1,0.0,0.0,0.0,0.0,0.0,,https://lookaside.fbsbx.com/ig_messaging_cdn/
1763188657000,100009022458672,,Photo,STORY,1,148.0,0.0,0.0,0.0,19769.0,https://instagram.com/stories/starbucksindia/3766221925781715681,https://prod2-channel-assets.sprinklr.com/60624/FACEBOOK/100839651/media/6DFBC837C26E8DCE256A918BE881EC27.jpg
1763188733000,100009022444945,,Photo,STORY,1,448.0,0.0,0.0,0.0,18753.0,https://instagram.com/stories/starbucksindia/3766222546908480968,https://prod2-channel-assets.sprinklr.com/60624/FACEBOOK/100839651/media/36B98290C62109864B9F8FD881B5C372.jpg
1763199516000,100009022737776,,Photo,STORY,1,22.0,0.0,0.0,0.0,18157.0,https://instagram.com/stories/starbucksindia/3766313007409030374,https://prod2-channel-assets.sprinklr.com/60624/FACEBOOK/100839651/media/BD3099CE39992AC289047E95A0D67D17.jpg
1763199524000,100009022701678,,Photo,PHOTO,1,0.0,0.0,0.0,0.0,0.0,,https://lookaside.fbsbx.com/ig_messaging_cdn/
1763199565000,100009022737778,,Video,STORY,1,18.0,0.0,0.0,0.0,17423.0,https://instagram.com/stories/starbucksindia/3766313402906763615,https://prod2-channel-assets.sprinklr.com/60624/FACEBOOK/100839651/media/D0B8ACA8BD8F8C80FC0D593F5CFE0080.jpg
1763199580000,100009022702907,,Video,PHOTO,1,0.0,0.0,0.0,0.0,0.0,,https://lookaside.fbsbx.com/ig_messaging_cdn/
1763199708000,100009022737773,,Video,STORY,1,34.0,0.0,0.0,0.0,16649.0,https://instagram.com/stories/starbucksindia/3766314596882496708,https://prod2-channel-assets.sprinklr.com/60624/FACEBOOK/100839651/media/CDF79706A2F5C5207A9EA3599B942300.jpg
1763199727000,100009022706458,,Video,PHOTO,1,0.0,0.0,0.0,0.0,0.0,,https://lookaside.fbsbx.com/ig_messaging_cdn/
1763204592000,100009022953958,,Video,STORY,1,2.0,0.0,0.0,0.0,17427.0,https://instagram.com/stories/starbucksindia/3766355570241339248,https://prod2-channel-assets.sprinklr.com/60624/FACEBOOK/100839651/media/C1565F1BB49AA20E233FC95E57BBD516.jpg
1763204614000,100009022847994,,Video,PHOTO,1,0.0,0.0,0.0,0.0,0.0,,https://lookaside.fbsbx.com/ig_messaging_cdn/
1763204678000,100009022953960,,Video,STORY,1,28.0,0.0,0.0,0.0,15848.0,https://instagram.com/stories/starbucksindia/3766356288155213887,https://prod2-channel-assets.sprinklr.com/60624/FACEBOOK/100839651/media/7E9F5D09392C3F277873E2362F740D89.jpg
1763204697000,100009022850224,,Video,PHOTO,1,0.0,0.0,0.0,0.0,0.0,,https://lookaside.fbsbx.com/ig_messaging_cdn/
1763204750000,100009022858850,,Video,STORY,1,11.0,0.0,0.0,0.0,16363.0,https://instagram.com/stories/starbucksindia/3766356894274082279,https://prod2-channel-assets.sprinklr.com/60624/FACEBOOK/100839651/media/E3D2A5B2992AA2224A619DE0E2B7D6B3.jpg
1763204768000,100009022851997,,Video,PHOTO,1,0.0,0.0,0.0,0.0,0.0,,https://lookaside.fbsbx.com/ig_messaging_cdn/
1763205352000,100009022898533,,Photo,STORY,1,5.0,0.0,0.0,0.0,15098.0,https://instagram.com/stories/starbucksindia/3766361963753118392,https://prod2-channel-assets.sprinklr.com/60624/FACEBOOK/100839651/media/909A05EEEB5256A8C9DD87A76119AC34.jpg
1763206384000,100009022951074,,Video,STORY,1,3.0,0.0,0.0,0.0,14392.0,https://instagram.com/stories/starbucksindia/3766370644351842881,https://prod2-channel-assets.sprinklr.com/60624/FACEBOOK/100839651/media/0C3F97CC18F55C4CF821B4522BF084F0.jpg
1763210337000,100009023034810,"Coffee. Cookie. Bag Tag.
All 3 in just Rs 500*.

No we’re not joking guys, head to your nearest Starbucks now 🏃🏻‍♀️
 
[Starbucks India, Starbucks Offers, Combo, Coffee, Coffee Lovers]",Video,VIDEO,1,29.0,14.0,0.0,0.0,1487.0,https://www.instagram.com/reel/DRE8nDCjD8H/,https://prod2-media-proxy.sprinklr.com/channel/data/media/60624/31473c38-f8aa-47bf-af4a-a8c938bc946f.jpg
1763211878000,100009023212901,,Photo,STORY,1,30.0,0.0,0.0,0.0,15104.0,https://instagram.com/stories/starbucksindia/3766416707624428093,https://prod2-channel-assets.sprinklr.com/60624/FACEBOOK/100839651/media/FF5FBB2B7404F22023B798B1D4CA476B.jpg
1763211884000,100009023080725,,Photo,PHOTO,1,0.0,0.0,0.0,0.0,0.0,,https://lookaside.fbsbx.com/ig_messaging_cdn/
1763211901000,100009023212898,,Photo,STORY,1,9.0,0.0,0.0,0.0,14714.0,https://instagram.com/stories/starbucksindia/3766416896586156610,https://prod2-channel-assets.sprinklr.com/60624/FACEBOOK/100839651/media/D0D5A2D3F5AA4ADDEBCDF81CB6E97463.jpg
1763211906000,100009023081365,,Photo,PHOTO,1,0.0,0.0,0.0,0.0,0.0,,https://lookaside.fbsbx.com/ig_messaging_cdn/
1763211951000,100009023156774,,Video,STORY,1,25.0,0.0,0.0,0.0,14355.0,https://instagram.com/stories/starbucksindia/3766417295540018928,https://prod2-channel-assets.sprinklr.com/60624/FACEBOOK/100839651/media/9EFEDE3C0CF038A3620C8CA0E2D6C2D3.jpg
1763211973000,100009023083711,,Video,PHOTO,1,0.0,0.0,0.0,0.0,0.0,,https://lookaside.fbsbx.com/ig_messaging_cdn/
1763212011000,100009023119329,,Photo,STORY,1,31.0,0.0,0.0,0.0,14182.0,https://instagram.com/stories/starbucksindia/3766417825104409615,https://prod2-channel-assets.sprinklr.com/60624/FACEBOOK/100839651/media/F160575D3AA29FFF8BFB18A43BB7C1B8.jpg
1763212018000,100009023085386,,Photo,PHOTO,1,0.0,0.0,0.0,0.0,0.0,,https://lookaside.fbsbx.com/ig_messaging_cdn/
1763212091000,100009023094296,,Video,STORY,1,10.0,0.0,0.0,0.0,13632.0,https://instagram.com/stories/starbucksindia/3766418470356173859,https://prod2-channel-assets.sprinklr.com/60624/FACEBOOK/100839651/media/F70A0B0EB0A8518DB8BC890B865C8C80.jpg
1763212120000,100009023089047,,Video,PHOTO,1,0.0,0.0,0.0,0.0,0.0,,https://lookaside.fbsbx.com/ig_messaging_cdn/
1763215316000,100009023422292,,Photo,STORY,1,33.0,0.0,0.0,0.0,13734.0,https://instagram.com/stories/starbucksindia/3766445543573442891,https://prod2-channel-assets.sprinklr.com/60624/FACEBOOK/100839651/media/AE977071A3EF3F41F9EEA9BDE6284641.jpg
1763215321000,100009023214747,,Photo,PHOTO,1,0.0,0.0,0.0,0.0,0.0,,https://lookaside.fbsbx.com/ig_messaging_cdn/
1763217130000,100009023422296,,Video,STORY,1,1.0,0.0,0.0,0.0,13495.0,https://instagram.com/stories/starbucksindia/3766460743831784553,https://prod2-channel-assets.sprinklr.com/60624/FACEBOOK/100839651/media/6C42FB33CBA3A1EDBF2D5C6DD63C26D0.jpg
1763217152000,100009023291856,,Video,PHOTO,1,0.0,0.0,0.0,0.0,0.0,,https://lookaside.fbsbx.com/ig_messaging_cdn/
1763236769000,100009028403299,,Video,STORY,1,7.0,0.0,0.0,0.0,15358.0,https://instagram.com/stories/starbucksindia/3766625494582986544,https://prod2-channel-assets.sprinklr.com/60624/FACEBOOK/100839651/media/307771DF949CB9BB220E230A864F3A19.jpg
1763236790000,100009028399496,,Video,PHOTO,1,0.0,0.0,0.0,0.0,0.0,,https://lookaside.fbsbx.com/ig_messaging_cdn/
1763236835000,100009028403305,,Video,STORY,1,6.0,0.0,0.0,0.0,14269.0,https://instagram.com/stories/starbucksindia/3766626040782047988,https://prod2-channel-assets.sprinklr.com/60624/FACEBOOK/100839651/media/215CBB7300CA7A4425D22E5D3D0503ED.jpg
1763236857000,100009028403028,,Video,PHOTO,1,0.0,0.0,0.0,0.0,0.0,,https://lookaside.fbsbx.com/ig_messaging_cdn/
1763236861000,100009029233912,,Video,STORY,1,63.0,0.0,0.0,0.0,13858.0,https://instagram.com/stories/starbucksindia/3766626264715938644,https://prod2-channel-assets.sprinklr.com/60624/FACEBOOK/100839651/media/1EC1D469A739D5A23C4F9E626C8DB5D9.jpg
1763236882000,100009028404091,,Video,PHOTO,1,0.0,0.0,0.0,0.0,0.0,,https://lookaside.fbsbx.com/ig_messaging_cdn/
1763236902000,100009029233934,,Video,STORY,1,3.0,0.0,0.0,0.0,13723.0,https://instagram.com/stories/starbucksindia/3766626606241306498,https://prod2-channel-assets.sprinklr.com/60624/FACEBOOK/100839651/media/5B168AD7397095DA879A89ABA88663F6.jpg
1763236922000,100009028405894,,Video,PHOTO,1,0.0,0.0,0.0,0.0,0.0,,https://lookaside.fbsbx.com/ig_messaging_cdn/
1763236934000,100009029233927,,Video,STORY,1,11.0,0.0,0.0,0.0,13494.0,https://instagram.com/stories/starbucksindia/3766626872512497903,https://prod2-channel-assets.sprinklr.com/60624/FACEBOOK/100839651/media/EDF025ABF6BF2235C557C3F1F41F11AD.jpg
1763236953000,100009028407127,,Video,PHOTO,1,0.0,0.0,0.0,0.0,0.0,,https://lookaside.fbsbx.com/ig_messaging_cdn/
1763236962000,100009028409548,,Video,STORY,1,18.0,0.0,0.0,0.0,13163.0,https://instagram.com/stories/starbucksindia/3766627110446976108,https://prod2-channel-assets.sprinklr.com/60624/FACEBOOK/100839651/media/D0FB8FB69E88A2601030A78C8431C166.jpg
1763236982000,100009028408428,,Video,PHOTO,1,0.0,0.0,0.0,0.0,0.0,,https://lookaside.fbsbx.com/ig_messaging_cdn/
1763236997000,100009029233932,,Video,STORY,1,3.0,0.0,0.0,0.0,12894.0,https://instagram.com/stories/starbucksindia/3766627403343600598,https://prod2-channel-assets.sprinklr.com/60624/FACEBOOK/100839651/media/D643D1A422E6A2C38D3BBD428812C9D2.jpg
1763237015000,100009028409567,,Video,PHOTO,1,0.0,0.0,0.0,0.0,0.0,,https://lookaside.fbsbx.com/ig_messaging_cdn/
1763237088000,100009028418929,,Video,STORY,1,15.0,0.0,0.0,0.0,12557.0,https://instagram.com/stories/starbucksindia/3766628168812500928,https://prod2-channel-assets.sprinklr.com/60624/FACEBOOK/100839651/media/0D213EC8EF5744FEBA7736D903E754DF.jpg
1763237106000,100009028413126,,Video,PHOTO,1,0.0,0.0,0.0,0.0,0.0,,https://lookaside.fbsbx.com/ig_messaging_cdn/
1763263800000,100009032440081,"Your weekend date just got better 🤭

Only on 15th and 16th November, get a coffee, a cookie and a limited edition bag tag, at just ₹500*

Thank us later 🤭
 
[Starbucks India, Starbucks Offers, Combo, Coffee, Coffee Lovers]",Video,VIDEO,1,4081.0,2611.0,28.0,0.0,78360.0,https://www.instagram.com/reel/DRGjC_6DEhJ/,https://prod2-media-proxy.sprinklr.com/channel/data/media/60624/b537960a-0895-4ea1-b317-909b5997a1ed.jpg
1763263829000,100009032472134,,Video,STORY,1,56.0,0.0,0.0,0.0,13402.0,https://instagram.com/stories/starbucksindia/3766852389626368531,https://prod2-channel-assets.sprinklr.com/60624/FACEBOOK/100839651/media/C9D661A88A4016305CD59A060862CA93.jpg
1763265591000,100009032472136,,Video,STORY,1,15.0,0.0,0.0,0.0,13003.0,https://instagram.com/stories/starbucksindia/3766867271470600291,https://prod2-channel-assets.sprinklr.com/60624/FACEBOOK/100839651/media/3669A40401491D4CC872A8CF3FE12086.jpg
1763265616000,100009032470959,,Video,PHOTO,1,0.0,0.0,0.0,0.0,0.0,,https://lookaside.fbsbx.com/ig_messaging_cdn/
1763286810000,100009032935291,,Video,STORY,1,13.0,0.0,0.0,0.0,13505.0,https://instagram.com/stories/starbucksindia/3767045266969769627,https://prod2-channel-assets.sprinklr.com/60624/FACEBOOK/100839651/media/695D3C70EB32B817F3BF780B83029439.jpg
1763287021000,100009032935287,,Video,STORY,1,3.0,0.0,0.0,0.0,14340.0,https://instagram.com/stories/starbucksindia/3767047033006637182,https://prod2-channel-assets.sprinklr.com/60624/FACEBOOK/100839651/media/7DB10D4276A8B2C3A1B62CDDD6721F96.jpg
1763287043000,100009032929562,,Video,PHOTO,1,0.0,0.0,0.0,0.0,0.0,,https://lookaside.fbsbx.com/ig_messaging_cdn/
1763287067000,100009032935293,,Photo,STORY,1,42.0,0.0,0.0,0.0,13576.0,https://instagram.com/stories/starbucksindia/3767047446707630886,https://prod2-channel-assets.sprinklr.com/60624/FACEBOOK/100839651/media/295F0A7304B3D1B1B9A444A1FB1410BB.jpg
1763287074000,100009032930309,,Photo,PHOTO,1,0.0,0.0,0.0,0.0,0.0,,https://lookaside.fbsbx.com/ig_messaging_cdn/
1763287180000,100009032935297,,Video,STORY,1,8.0,0.0,0.0,0.0,13327.0,https://instagram.com/stories/starbucksindia/3767048370754683110,https://prod2-channel-assets.sprinklr.com/60624/FACEBOOK/100839651/media/30DE222CBA31FFC467CC67727EF034D8.jpg
1763287198000,100009032933382,,Video,PHOTO,1,0.0,0.0,0.0,0.0,0.0,,https://lookaside.fbsbx.com/ig_messaging_cdn/
1763287212000,100009032935295,,Video,STORY,1,4.0,0.0,0.0,0.0,12881.0,https://instagram.com/stories/starbucksindia/3767048636858153707,https://prod2-channel-assets.sprinklr.com/60624/FACEBOOK/100839651/media/970DE0AA0484339BA9E2E586F6876862.jpg
1763287226000,100009032934110,,Video,PHOTO,1,0.0,0.0,0.0,0.0,0.0,,https://lookaside.fbsbx.com/ig_messaging_cdn/
1763287241000,100009032935289,,Photo,STORY,1,0.0,0.0,0.0,0.0,12858.0,https://instagram.com/stories/starbucksindia/3767048900545666203,https://prod2-channel-assets.sprinklr.com/60624/FACEBOOK/100839651/media/2EC95C22CDEDBFAD51FEE60013826E50.jpg
1763287247000,100009032934627,,Photo,PHOTO,1,0.0,0.0,0.0,0.0,0.0,,https://lookaside.fbsbx.com/ig_messaging_cdn/
1763287274000,100009033035747,,Photo,STORY,1,18.0,0.0,0.0,0.0,12141.0,https://instagram.com/stories/starbucksindia/3767049181748561019,https://prod2-channel-assets.sprinklr.com/60624/FACEBOOK/100839651/media/EC71E07E6AB686488856B81E70CCA59B.jpg
1763287281000,100009032936140,,Photo,PHOTO,1,0.0,0.0,0.0,0.0,0.0,,https://lookaside.fbsbx.com/ig_messaging_cdn/
1763301843000,100009033489884,,Video,STORY,1,5.0,0.0,0.0,0.0,14001.0,https://instagram.com/stories/starbucksindia/3767171365464714330,https://prod2-channel-assets.sprinklr.com/60624/FACEBOOK/100839651/media/AA695B31C7D2843918753119A1EB3AA5.jpg
1763301907000,100009033489890,,Video,STORY,1,6.0,0.0,0.0,0.0,13228.0,https://instagram.com/stories/starbucksindia/3767171904038559825,https://prod2-channel-assets.sprinklr.com/60624/FACEBOOK/100839651/media/F298D700DAE0F4A8775125A53636E350.jpg
1763301928000,100009033367334,,Video,PHOTO,1,0.0,0.0,0.0,0.0,0.0,,https://lookaside.fbsbx.com/ig_messaging_cdn/
1763304701000,100009033473580,,Video,STORY,1,1.0,0.0,0.0,0.0,13486.0,https://instagram.com/stories/starbucksindia/3767195367168033034,https://prod2-channel-assets.sprinklr.com/60624/FACEBOOK/100839651/media/0F8847487B3670EB7BA994D2AF979709.jpg
1763304702000,100009033489886,,Video,STORY,1,3.0,0.0,0.0,0.0,13077.0,https://instagram.com/stories/starbucksindia/3767195403314554536,https://prod2-channel-assets.sprinklr.com/60624/FACEBOOK/100839651/media/D497F8053F2410C6583D9224F46FB400.jpg
1763304757000,100009033489880,,Video,STORY,1,0.0,0.0,0.0,0.0,0.0,https://instagram.com/stories/starbucksindia/3767195828105281613,https://prod2-channel-assets.sprinklr.com/60624/FACEBOOK/100839651/media/5EC64726F8AC07208451D3A47E5979FD.jpg
1763304832000,100009033489882,,Video,STORY,1,7.0,0.0,0.0,0.0,12845.0,https://instagram.com/stories/starbucksindia/3767196472409115165,https://prod2-channel-assets.sprinklr.com/60624/FACEBOOK/100839651/media/45C8E8A6795A8A98895749057E91BE2B.jpg
1763304898000,100009033489888,,Video,STORY,1,3.0,0.0,0.0,0.0,12578.0,https://instagram.com/stories/starbucksindia/3767197055484462993,https://prod2-channel-assets.sprinklr.com/60624/FACEBOOK/100839651/media/0A77F4D60EFC772B94883C827FE24214.jpg
1763304997000,100009033483463,,Video,STORY,1,4.0,0.0,0.0,0.0,12316.0,https://instagram.com/stories/starbucksindia/3767197907599233406,https://prod2-channel-assets.sprinklr.com/60624/FACEBOOK/100839651/media/2676960829E7E150DBBEDDE6CDFD6B79.jpg
1763305320000,100009033635810,,Video,STORY,1,7.0,0.0,0.0,0.0,12159.0,https://instagram.com/stories/starbucksindia/3767200575570851730,https://prod2-channel-assets.sprinklr.com/60624/FACEBOOK/100839651/media/64A632FA23097ED21EA67827E2DF6BEE.jpg
1763351355000,100009041726286,,Video,STORY,1,12.0,0.0,0.0,0.0,19949.0,https://instagram.com/stories/starbucksindia/3767586701611692332,https://prod2-channel-assets.sprinklr.com/60624/FACEBOOK/100839651/media/7D9E4E7C225BB5BAE43F93144FC31028.jpg
1763351377000,100009041715305,,Video,PHOTO,1,0.0,0.0,0.0,0.0,0.0,,https://lookaside.fbsbx.com/ig_messaging_cdn/
1763351388000,100009041726284,,Video,STORY,1,1.0,0.0,0.0,0.0,18344.0,https://instagram.com/stories/starbucksindia/3767586977546551472,https://prod2-channel-assets.sprinklr.com/60624/FACEBOOK/100839651/media/AE656724FB013909FC759A49598DE553.jpg
1763351405000,100009041715613,,Video,PHOTO,1,0.0,0.0,0.0,0.0,0.0,,https://lookaside.fbsbx.com/ig_messaging_cdn/
1763351424000,100009041717540,,Photo,STORY,1,8.0,0.0,0.0,0.0,17719.0,https://instagram.com/stories/starbucksindia/3767587306581323947,https://prod2-channel-assets.sprinklr.com/60624/FACEBOOK/100839651/media/5A4DBE13F013F097380742844603A717.jpg
1763351430000,100009041715980,,Photo,PHOTO,1,0.0,0.0,0.0,0.0,0.0,,https://lookaside.fbsbx.com/ig_messaging_cdn/
1763361166000,100009041964034,"We loved seeing all your smiles this weekend, so we’re sharing a little more joy.
Get a coffee, a cookie and a limited edition bag tag, at just ₹500*💚

Here’s to 500 stores, and the everyday connections that made it possible.✨

[Starbucks India, Starbucks Offers, Combo, Coffee, Coffee Lovers, Celebration, Milestone]",Photo,PHOTO,1,19882.0,7716.0,77.0,0.0,301275.0,https://www.instagram.com/p/DRJcv4PgaCK/,https://prod2-media-proxy.sprinklr.com/channel/data/media/60624/5f12931a-b46a-4a8f-85f1-e764e4d0946d.jpg
1763376786000,100009042635638,"Meet the Bearista tag, a keepsake of our 500-store celebration, with your tall beverage + sweet treat at ₹500*💚🐻
Visit your nearest store soon. Offer valid until 18th midnight.✨

[Starbucks India, Starbucks Offers, Combo, Coffee, Coffee Lovers, Celebration, Milestone]",Video,VIDEO,1,3497.0,2394.0,24.0,0.0,64206.0,https://www.instagram.com/reel/DRJ6dFtgfEk/,https://prod2-media-proxy.sprinklr.com/channel/data/media/60624/298109e6-6f72-4cac-b0c5-2f9b78961325.jpg
1763436327000,100009053452740,,Photo,STORY,1,21.0,0.0,0.0,0.0,27094.0,https://instagram.com/stories/starbucksindia/3768299539967776545,https://prod2-channel-assets.sprinklr.com/60624/FACEBOOK/100839651/media/D2A6D0CC036597AAAAB00A0E0521D1EA.jpg
1763436335000,100009053379515,,Photo,PHOTO,1,0.0,0.0,0.0,0.0,0.0,,https://lookaside.fbsbx.com/ig_messaging_cdn/
1763436381000,100009053452744,,Photo,STORY,1,10.0,0.0,0.0,0.0,23979.0,https://instagram.com/stories/starbucksindia/3768299977190415976,https://prod2-channel-assets.sprinklr.com/60624/FACEBOOK/100839651/media/057B035DBEF317816A956CC2A412CA0F.jpg
1763436387000,100009053380480,,Photo,PHOTO,1,0.0,0.0,0.0,0.0,0.0,,https://lookaside.fbsbx.com/ig_messaging_cdn/
1763436849000,100009053435670,,Photo,STORY,1,13.0,0.0,0.0,0.0,23087.0,https://instagram.com/stories/starbucksindia/3768304052627858868,https://prod2-channel-assets.sprinklr.com/60624/FACEBOOK/100839651/media/0F37ADA93D12123BF1C0B48A6BC18A5B.jpg
1763436873000,100009053401266,,Photo,PHOTO,1,0.0,0.0,0.0,0.0,0.0,,https://lookaside.fbsbx.com/ig_messaging_cdn/
1763436906000,100009053452742,,Photo,STORY,1,17.0,0.0,0.0,0.0,22208.0,https://instagram.com/stories/starbucksindia/3768304421198115272,https://prod2-channel-assets.sprinklr.com/60624/FACEBOOK/100839651/media/0DECBAA486F29A4ED305283C99233120.jpg
1763436917000,100009053403161,,Photo,PHOTO,1,0.0,0.0,0.0,0.0,0.0,,https://lookaside.fbsbx.com/ig_messaging_cdn/
1763443039000,100009053562942,"Bearista’s packing his bags after today👀🐻

Grab a tall beverage of your choice + a celebratory treat + and the bearista bag tag at ₹500*!

Visit your nearest store soon. Offer valid until 18th midnight.✨

[Starbucks India, Starbucks Offers, Combo, Coffee, Coffee Lovers, Celebration, Milestone]",Photo,PHOTO,1,3949.0,2892.0,39.0,0.0,73691.0,https://www.instagram.com/p/DRL46JTjGNg/,https://prod2-media-proxy.sprinklr.com/channel/data/media/60624/67675a3d-8a48-42c2-8900-513be2e91705.jpg
1763459591000,100009054020459,,Video,STORY,1,11.0,0.0,0.0,0.0,22598.0,https://instagram.com/stories/starbucksindia/3768494661053465234,https://prod2-channel-assets.sprinklr.com/60624/FACEBOOK/100839651/media/A79D87008F8C919F86357DCA9AAD4501.jpg
1763459611000,100009054005545,,Video,PHOTO,1,0.0,0.0,0.0,0.0,0.0,,https://lookaside.fbsbx.com/ig_messaging_cdn/
1763522800000,100009060369016,"500 stores. 13 years. Countless connections.
Thank you for being a part of every cup, every smile, every welcome.💚

[Starbucks India, Coffee, 500 Ways to Belong, Milestone, India, New store, Coming Soon, Celebration]",Video,VIDEO,1,2066.0,1898.0,23.0,0.0,35903.0,https://www.instagram.com/reel/DROQ7RJDEjg/,https://prod2-media-proxy.sprinklr.com/channel/data/media/60624/da90e776-8a30-464f-99a7-886d679b6293.jpg
1763523277000,100009060380088,"500 stores. 13 years. Countless connections.
Thank you for being a part of every cup, every smile, every welcome.💚

[Starbucks India, Coffee, 500 Ways to Belong, Milestone, India, New store, Coming Soon, Celebration]",Video,VIDEO,1,0.0,0.0,0.0,0.0,0.0,https://www.instagram.com/reel/DROR3n1jDGF/,https://prod2-media-proxy.sprinklr.com/channel/data/media/60624/5801742a-ecff-4b4a-8d11-1241f8e34d1e.jpg
1763556483000,100009061252063,"It’s beginning to look a lot like....IYKYK 🎄❤️

Mark your calendars, our partners are ready ✨

[Starbucks India, Holiday Season, Holidays 2025, Coming Soon, Holiday Specials]",Video,VIDEO,1,1829.0,1533.0,32.0,0.0,26563.0,https://www.instagram.com/reel/DRPRL-CDIQc/,https://prod2-media-proxy.sprinklr.com/channel/data/media/60624/ee73ce56-fb0f-4df3-83c8-a7a202689ae7.jpg
1763617438000,100009067847299,"A season that keeps on giving 🤌 
Holiday favourites are BACK! 

✨ Crunchy Red Hat Mocha Frappuccino 
✨ Toffee Nut Crunch Latte 
✨ Toffee Nut Crunch Matcha 
✨ Hot Toddy Americano 

Now serving at your nearest Starbucks.

[Starbucks India, New At Starbucks, Holiday Season, Holidays 2025, Holiday Specials]",Photo,CAROUSEL,5,3112.0,2137.0,36.0,0.0,36638.0,https://www.instagram.com/p/DRRFjIMDFlJ/,
1763624839000,100009068030742,,Photo,STORY,1,83.0,0.0,0.0,0.0,24108.0,https://instagram.com/stories/starbucksindia/3769880891502654045,https://prod2-channel-assets.sprinklr.com/60624/FACEBOOK/100839651/media/88B08F8F18191B672C188DE135013A5F.jpg
1763643655000,100009068702898,,Video,STORY,1,0.0,0.0,0.0,0.0,17629.0,https://instagram.com/stories/starbucksindia/3770038692023656976,https://prod2-channel-assets.sprinklr.com/60624/FACEBOOK/100839651/media/834CDBF23156C14D788D367DD1304FEA.jpg
1763643682000,100009068699586,,Video,PHOTO,1,0.0,0.0,0.0,0.0,0.0,,https://lookaside.fbsbx.com/ig_messaging_cdn/
1763643714000,100009068706599,,Photo,STORY,1,1.0,0.0,0.0,0.0,16473.0,https://instagram.com/stories/starbucksindia/3770039213014939058,https://prod2-channel-assets.sprinklr.com/60624/FACEBOOK/100839651/media/695645D399BA5DA9E42FAE6E6BD304EA.jpg
1763643720000,100009068701159,,Photo,PHOTO,1,0.0,0.0,0.0,0.0,0.0,,https://lookaside.fbsbx.com/ig_messaging_cdn/
1763644092000,100009068745006,,Video,STORY,1,5.0,0.0,0.0,0.0,15483.0,https://instagram.com/stories/starbucksindia/3770042363658677099,https://prod2-channel-assets.sprinklr.com/60624/FACEBOOK/100839651/media/472E08D1255518580ABCC073A6B98829.jpg
1763644120000,100009068720894,,Video,PHOTO,1,0.0,0.0,0.0,0.0,0.0,,https://lookaside.fbsbx.com/ig_messaging_cdn/
1763699261000,100009074995753,,Photo,STORY,1,10.0,0.0,0.0,0.0,15998.0,https://instagram.com/stories/starbucksindia/3770505180870364192,https://prod2-channel-assets.sprinklr.com/60624/FACEBOOK/100839651/media/135F4EFDD170D04C50D45F1C43CAECB2.jpg
1763699268000,100009074962857,,Photo,PHOTO,1,0.0,0.0,0.0,0.0,0.0,,https://lookaside.fbsbx.com/ig_messaging_cdn/
1763699322000,100009074995772,,Photo,STORY,1,10.0,0.0,0.0,0.0,14741.0,https://instagram.com/stories/starbucksindia/3770505687768774752,https://prod2-channel-assets.sprinklr.com/60624/FACEBOOK/100839651/media/97C8C2EA288AD6B0B2A39BD181E4B078.jpg
1763699328000,100009074963841,,Photo,PHOTO,1,0.0,0.0,0.0,0.0,0.0,,https://lookaside.fbsbx.com/ig_messaging_cdn/
1763699348000,100009074995749,,Photo,STORY,1,21.0,0.0,0.0,0.0,14259.0,https://instagram.com/stories/starbucksindia/3770505901275622052,https://prod2-channel-assets.sprinklr.com/60624/FACEBOOK/100839651/media/45D10B27386B6AB138CD488A955D2B38.jpg
1763699354000,100009074964334,,Photo,PHOTO,1,0.0,0.0,0.0,0.0,0.0,,https://lookaside.fbsbx.com/ig_messaging_cdn/
1763699525000,100009074995741,,Photo,STORY,1,10.0,0.0,0.0,0.0,13542.0,https://instagram.com/stories/starbucksindia/3770507383324550973,https://prod2-channel-assets.sprinklr.com/60624/FACEBOOK/100839651/media/6766601452196F5E6179156701804780.jpg
1763699532000,100009074967364,,Photo,PHOTO,1,0.0,0.0,0.0,0.0,0.0,,https://lookaside.fbsbx.com/ig_messaging_cdn/
1763699632000,100009074982664,,Video,STORY,1,26.0,0.0,0.0,0.0,12943.0,https://instagram.com/stories/starbucksindia/3770508260286445584,https://prod2-channel-assets.sprinklr.com/60624/FACEBOOK/100839651/media/367AC46CB5DF03319323562F1618E45B.jpg
1763699637000,100009074969288,,Video,PHOTO,1,0.0,0.0,0.0,0.0,0.0,,https://lookaside.fbsbx.com/ig_messaging_cdn/
1763722481000,100009075470959,,Photo,STORY,1,54.0,0.0,0.0,0.0,13815.0,https://instagram.com/stories/starbucksindia/3770700012607766579,https://prod2-channel-assets.sprinklr.com/60624/FACEBOOK/100839651/media/3B25F5C9124EEE3D3801517498919C58.jpg
1763722494000,100009075467286,,Photo,PHOTO,1,0.0,0.0,0.0,0.0,0.0,,https://lookaside.fbsbx.com/ig_messaging_cdn/
1763722570000,100009075478319,,Photo,STORY,1,15.0,0.0,0.0,0.0,12685.0,https://instagram.com/stories/starbucksindia/3770700706421198728,https://prod2-channel-assets.sprinklr.com/60624/FACEBOOK/100839651/media/A8E0C2F570D07F265E6BDDAEA75E97D6.jpg
1763722577000,100009075469815,,Photo,PHOTO,1,0.0,0.0,0.0,0.0,0.0,,https://lookaside.fbsbx.com/ig_messaging_cdn/
1763722600000,100009075478310,,Photo,STORY,1,31.0,0.0,0.0,0.0,12264.0,https://instagram.com/stories/starbucksindia/3770700950781346971,https://prod2-channel-assets.sprinklr.com/60624/FACEBOOK/100839651/media/F6D654A79AE28468617CE6502583550E.jpg
1763722607000,100009075470759,,Photo,PHOTO,1,0.0,0.0,0.0,0.0,0.0,,https://lookaside.fbsbx.com/ig_messaging_cdn/
1763722723000,100009075478315,,Video,STORY,1,6.0,0.0,0.0,0.0,11805.0,https://instagram.com/stories/starbucksindia/3770701968218805858,https://prod2-channel-assets.sprinklr.com/60624/FACEBOOK/100839651/media/82F016AC684659E7F8AC50E59DBDC13E.jpg
1763722747000,100009075474663,,Video,PHOTO,1,0.0,0.0,0.0,0.0,0.0,,https://lookaside.fbsbx.com/ig_messaging_cdn/
1763722840000,100009075478317,,Photo,STORY,1,17.0,0.0,0.0,0.0,11487.0,https://instagram.com/stories/starbucksindia/3770702969256567052,https://prod2-channel-assets.sprinklr.com/60624/FACEBOOK/100839651/media/CB1DC75F0127673939E3E8289567137D.jpg
1763722848000,100009075477751,,Photo,PHOTO,1,0.0,0.0,0.0,0.0,0.0,,https://lookaside.fbsbx.com/ig_messaging_cdn/
1763733601000,100009075915759,,Video,STORY,1,4.0,0.0,0.0,0.0,11799.0,https://instagram.com/stories/starbucksindia/3770793220218069660,https://prod2-channel-assets.sprinklr.com/60624/FACEBOOK/100839651/media/4C5B58CE6B122252D189FB6F907715A1.jpg
1763733628000,100009075913969,,Video,PHOTO,1,0.0,0.0,0.0,0.0,0.0,,https://lookaside.fbsbx.com/ig_messaging_cdn/
1763733687000,100009076089297,,Photo,STORY,1,7.0,0.0,0.0,0.0,11389.0,https://instagram.com/stories/starbucksindia/3770793954598738551,https://prod2-channel-assets.sprinklr.com/60624/FACEBOOK/100839651/media/7AADA2F35CF43420D1F3617F3FF24AB5.jpg
1763733693000,100009075916951,,Photo,PHOTO,1,0.0,0.0,0.0,0.0,0.0,,https://lookaside.fbsbx.com/ig_messaging_cdn/
1763733766000,100009076089299,,Photo,STORY,1,18.0,0.0,0.0,0.0,11009.0,https://instagram.com/stories/starbucksindia/3770794629177037901,https://prod2-channel-assets.sprinklr.com/60624/FACEBOOK/100839651/media/EFE94768B49CB68098BACC4417795B6D.jpg
1763733773000,100009075920692,,Photo,PHOTO,1,0.0,0.0,0.0,0.0,0.0,,https://lookaside.fbsbx.com/ig_messaging_cdn/
1763733889000,100009075996055,,Video,STORY,1,9.0,0.0,0.0,0.0,10590.0,https://instagram.com/stories/starbucksindia/3770795630399342045,https://prod2-channel-assets.sprinklr.com/60624/FACEBOOK/100839651/media/C0BF0F6FA121AF1A6936591562914358.jpg
1763733918000,100009075926930,,Video,PHOTO,1,0.0,0.0,0.0,0.0,0.0,,https://lookaside.fbsbx.com/ig_messaging_cdn/
1763797297000,100009081938408,,Photo,STORY,1,15.0,0.0,0.0,0.0,14837.0,https://instagram.com/stories/starbucksindia/3771327567786448515,https://prod2-channel-assets.sprinklr.com/60624/FACEBOOK/100839651/media/2D524B33C52E7849C5BCA3E7C337C803.jpg
1763797304000,100009081914257,,Photo,PHOTO,1,0.0,0.0,0.0,0.0,0.0,,https://lookaside.fbsbx.com/ig_messaging_cdn/
1763797356000,100009081934951,,Photo,STORY,1,1.0,0.0,0.0,0.0,13435.0,https://instagram.com/stories/starbucksindia/3771328055449786895,https://prod2-channel-assets.sprinklr.com/60624/FACEBOOK/100839651/media/A5A211B563AB6F53A2B75AE86B82742B.jpg
1763797363000,100009081915447,,Photo,PHOTO,1,0.0,0.0,0.0,0.0,0.0,,https://lookaside.fbsbx.com/ig_messaging_cdn/
1763797412000,100009081938406,,Video,STORY,1,1.0,0.0,0.0,0.0,12528.0,https://instagram.com/stories/starbucksindia/3771328505582487185,https://prod2-channel-assets.sprinklr.com/60624/FACEBOOK/100839651/media/7F4C605DAD31D75ED21E599F47F856F3.jpg
1763797440000,100009081917168,,Video,PHOTO,1,0.0,0.0,0.0,0.0,0.0,,https://lookaside.fbsbx.com/ig_messaging_cdn/
1763798173000,100009081938404,,Video,STORY,1,209.0,0.0,0.0,0.0,12484.0,https://instagram.com/stories/starbucksindia/3771334889061543893,https://prod2-channel-assets.sprinklr.com/60624/FACEBOOK/100839651/media/514570CAD8909E2D35EB634B903B9B36.jpg
1763798179000,100009081932471,,Video,PHOTO,1,0.0,0.0,0.0,0.0,0.0,,https://lookaside.fbsbx.com/ig_messaging_cdn/
1763798179000,100009081938402,,Video,STORY,1,35.0,0.0,0.0,0.0,12076.0,https://instagram.com/stories/starbucksindia/3771334934385167130,https://prod2-channel-assets.sprinklr.com/60624/FACEBOOK/100839651/media/099904F3ADABF31AD88D7099E4E31653.jpg
1763798186000,100009081932599,,Video,PHOTO,1,0.0,0.0,0.0,0.0,0.0,,https://lookaside.fbsbx.com/ig_messaging_cdn/
1763803537000,100009082107027,,Video,STORY,1,33.0,0.0,0.0,0.0,12558.0,https://instagram.com/stories/starbucksindia/3771379882434292564,https://prod2-channel-assets.sprinklr.com/60624/FACEBOOK/100839651/media/BF9B762AB9573FE9E5921FCF491A0D34.jpg
1763803543000,100009082052439,,Video,PHOTO,1,0.0,0.0,0.0,0.0,0.0,,https://lookaside.fbsbx.com/ig_messaging_cdn/
1763803550000,100009082107025,,Video,STORY,1,75.0,0.0,0.0,0.0,12030.0,https://instagram.com/stories/starbucksindia/3771379990295002414,https://prod2-channel-assets.sprinklr.com/60624/FACEBOOK/100839651/media/55D3F068118BD0DA5C1344D2CCBC463D.jpg
1763803555000,100009082052684,,Video,PHOTO,1,0.0,0.0,0.0,0.0,0.0,,https://lookaside.fbsbx.com/ig_messaging_cdn/
1763868600000,100009087935238,"At Starbucks, your espresso isn’t a one-size-fits-all.

Blonde, Medium, or Dark - choose your pick and find the one that feels like you. 
This Espresso Day, we’re celebrating choice, craft, and your perfect cup. ✨

[Starbucks India, Espresso Day, Coffee, Coffee Roast, Espresso]",Photo,CAROUSEL,5,900.0,856.0,1.0,0.0,30554.0,https://www.instagram.com/p/DRYknyfDC_-/,
1763875669000,100009088064457,,Photo,STORY,1,0.0,0.0,0.0,0.0,14676.0,https://instagram.com/stories/starbucksindia/3771985006693248750,https://prod2-channel-assets.sprinklr.com/60624/FACEBOOK/100839651/media/331E9C009A285193D5990452FC9A20AD.jpg
1763880836000,100009088142637,,Video,STORY,1,0.0,0.0,0.0,0.0,0.0,https://instagram.com/stories/starbucksindia/3772028317495735123,https://prod2-channel-assets.sprinklr.com/60624/FACEBOOK/100839651/media/326963CEFE83AABEC4DDF46F6A02B34B.jpg
1763880852000,100009088134023,,Video,PHOTO,1,0.0,0.0,0.0,0.0,0.0,,https://lookaside.fbsbx.com/ig_messaging_cdn/
1763880884000,100009088142635,,Video,STORY,1,7.0,0.0,0.0,0.0,14156.0,https://instagram.com/stories/starbucksindia/3772028718378939366,https://prod2-channel-assets.sprinklr.com/60624/FACEBOOK/100839651/media/B46BAA13D752D5A3CABD3190BEA74C2F.jpg
1763880904000,100009088142630,,Video,STORY,1,5.0,0.0,0.0,0.0,12607.0,https://instagram.com/stories/starbucksindia/3772028883340890746,https://prod2-channel-assets.sprinklr.com/60624/FACEBOOK/100839651/media/D28003EAD5883E141EB20D44D545D26E.jpg
1763880906000,100009088135011,,Video,PHOTO,1,0.0,0.0,0.0,0.0,0.0,,https://lookaside.fbsbx.com/ig_messaging_cdn/
1763880928000,100009088135795,,Video,PHOTO,1,0.0,0.0,0.0,0.0,0.0,,https://lookaside.fbsbx.com/ig_messaging_cdn/
1763881055000,100009088142633,,Photo,STORY,1,5.0,0.0,0.0,0.0,12005.0,https://instagram.com/stories/starbucksindia/3772030182845372130,https://prod2-channel-assets.sprinklr.com/60624/FACEBOOK/100839651/media/5F0D526BC1827EFCB09827EEF6F11523.jpg
1763881064000,100009088138824,,Photo,PHOTO,1,0.0,0.0,0.0,0.0,0.0,,https://lookaside.fbsbx.com/ig_messaging_cdn/
1763921477000,100009090359421,,Video,STORY,1,6.0,0.0,0.0,0.0,13020.0,https://instagram.com/stories/starbucksindia/3772369240163370423,https://prod2-channel-assets.sprinklr.com/60624/FACEBOOK/100839651/media/BD5897A0363AFB1CB8F2336DFA931F7A.jpg
1763921504000,100009089734946,,Video,PHOTO,1,0.0,0.0,0.0,0.0,0.0,,https://lookaside.fbsbx.com/ig_messaging_cdn/
1763921511000,100009090359431,,Video,STORY,1,1.0,0.0,0.0,0.0,10874.0,https://instagram.com/stories/starbucksindia/3772369522330970668,https://prod2-channel-assets.sprinklr.com/60624/FACEBOOK/100839651/media/07A08B71027340665AB0877F1A3323E0.jpg
1763921537000,100009089742624,,Video,PHOTO,1,0.0,0.0,0.0,0.0,0.0,,https://lookaside.fbsbx.com/ig_messaging_cdn/
1763921567000,100009090359444,,Video,STORY,1,19.0,0.0,0.0,0.0,10983.0,https://instagram.com/stories/starbucksindia/3772369988871805198,https://prod2-channel-assets.sprinklr.com/60624/FACEBOOK/100839651/media/6D95A7B33430581592A47C02EE4D482E.jpg
1763921590000,100009089754619,,Video,PHOTO,1,0.0,0.0,0.0,0.0,0.0,,https://lookaside.fbsbx.com/ig_messaging_cdn/
1763921593000,100009090359427,,Photo,STORY,1,9.0,0.0,0.0,0.0,10500.0,https://instagram.com/stories/starbucksindia/3772370228609830724,https://prod2-channel-assets.sprinklr.com/60624/FACEBOOK/100839651/media/CA61BA501DC2975516098FCA3C5571C7.jpg
1763921599000,100009089756791,,Photo,PHOTO,1,0.0,0.0,0.0,0.0,0.0,,https://lookaside.fbsbx.com/ig_messaging_cdn/
1763921702000,100009090359411,,Video,STORY,1,0.0,0.0,0.0,0.0,10189.0,https://instagram.com/stories/starbucksindia/3772371122919370592,https://prod2-channel-assets.sprinklr.com/60624/FACEBOOK/100839651/media/CA614802A18CC1A34BEB63BB7757EE14.jpg
1763921724000,100009089784964,,Video,PHOTO,1,0.0,0.0,0.0,0.0,0.0,,https://lookaside.fbsbx.com/ig_messaging_cdn/
1763968168000,100009094310429,"Where world-class craftsmanship meets the rarest coffees.☕

India’s second Starbucks Reserve®️ store opens in Gurugram, inviting you to slow down, explore, and savour every handcrafted detail.

Visit now: Ground floor, Godrej GCR, Golf Course Road, Sector 42, Gurugram. 

[Starbucks India, Starbucks Reserve, Coffee, Craftsmanship]",Video,VIDEO,1,2914.0,2468.0,26.0,0.0,39035.0,https://www.instagram.com/reel/DRbicb-jCgy/,https://prod2-media-proxy.sprinklr.com/channel/data/media/60624/388635db-9236-41a3-99ab-924c2d16ad50.jpg
1763968281000,100009094384575,,Photo,STORY,1,1.0,0.0,0.0,0.0,10274.0,https://instagram.com/stories/starbucksindia/3772761875931740093,https://prod2-channel-assets.sprinklr.com/60624/FACEBOOK/100839651/media/A5C438DD76C28C8D2DD4D05D70E6CC31.jpg
1763968287000,100009094309225,,Photo,PHOTO,1,0.0,0.0,0.0,0.0,0.0,,https://lookaside.fbsbx.com/ig_messaging_cdn/
1763968311000,100009094384577,,Video,STORY,1,0.0,0.0,0.0,0.0,9801.0,https://instagram.com/stories/starbucksindia/3772762106853343422,https://prod2-channel-assets.sprinklr.com/60624/FACEBOOK/100839651/media/D8A68D97988EFB9D25FDA0F5AC204F97.jpg
1763968351000,100009094310551,,Video,PHOTO,1,0.0,0.0,0.0,0.0,0.0,,https://lookaside.fbsbx.com/ig_messaging_cdn/
1763972459000,100009094487328,,Video,STORY,1,0.0,0.0,0.0,0.0,9514.0,https://instagram.com/stories/starbucksindia/3772796906238698016,https://prod2-channel-assets.sprinklr.com/60624/FACEBOOK/100839651/media/1FF05FA9107AE3AC80C6682D70823428.jpg
1763972480000,100009094418236,,Video,PHOTO,1,0.0,0.0,0.0,0.0,0.0,,https://lookaside.fbsbx.com/ig_messaging_cdn/
1763972486000,100009094487332,,Video,STORY,1,1.0,0.0,0.0,0.0,9337.0,https://instagram.com/stories/starbucksindia/3772797133133725975,https://prod2-channel-assets.sprinklr.com/60624/FACEBOOK/100839651/media/5B7A02CDB23F06B9031F404A9323A5AC.jpg
1763972509000,100009094419219,,Video,PHOTO,1,0.0,0.0,0.0,0.0,0.0,,https://lookaside.fbsbx.com/ig_messaging_cdn/
1763972585000,100009094487334,,Photo,STORY,1,1.0,0.0,0.0,0.0,9034.0,https://instagram.com/stories/starbucksindia/3772797985382746713,https://prod2-channel-assets.sprinklr.com/60624/FACEBOOK/100839651/media/D791A24AF089A7A97446886D3A2C710A.jpg
1763972592000,100009094421283,,Photo,PHOTO,1,0.0,0.0,0.0,0.0,0.0,,https://lookaside.fbsbx.com/ig_messaging_cdn/
1763988063000,100009094950535,"“Somehow, for my family, long drives became our favourite ritual. ✨ 
What began as 30-40 km drives, slowly turned into 130 km trips, all the way to Pune to visit my mom, with one same agenda, coffee. ☕️ 💚 
Every drive, to and back from Pune, Starbucks in Khalapur became our constant stop. The laughter, the comfort, and the perfect cup... they all blended into memories we’ll cherish forever. 
At the point, we know, 
Long drive toh ek bahaana hai... 
Hume toh bas Starbucks jana hai! 😄”

@cook_n_feast_bymahimasarin

[Starbucks India, 500 Ways to Belong, Milestone, Coffee]",Photo,PHOTO,1,152.0,151.0,1.0,0.0,6272.0,https://www.instagram.com/p/DRcIdZljJe-/,https://prod2-media-proxy.sprinklr.com/channel/data/media/60624/a65bef3b-21ba-4d90-9264-d959afa42f18.jpg
1763990744000,100009095194073,,Photo,STORY,1,1.0,0.0,0.0,0.0,10581.0,https://instagram.com/stories/starbucksindia/3772950365143329370,https://prod2-channel-assets.sprinklr.com/60624/FACEBOOK/100839651/media/7038ADDF73DBDEB74C9BC7CEB779F01A.jpg
1763990757000,100009095066021,,Photo,PHOTO,1,0.0,0.0,0.0,0.0,0.0,,https://lookaside.fbsbx.com/ig_messaging_cdn/
1763993442000,100009095752450,,Video,STORY,1,5.0,0.0,0.0,0.0,10251.0,https://instagram.com/stories/starbucksindia/3772972924534537911,https://prod2-channel-assets.sprinklr.com/60624/FACEBOOK/100839651/media/5DE4617511DCDAC6A92BAA88F52F2024.jpg
1763993470000,100009095305452,,Video,PHOTO,1,0.0,0.0,0.0,0.0,0.0,,https://lookaside.fbsbx.com/ig_messaging_cdn/
1764068436000,100009103463725,"Every bean has a journey and it begins at the source.🤎

Through our Farmer Support Partnership, we’re working alongside India’s coffee-growing communities to strengthen cultivation practices and promote sustainable farming for the future.

From setting up model farms and supporting new varietals, to our goal of engaging 10,000+ farmers by 2030, this is how we continue growing the coffee we’re proud to serve, together. 🌱

Because great coffee starts with great care. 

[Starbucks India, Farmer Support Partnership, Coffee, Farm to Cup, Bean Journey]",Photo,CAROUSEL,6,385.0,378.0,2.0,0.0,15541.0,https://www.instagram.com/p/DRehwi3DuoJ/,
1764090019000,100009105381257,,Video,STORY,1,2.0,0.0,0.0,0.0,13779.0,https://instagram.com/stories/starbucksindia/3773783071179683374,https://prod2-channel-assets.sprinklr.com/60624/FACEBOOK/100839651/media/00B3DA403E182E3847E82B4E97590781.jpg
1764090040000,100009105381263,,Photo,STORY,1,0.0,0.0,0.0,0.0,12017.0,https://instagram.com/stories/starbucksindia/3773783262372840822,https://prod2-channel-assets.sprinklr.com/60624/FACEBOOK/100839651/media/92CD057E24E03B76C9A172E64AF4F441.jpg
1764090044000,100009105372888,,Video,PHOTO,1,0.0,0.0,0.0,0.0,0.0,,https://lookaside.fbsbx.com/ig_messaging_cdn/
1764090046000,100009105373179,,Photo,PHOTO,1,0.0,0.0,0.0,0.0,0.0,,https://lookaside.fbsbx.com/ig_messaging_cdn/
1764090113000,100009107248747,,Video,STORY,1,5.0,0.0,0.0,0.0,11615.0,https://instagram.com/stories/starbucksindia/3773783852746330117,https://prod2-channel-assets.sprinklr.com/60624/FACEBOOK/100839651/media/98E2F4F1CABDFD1B091940CF579FC34B.jpg
1764090144000,100009105417784,,Video,PHOTO,1,0.0,0.0,0.0,0.0,0.0,,https://lookaside.fbsbx.com/ig_messaging_cdn/
1764094316000,100009107414294,,Photo,STORY,1,10.0,0.0,0.0,0.0,11108.0,https://instagram.com/stories/starbucksindia/3773819134308793295,https://prod2-channel-assets.sprinklr.com/60624/FACEBOOK/100839651/media/B825D4D7296974D5C9716194F0909DAD.jpg
1764135000000,100009112735342,"Your Holiday favourites are back to “sleigh” with some irresistible new icons. ☕️😍

Sip them now at your nearest Starbucks. 

[Starbucks India, New At Starbucks, Holiday Season, Holidays 2025, Holiday Specials]",Video,VIDEO,1,1310.0,1131.0,15.0,0.0,32448.0,https://www.instagram.com/reel/DRgguC4gbhP/,https://prod2-media-proxy.sprinklr.com/channel/data/media/60624/49c5f20f-beca-4809-a40d-e49cbfd650c8.jpg
1764149249000,100009113122460,"Your Holiday favourites are back to “sleigh” with some irresistible new icons. ☕️😍

Sip them now at your nearest Starbucks. 

[Starbucks India, New At Starbucks, Holiday Season, Holidays 2025, Holiday Specials]",Video,VIDEO,1,3.0,3.0,0.0,0.0,485.0,https://www.instagram.com/reel/DRg71VMAcYT/,https://prod2-media-proxy.sprinklr.com/channel/data/media/60624/92437444-1052-4846-95ed-dc4406b3f8a5.jpg
1764176240000,100009114997317,,Photo,STORY,1,0.0,0.0,0.0,0.0,11622.0,https://instagram.com/stories/starbucksindia/3774506373342824267,https://prod2-channel-assets.sprinklr.com/60624/FACEBOOK/100839651/media/FBF9702091AE56938B9E96C83F05BF4D.jpg
1764176248000,100009114910020,,Photo,PHOTO,1,0.0,0.0,0.0,0.0,0.0,,https://lookaside.fbsbx.com/ig_messaging_cdn/
1764176259000,100009114997363,,Photo,STORY,1,0.0,0.0,0.0,0.0,9788.0,https://instagram.com/stories/starbucksindia/3774506518558041918,https://prod2-channel-assets.sprinklr.com/60624/FACEBOOK/100839651/media/81754D0D85005D0DE4C4B56C5C5FB77C.jpg
1764176264000,100009114915843,,Photo,PHOTO,1,0.0,0.0,0.0,0.0,0.0,,https://lookaside.fbsbx.com/ig_messaging_cdn/
1764176290000,100009114997327,,Photo,STORY,1,0.0,0.0,0.0,0.0,9188.0,https://instagram.com/stories/starbucksindia/3774506783629656806,https://prod2-channel-assets.sprinklr.com/60624/FACEBOOK/100839651/media/F685DCA2E995D65C46C4B0ED25C08CC1.jpg
1764176296000,100009114928821,,Photo,PHOTO,1,0.0,0.0,0.0,0.0,0.0,,https://lookaside.fbsbx.com/ig_messaging_cdn/
1764176322000,100009114997301,,Video,STORY,1,0.0,0.0,0.0,0.0,8889.0,https://instagram.com/stories/starbucksindia/3774507027201313803,https://prod2-channel-assets.sprinklr.com/60624/FACEBOOK/100839651/media/26DB9A2D7B241EDF3BF78AFCC545C9F6.jpg
1764176346000,100009114948583,,Video,PHOTO,1,0.0,0.0,0.0,0.0,0.0,,https://lookaside.fbsbx.com/ig_messaging_cdn/
1764176388000,100009114997323,,Video,STORY,1,3.0,0.0,0.0,0.0,8635.0,https://instagram.com/stories/starbucksindia/3774507580421582817,https://prod2-channel-assets.sprinklr.com/60624/FACEBOOK/100839651/media/8FEDC434C929354164EBE8D872D7ABDD.jpg
1764176412000,100009114975372,,Video,PHOTO,1,0.0,0.0,0.0,0.0,0.0,,https://lookaside.fbsbx.com/ig_messaging_cdn/
1764214200000,100009121133891,"A reminder that it’s these little moments that made our journey to reach 500 ways to belong truly special. 💚
 
[Starbucks India, Coffee, 500 Ways to Belong, Milestone, India, New store]",Video,VIDEO,1,1805.0,1772.0,11.0,0.0,31977.0,https://www.instagram.com/reel/DRi3z9HDPcE/,https://prod2-media-proxy.sprinklr.com/channel/data/media/60624/4873b840-3382-4f55-9031-05e6e437bfa2.jpg
1764244166000,100009122015422,,Photo,STORY,1,21.0,0.0,0.0,0.0,12891.0,https://instagram.com/stories/starbucksindia/3775076175471977158,https://prod2-channel-assets.sprinklr.com/60624/FACEBOOK/100839651/media/01EE008E817B3D35B87E7B3CA64990AC.jpg
1764244174000,100009121996002,,Photo,PHOTO,1,0.0,0.0,0.0,0.0,0.0,,https://lookaside.fbsbx.com/ig_messaging_cdn/
1764244295000,100009122027057,,Photo,STORY,1,2.0,0.0,0.0,0.0,11006.0,https://instagram.com/stories/starbucksindia/3775077241890593137,https://prod2-channel-assets.sprinklr.com/60624/FACEBOOK/100839651/media/1FEFC22BCA2AA7294B361300714F64AD.jpg
1764244300000,100009122001357,,Photo,PHOTO,1,0.0,0.0,0.0,0.0,0.0,,https://lookaside.fbsbx.com/ig_messaging_cdn/
1764244360000,100009122027059,,Video,STORY,1,1.0,0.0,0.0,0.0,10866.0,https://instagram.com/stories/starbucksindia/3775077771119454550,https://prod2-channel-assets.sprinklr.com/60624/FACEBOOK/100839651/media/1D01BD8A9CE17132A1A2FFFCD8BD52A3.jpg
1764244387000,100009122005026,,Video,PHOTO,1,0.0,0.0,0.0,0.0,0.0,,https://lookaside.fbsbx.com/ig_messaging_cdn/
1764244588000,100009122027055,,Photo,STORY,1,0.0,0.0,0.0,0.0,10580.0,https://instagram.com/stories/starbucksindia/3775079703426944306,https://prod2-channel-assets.sprinklr.com/60624/FACEBOOK/100839651/media/C133D8D98FDAF2B29EF2F2DF481D5730.jpg
1764244594000,100009122014099,,Photo,PHOTO,1,0.0,0.0,0.0,0.0,0.0,,https://lookaside.fbsbx.com/ig_messaging_cdn/
1764244920000,100009122198312,,Photo,STORY,1,2.0,0.0,0.0,0.0,10124.0,https://instagram.com/stories/starbucksindia/3775082493712837720,https://prod2-channel-assets.sprinklr.com/60624/FACEBOOK/100839651/media/93EC0927A12FA7CE9A0920D92BA0491B.jpg
1764244928000,100009122030120,,Photo,PHOTO,1,0.0,0.0,0.0,0.0,0.0,,https://lookaside.fbsbx.com/ig_messaging_cdn/
1764245006000,100009122198316,,Video,STORY,1,2.0,0.0,0.0,0.0,9801.0,https://instagram.com/stories/starbucksindia/3775083190621569915,https://prod2-channel-assets.sprinklr.com/60624/FACEBOOK/100839651/media/24BC76F1159CE6A706712C4EEB41A676.jpg
1764245039000,100009122034900,,Video,PHOTO,1,0.0,0.0,0.0,0.0,0.0,,https://lookaside.fbsbx.com/ig_messaging_cdn/
1764245384000,100009122198318,,Photo,STORY,1,5.0,0.0,0.0,0.0,9679.0,https://instagram.com/stories/starbucksindia/3775086382721812431,https://prod2-channel-assets.sprinklr.com/60624/FACEBOOK/100839651/media/426985B9569928C6F5BBEA570DD75813.jpg
1764245390000,100009122049196,,Photo,PHOTO,1,0.0,0.0,0.0,0.0,0.0,,https://lookaside.fbsbx.com/ig_messaging_cdn/
1764245510000,100009122198321,,Photo,STORY,1,8.0,0.0,0.0,0.0,9545.0,https://instagram.com/stories/starbucksindia/3775087441699682101,https://prod2-channel-assets.sprinklr.com/60624/FACEBOOK/100839651/media/3DE5AA3E3F8BC02D636100DAF11DCC33.jpg
1764245517000,100009122054856,,Photo,PHOTO,1,0.0,0.0,0.0,0.0,0.0,,https://lookaside.fbsbx.com/ig_messaging_cdn/
1764245846000,100009122198300,,Photo,STORY,1,1.0,0.0,0.0,0.0,9106.0,https://instagram.com/stories/starbucksindia/3775090257369500872,https://prod2-channel-assets.sprinklr.com/60624/FACEBOOK/100839651/media/E95F6E251CDB704A1E2B3B437953FFF6.jpg
1764245853000,100009122069184,,Photo,PHOTO,1,0.0,0.0,0.0,0.0,0.0,,https://lookaside.fbsbx.com/ig_messaging_cdn/
1764249578000,100009122267197,"It’s the most wonderful time of the year, and it’s finally arrived 🎄❤️

The decor is up, the lights are hung, and our partners? They have made sure every corner of the store is giving Holiday vibes. 🤌 
 
So, when are we seeing you? ✨
 
[Starbucks India, Holiday Season, Holidays 2025, Coffee, Holiday Specials]",Video,VIDEO,1,3666.0,3172.0,32.0,0.0,51380.0,https://www.instagram.com/reel/DRj7O3kDPWd/,https://prod2-media-proxy.sprinklr.com/channel/data/media/60624/00909898-b199-4339-bea2-f71233413ab0.jpg
1764331690000,100009130620989,,Video,STORY,1,0.0,0.0,0.0,0.0,12441.0,https://instagram.com/stories/starbucksindia/3775810352299436256,https://prod2-channel-assets.sprinklr.com/60624/FACEBOOK/100839651/media/F67E295BC92C44475CECD527B8B42FC9.jpg
1764331712000,100009130921005,,Video,STORY,1,1.0,0.0,0.0,0.0,10941.0,https://instagram.com/stories/starbucksindia/3775810531513661050,https://prod2-channel-assets.sprinklr.com/60624/FACEBOOK/100839651/media/5F99342059E0EE116F716FD462AE07D0.jpg
1764331723000,100009130583951,,Video,PHOTO,1,0.0,0.0,0.0,0.0,0.0,,https://lookaside.fbsbx.com/ig_messaging_cdn/
1764331757000,100009130585319,,Video,PHOTO,1,0.0,0.0,0.0,0.0,0.0,,https://lookaside.fbsbx.com/ig_messaging_cdn/
1764331764000,100009130921002,,Video,STORY,1,1.0,0.0,0.0,0.0,10402.0,https://instagram.com/stories/starbucksindia/3775810973316428292,https://prod2-channel-assets.sprinklr.com/60624/FACEBOOK/100839651/media/37D4F58823DE81D0960D541C48644D87.jpg
1764331789000,100009130586765,,Video,PHOTO,1,0.0,0.0,0.0,0.0,0.0,,https://lookaside.fbsbx.com/ig_messaging_cdn/
1764331801000,100009130920992,,Photo,STORY,1,2.0,0.0,0.0,0.0,10206.0,https://instagram.com/stories/starbucksindia/3775811303290703487,https://prod2-channel-assets.sprinklr.com/60624/FACEBOOK/100839651/media/B274FF90625133526296CDD69885328E.jpg
1764331807000,100009130587513,,Photo,PHOTO,1,0.0,0.0,0.0,0.0,0.0,,https://lookaside.fbsbx.com/ig_messaging_cdn/
1764331837000,100009130920998,,Video,STORY,1,4.0,0.0,0.0,0.0,9791.0,https://instagram.com/stories/starbucksindia/3775811583554147486,https://prod2-channel-assets.sprinklr.com/60624/FACEBOOK/100839651/media/AFE0AE87095C25154B2C9C91960F4FDD.jpg
1764331854000,100009130589658,,Video,PHOTO,1,0.0,0.0,0.0,0.0,0.0,,https://lookaside.fbsbx.com/ig_messaging_cdn/
1764333547000,100009130670811,"“10 years ago, in the winter of 2015, something happened at Starbucks that changed our lives. We had flown back to India from the UK for a wedding, when I realised, I had to ask the woman I love to marry me. With help from friends, a videographer, and an old friend who played guitar, the plan came together. I reached out to Starbucks Connaught Place, and they wholeheartedly welcomed the plan. The team, especially Manish, arranged everything from hidden cameras to the seating. 

On the day, I told her we were going shopping and made a quick coffee stop. As we sat at the chosen table, suddenly, the guitarist began playing. She looked up, startled, and then I began to sing. One by one, my friends appeared with placards that read, “Will you marry me?”. I got down on one knee and asked her the biggest question of my life. And she said yes. 

A decade later, as we are celebrating 10 years of our marriage, Starbucks is celebrating 500 stores in India. Even in London, every time we visit Starbucks, it reminds us of that special moment. It’ll always be our special place, and I hope we get to visit Starbucks Connaught Place on our next visit to India.” 

[Starbucks India, Coffee, 500 Ways to Belong, Milestone, Customer Stories]",Photo,CAROUSEL,3,997.0,942.0,15.0,0.0,23902.0,https://www.instagram.com/p/DRmbavZDAEs/,
1764387000000,100009140086477,"Meticulously brewed and slow-steeped to bring a smooth flavour in every sip, for you.🤎
 
Try our bold new twist on the Cold Brews you love: 
✨ Tamarind Shikanji Cold Brew 
✨ Cola Cold Brew Float 
 
Available at your nearest Starbucks. 
 
[Starbucks India, New at Starbucks, Tamarind Shikanji Cold Brew, Cola Cold Brew Float, Cold Brew]",Video,VIDEO,1,539.0,521.0,0.0,0.0,25005.0,https://www.instagram.com/reel/DRoBeObDMin/,https://prod2-media-proxy.sprinklr.com/channel/data/media/60624/89448d3f-08d2-495f-9892-dfa3a2f3d34b.jpg
1764396747000,100009140329096,,Photo,STORY,1,0.0,0.0,0.0,0.0,12608.0,https://instagram.com/stories/starbucksindia/3776356106839560964,https://prod2-channel-assets.sprinklr.com/60624/FACEBOOK/100839651/media/0D705616325C066FC46D4338B18799D0.jpg
1764396753000,100009140268482,,Photo,PHOTO,1,0.0,0.0,0.0,0.0,0.0,,https://lookaside.fbsbx.com/ig_messaging_cdn/
1764396894000,100009140329090,,Video,STORY,1,3.0,0.0,0.0,0.0,10762.0,https://instagram.com/stories/starbucksindia/3776357319035375001,https://prod2-channel-assets.sprinklr.com/60624/FACEBOOK/100839651/media/E844F502587A570BA47E5606496433A7.jpg
1764396927000,100009140272020,,Video,PHOTO,1,0.0,0.0,0.0,0.0,0.0,,https://lookaside.fbsbx.com/ig_messaging_cdn/
1764396937000,100009140329092,,Video,STORY,1,0.0,0.0,0.0,0.0,10428.0,https://instagram.com/stories/starbucksindia/3776357683704922078,https://prod2-channel-assets.sprinklr.com/60624/FACEBOOK/100839651/media/4E6F420E28C74C466B4435950DA4C3D8.jpg
1764396954000,100009140272406,,Video,PHOTO,1,0.0,0.0,0.0,0.0,0.0,,https://lookaside.fbsbx.com/ig_messaging_cdn/
1764396966000,100009140329100,,Video,STORY,1,2.0,0.0,0.0,0.0,10061.0,https://instagram.com/stories/starbucksindia/3776357929088507848,https://prod2-channel-assets.sprinklr.com/60624/FACEBOOK/100839651/media/0BBC2DDA491EFAD36B4C5AF03658B201.jpg
1764396992000,100009140273227,,Video,PHOTO,1,0.0,0.0,0.0,0.0,0.0,,https://lookaside.fbsbx.com/ig_messaging_cdn/
1764397013000,100009140329102,,Video,STORY,1,1.0,0.0,0.0,0.0,9703.0,https://instagram.com/stories/starbucksindia/3776358319737545092,https://prod2-channel-assets.sprinklr.com/60624/FACEBOOK/100839651/media/9602D899FA178EBF039278FC75F7ED11.jpg
1764397031000,100009140273972,,Video,PHOTO,1,0.0,0.0,0.0,0.0,0.0,,https://lookaside.fbsbx.com/ig_messaging_cdn/
1764397213000,100009140329094,,Video,STORY,1,3.0,0.0,0.0,0.0,9482.0,https://instagram.com/stories/starbucksindia/3776359998230941752,https://prod2-channel-assets.sprinklr.com/60624/FACEBOOK/100839651/media/27B81486CC146EEA1A380B5E9DF75416.jpg
1764397234000,100009140277739,,Video,PHOTO,1,0.0,0.0,0.0,0.0,0.0,,https://lookaside.fbsbx.com/ig_messaging_cdn/
1764473400000,100009148961686,"A story of our bond with India, a story of 500 stores and countless connections. 🫶

Woven thoughtfully with @theplatedproject 

Own an exclusive piece of this journey by The Plated Project + Starbucks. 💚

Available at your nearest Starbucks stores. 

[Starbucks India, The Plated Project, 500 Ways to Belong, Milestone, India, Celebration]",Photo,CAROUSEL,2,1220.0,1069.0,10.0,0.0,31625.0,https://www.instagram.com/p/DRqmPcEDKxi/,
1764505800000,100009149731646,"“Hi, my name is Niyati. 
 
During my time here at Starbucks, there have been so many moments with customers that felt truly wholesome and memorable. 
 
I remember, once a customer casually asked my birthday during a conversation, and on the day of my birthday she just happened to visit with her family, but they remembered and wished me. It’s little things like these that feels very special. 
 
The connection we build with our customers makes it easy for me to remember their favourite choices, even if they walk in after a long time. 
 
Starbucks has grown so much over the years, but still the company and the people here have never failed to make me feel belonged. “ 
 
[Starbucks India, Starbucks Partner, 500 Ways to Belong, Barista, Barista Lifestyle]",Video,VIDEO,1,1014.0,918.0,31.0,0.0,30471.0,https://www.instagram.com/reel/DRrkBxpjAoL/,https://prod2-media-proxy.sprinklr.com/channel/data/media/60624/3d9dbfa4-4f19-4a3d-85b2-a58b4eae8262.jpg
1764514586000,100009150061065,,Video,STORY,1,25.0,0.0,0.0,0.0,14887.0,https://instagram.com/stories/starbucksindia/3777344596523936823,https://prod2-channel-assets.sprinklr.com/60624/FACEBOOK/100839651/media/6F8892A59F409EA67AB3BCAA2CE33273.jpg
1764514611000,100009150050226,,Video,PHOTO,1,0.0,0.0,0.0,0.0,0.0,,https://lookaside.fbsbx.com/ig_messaging_cdn/
1764514646000,100009150061059,,Photo,STORY,1,2.0,0.0,0.0,0.0,12864.0,https://instagram.com/stories/starbucksindia/3777345118488296530,https://prod2-channel-assets.sprinklr.com/60624/FACEBOOK/100839651/media/D8D859F85790B4622C5EC35590FEA5B5.jpg
1764514653000,100009150051346,,Photo,PHOTO,1,0.0,0.0,0.0,0.0,0.0,,https://lookaside.fbsbx.com/ig_messaging_cdn/
1764514742000,100009150061062,,Photo,STORY,1,1.0,0.0,0.0,0.0,12144.0,https://instagram.com/stories/starbucksindia/3777345923677178401,https://prod2-channel-assets.sprinklr.com/60624/FACEBOOK/100839651/media/CD21D6A53B2FA003B97873B94DAAA00E.jpg
1764514749000,100009150055598,,Photo,PHOTO,1,0.0,0.0,0.0,0.0,0.0,,https://lookaside.fbsbx.com/ig_messaging_cdn/
1764514836000,100009150061055,,Video,STORY,1,2.0,0.0,0.0,0.0,11758.0,https://instagram.com/stories/starbucksindia/3777346687308960782,https://prod2-channel-assets.sprinklr.com/60624/FACEBOOK/100839651/media/E4BA0CA8CB96DA1BD4D1F0316E04BE6E.jpg
1764514856000,100009150060886,,Video,PHOTO,1,0.0,0.0,0.0,0.0,0.0,,https://lookaside.fbsbx.com/ig_messaging_cdn/
1764514973000,100009150231631,,Photo,STORY,1,3.0,0.0,0.0,0.0,11456.0,https://instagram.com/stories/starbucksindia/3777347865228877058,https://prod2-channel-assets.sprinklr.com/60624/FACEBOOK/100839651/media/9B8854EAE7B624D6A0B88EE1E666B5B5.jpg
1764514982000,100009150066567,,Photo,PHOTO,1,0.0,0.0,0.0,0.0,0.0,,https://lookaside.fbsbx.com/ig_messaging_cdn/
1764515045000,100009150076142,,Video,STORY,1,2.0,0.0,0.0,0.0,10923.0,https://instagram.com/stories/starbucksindia/3777348442239297512,https://prod2-channel-assets.sprinklr.com/60624/FACEBOOK/100839651/media/C5F67CFCBB78AFAC2CAC37CCD74A322F.jpg
1764515068000,100009150070242,,Video,PHOTO,1,0.0,0.0,0.0,0.0,0.0,,https://lookaside.fbsbx.com/ig_messaging_cdn/
1764567000000,100009157363572,"All our partners want this season is for you to smile a little brighter. 💚🥰
 
Experience the joy of the season at Starbucks. 
 
[Starbucks India, Holiday Season, Holidays 2025, Coffee, Holiday Specials]",Video,VIDEO,1,1361.0,1246.0,1.0,0.0,32787.0,https://www.instagram.com/reel/DRtYxH0jBp1/,https://prod2-media-proxy.sprinklr.com/channel/data/media/60624/c36f16e4-8820-4892-9c46-9d9cba6dd140.jpg
1764646207000,100009164732158,"And just like that your winters got a Spiced Classic fix ☕️🤌 

Your cosy comfort, waiting for you at Starbucks. 
 
[Starbucks India, Spiced Classic Hot Coffee, Classic Beverages, Coffee, Coffee Lovers]",Photo,PHOTO,1,658.0,621.0,5.0,0.0,26088.0,https://www.instagram.com/p/DRvvxLTjeQv/,https://prod2-media-proxy.sprinklr.com/channel/data/media/60624/977e67c5-5cf6-4aed-8eeb-f15fafe47e0d.jpg
1764673623000,100009165680185,,Video,STORY,1,1.0,0.0,0.0,0.0,17077.0,https://instagram.com/stories/starbucksindia/3778678692050457234,https://prod2-channel-assets.sprinklr.com/60624/FACEBOOK/100839651/media/872B5C89A7E8A225F814275546E5E8DE.jpg
1764673647000,100009165548432,,Video,PHOTO,1,0.0,0.0,0.0,0.0,0.0,,https://lookaside.fbsbx.com/ig_messaging_cdn/
1764673681000,100009165680183,,Video,STORY,1,25.0,0.0,0.0,0.0,15175.0,https://instagram.com/stories/starbucksindia/3778679177163676619,https://prod2-channel-assets.sprinklr.com/60624/FACEBOOK/100839651/media/54306BE195DF845F70B16D4B4F835A95.jpg
1764673714000,100009165551029,,Video,PHOTO,1,0.0,0.0,0.0,0.0,0.0,,https://lookaside.fbsbx.com/ig_messaging_cdn/
1764743771000,100009173447951,"“Somehow, for us, long drives weren’t just an activity, but a thing that slowly became a family tradition. It started with a 30-40 km drive around the city, but soon turned into a 130-150 km journey, all the way to Pune, as if there was no end to the roads. My mom stays in Pune, so on paper, that was the “reason” for our extensive road trips. But to be honest, the real motivation was our relaxing coffee breaks with the warm, comforting sip that kept us awake during the journey. 
 
Before we knew, our route had a fixed pattern. Whether we were going to Pune or returning from it, the Starbucks at Khalapur quietly became a part of our story. Eventually, we began to recognise the baristas, the store lights felt familiar, and we found our comfortable corner. 
 
Somewhere between those long rides and longer conversations, Starbucks became a small, but significant part of our family time. It gave us the space to halt and relax, because we know that when we say, “let’s go for a long drive,” we know our comfort spot would be waiting for us.” 
 
[Starbucks India, Coffee, 500 Ways to Belong, Milestone, Customer Stories]",Photo,CAROUSEL,4,720.0,713.0,3.0,0.0,25397.0,https://www.instagram.com/p/DRyp27ukgKr/,
1764826200000,100009182467125,"A tradition began in 1984, to craft a coffee blend that tastes like the Holiday season. Decades later, the Christmas Blend still brings the same warmth in every sip. 🎄✨
 
Make your cup merrier with the Christmas Blend, available at Starbucks. 💚 
 
[Starbucks India, Christmas Blend, Coffee, Holiday Season, Holidays 2025]",Video,VIDEO,1,678.0,650.0,0.0,0.0,24963.0,https://www.instagram.com/reel/DR1HGvgjDPy/,https://prod2-media-proxy.sprinklr.com/channel/data/media/60624/15f81a15-51c5-455d-bd6c-1c76bb8748f9.jpg
1764827254000,100009182499162,,Photo,STORY,1,38.0,0.0,0.0,0.0,28121.0,https://instagram.com/stories/starbucksindia/3779967478357826067,https://prod2-channel-assets.sprinklr.com/60624/FACEBOOK/100839651/media/CB807E4325142ED71AD875E86AD4552C.jpg
1764905410000,100009190268677,,Photo,STORY,1,558.0,0.0,0.0,0.0,29862.0,https://instagram.com/stories/starbucksindia/3780623045128530093,https://prod2-channel-assets.sprinklr.com/60624/FACEBOOK/100839651/media/4E5985390585B8E16A39B4B9A4A09556.jpg
1764912614000,100009190366970,"Starbucks Rewards Members, Holidays just got better. ✨🎄 
 
All you have to do: 
► Treat yourself to your favs till 21st December 😋 
► Redeem your goodies between 22nd to 31st December at Starbucks. 🎁 
 
See you soon!
 
[Starbucks India, Starbucks Rewards, Gifts, Holiday Season, Holidays 2025]",Photo,CAROUSEL,5,2176.0,1624.0,52.0,0.0,50758.0,https://www.instagram.com/p/DR3r5l8iFvy/,
1764991807000,100009198788586,"For the last 10 years, Starbucks has quietly become a part of my everyday life. Every morning on my way to work, I stop at Starbucks Cyber Green in Gurgaon to have my coffee, an activity so consistent that the partners there now feel familiar, like family. From joining coffee-tasting sessions to celebrating my birthday, Starbucks has woven itself into my life in the most comforting way. I even have a collection of 45 cups proudly displayed on my office desk.
 
I remember one of my favourite moments was at Starbucks Sangam Courtyard in New Delhi. The partners in that store went an extra mile to surprise me with a little birthday celebration. It was something simple, but very warm and thoughtful. 
 
After a decade of daily visits, Starbucks is not just a coffee shop to me, but a place that feels comforting, like home. 
 
[Starbucks India, Coffee, 500 Ways to Belong, Milestone, Customer Stories]",Photo,CAROUSEL,3,1226.0,1188.0,11.0,0.0,27696.0,https://www.instagram.com/p/DR6C8v1D5X5/,
1765037579000,100009200319269,"You thought the Holidays couldn’t get better? 
Hold on. Something magical is on its way. ✨ 
 
[Starbucks India, Coffee, Coming Soon, Holiday Season, Holidays 2025]",Video,VIDEO,1,799.0,758.0,10.0,0.0,28879.0,https://www.instagram.com/reel/DR7Z-NjDEWy/,https://prod2-media-proxy.sprinklr.com/channel/data/media/60624/fdfce021-4874-49be-b4e7-dbb39ef99f22.jpg
1765094614000,100009205543463,,Video,STORY,1,9.0,0.0,0.0,0.0,15619.0,https://instagram.com/stories/starbucksindia/3782210224430797526,https://prod2-channel-assets.sprinklr.com/60624/FACEBOOK/100839651/media/AF90EE21ADD7C7F9046BA196DFC05872.jpg
1765094643000,100009205468172,,Video,PHOTO,1,0.0,0.0,0.0,0.0,0.0,,https://lookaside.fbsbx.com/ig_messaging_cdn/
1765095739000,100009205543450,,Photo,STORY,1,14.0,0.0,0.0,0.0,13900.0,https://instagram.com/stories/starbucksindia/3782219679256077690,https://prod2-channel-assets.sprinklr.com/60624/FACEBOOK/100839651/media/60C1A71F7992EA81A8F25B5E370AF5DC.jpg
1765095745000,100009205491676,,Photo,PHOTO,1,0.0,0.0,0.0,0.0,0.0,,https://lookaside.fbsbx.com/ig_messaging_cdn/
1765097072000,100009205543457,,Video,STORY,1,1.0,0.0,0.0,0.0,13062.0,https://instagram.com/stories/starbucksindia/3782230842110945431,https://prod2-channel-assets.sprinklr.com/60624/FACEBOOK/100839651/media/2D169AA4163CFD8958D70A01ACB37FED.jpg
1765097097000,100009205521313,,Video,PHOTO,1,0.0,0.0,0.0,0.0,0.0,,https://lookaside.fbsbx.com/ig_messaging_cdn/
1765097190000,100009205543459,,Video,STORY,1,14.0,0.0,0.0,0.0,12796.0,https://instagram.com/stories/starbucksindia/3782231830481888801,https://prod2-channel-assets.sprinklr.com/60624/FACEBOOK/100839651/media/EB9A8BA2260618BAAA589F9A5E031D31.jpg
1765097210000,100009205523837,,Video,PHOTO,1,0.0,0.0,0.0,0.0,0.0,,https://lookaside.fbsbx.com/ig_messaging_cdn/
1765097224000,100009205543455,,Video,STORY,1,3.0,0.0,0.0,0.0,12486.0,https://instagram.com/stories/starbucksindia/3782232115048643207,https://prod2-channel-assets.sprinklr.com/60624/FACEBOOK/100839651/media/0444EA1D28BB5CA5E717806E2E00CB8A.jpg
1765097243000,100009205524621,,Video,PHOTO,1,0.0,0.0,0.0,0.0,0.0,,https://lookaside.fbsbx.com/ig_messaging_cdn/
1765097311000,100009205543461,,Video,STORY,1,5.0,0.0,0.0,0.0,12186.0,https://instagram.com/stories/starbucksindia/3782232848087149804,https://prod2-channel-assets.sprinklr.com/60624/FACEBOOK/100839651/media/123FDC85B8D9A91F2540A0E1E19E397D.jpg
1765097416000,100009205543453,,Video,STORY,1,4.0,0.0,0.0,0.0,11779.0,https://instagram.com/stories/starbucksindia/3782233728387684273,https://prod2-channel-assets.sprinklr.com/60624/FACEBOOK/100839651/media/B0AB5318F480D1D869299B29CD7EBC4B.jpg
1765097442000,100009205529372,,Video,PHOTO,1,0.0,0.0,0.0,0.0,0.0,,https://lookaside.fbsbx.com/ig_messaging_cdn/
1765110615000,100009205865999,"The Holidays table is set, and we’ve saved a seat, just for you. 🎄🫶🏻

Join the celebrations at your nearest Starbucks. 
 
[Starbucks India, Holiday Season, Holidays 2025, Coffee, Holiday Specials]",Photo,CAROUSEL,2,3273.0,2900.0,5.0,0.0,53323.0,https://www.instagram.com/p/DR9ljusCJT9/,
1765175376000,100009214741274,"“Hi, my name is Sandhya. As a partner at Starbucks, interacting with customers is one of my favourite parts of the job. As customers visit regularly, over time they treat you like one of their friends. Little gestures like a kind word, a warm smile is enough to cheer you up. 
 
Just as customers share their warmth with us, I make sure to do the same as well. I recall one moment with a regular customer who had a hearing impairment. I wanted to do something to make him feel truly seen so, I learnt a few phrases in sign language. When I signed to him for the first time, the happiness on his face said everything. 
 
Whether it’s customers or my fellow partners, they have always made me feel like I belonged here. For me, Starbucks is not just a coffee shop but my second home.” 
 
[Starbucks India, Starbucks Partner, 500 Ways to Belong, Barista, Barista Lifestyle]",Video,VIDEO,1,1164.0,1099.0,23.0,0.0,32413.0,https://www.instagram.com/reel/DR_hBq2jFX9/,https://prod2-media-proxy.sprinklr.com/channel/data/media/60624/e97d059b-4239-44df-9213-c055f4937cfc.jpg
1765175414000,100009214741272,"“Hi, my name is Sandhya. As a partner at Starbucks, interacting with customers is one of my favourite parts of the job. As customers visit regularly, over time they treat you like one of their friends. Little gestures like a kind word, a warm smile is enough to cheer you up. 
 
Just as customers share their warmth with us, I make sure to do the same as well. I recall one moment with a regular customer who had a hearing impairment. I wanted to do something to make him feel truly seen so, I learnt a few phrases in sign language. When I signed to him for the first time, the happiness on his face said everything. 
 
Whether it’s customers or my fellow partners, they have always made me feel like I belonged here. For me, Starbucks is not just a coffee shop but my second home.” 
 
[Starbucks India, Starbucks Partner, 500 Ways to Belong, Barista, Barista Lifestyle]",Video,VIDEO,1,17.0,17.0,0.0,0.0,1931.0,https://www.instagram.com/reel/DR_hGWnDCTA/,https://prod2-media-proxy.sprinklr.com/channel/data/media/60624/b3d2921e-6aa4-4308-9c61-2e4266c62b6e.jpg
1765181128000,100009214875003,,Photo,STORY,1,23.0,0.0,0.0,0.0,27750.0,https://instagram.com/stories/starbucksindia/3782935975320885472,https://prod2-channel-assets.sprinklr.com/60624/FACEBOOK/100839651/media/BE423C59A608D206810F40B96A0C6BAB.jpg
1765258205000,100009222947642,,Photo,STORY,1,16.0,0.0,0.0,0.0,20058.0,https://instagram.com/stories/starbucksindia/3783582516067378638,https://prod2-channel-assets.sprinklr.com/60624/FACEBOOK/100839651/media/4953AF9DB741AAA6D651D0A438C9E0A1.jpg
1765259314000,100009222937344,"We heard your Holiday dreams involve coffee, cream, and a little something extra. 👀 

The magic of the season is almost here. 
Baileys + Starbucks, serving soon🎄🤎 
 
[Starbucks India, Baileys, Coming Soon, Holiday Season, Holidays 2025]",Video,VIDEO,1,1645.0,1303.0,22.0,0.0,30611.0,https://www.instagram.com/reel/DSCBJSxDCXx/,https://prod2-media-proxy.sprinklr.com/channel/data/media/60624/a8df4c81-9b5a-4555-b46f-6825d384c9d9.jpg
1765259348000,100009222937348,"We heard your Holiday dreams involve coffee, cream, and a little something extra. 👀 

The magic of the season is almost here. 
Baileys + Starbucks, serving soon🎄🤎 
 
[Starbucks India, Baileys, Coming Soon, Holiday Season, Holidays 2025]",Video,VIDEO,1,11.0,8.0,0.0,0.0,572.0,https://www.instagram.com/reel/DSCBNasjGBO/,https://prod2-media-proxy.sprinklr.com/channel/data/media/60624/10c61494-e5a8-4bb6-b7a0-bd266481ebd2.jpg
1765285127000,100009223728031,"No matter how busy we were, every week after work, one evening belonged to me and my best friend Natasha. And without fail, our catch-ups always led us to our favourite Starbucks. The moment we walked in, the soft lighting and the comforting aroma of the coffee always made us feel at home. Our order was usually the same, a Java Chip, a Cold Coffee, and a Paneer Sandwich to share. But it wasn’t just about the coffee or the food. It was our moment to pause, our space to reconnect and catch up on each other's life. 
 
That was the time when we’d talk about everything, our dreams, silly crushes, future plans, and inside jokes that belonged only to us. At some point, we even started a ritual where we’d take pictures of ourselves, every single time we were at Starbucks. Now when we look back at those pictures, each one of them carry a memory of laughter, comfort, and the calm that we found in that cosy corner. And even today, whenever we walk into Starbucks, our eyes automatically search for OUR spot. 
 
[Starbucks India, Coffee, 500 Ways to Belong, Milestone, Customer Stories]",Photo,CAROUSEL,4,829.0,809.0,11.0,0.0,27443.0,https://www.instagram.com/p/DSCyad4kjoB/,
1765352595000,100009231235536,"Two icons coming together to make your Holidays feel magical. 🪄
Introducing, Baileys + Starbucks 🤎 💚
 
Together we’re Serving Up Merry Magic with:
✨ Signature Irish Matcha 
✨ Signature Irish Cold Brew 
✨ Signature Irish Frappuccino®️
✨ Signature Irish Latte 
 
Taste the joy of the season only at Starbucks. 
 
[Starbucks India, Baileys + Starbucks, New at Starbucks, Holiday Season, Holidays Specials]",Video,VIDEO,1,998.0,763.0,20.0,0.0,30021.0,https://www.instagram.com/reel/DSExqTfjK1C/,https://prod2-media-proxy.sprinklr.com/channel/data/media/60624/d4822ba9-c2b0-4929-aa5a-ca1feb97e801.jpg
1765355695000,100009245738712,,Photo,STORY,1,0.0,0.0,0.0,0.0,0.0,https://www.instagram.com/p/DSE5Ap7DMKj/,https://prod2-channel-assets.sprinklr.com/60624/FACEBOOK/100839651/media/06DD50BCD90CA3F7BF272A560679235E.jpg
1765355744000,100009241232727,,Photo,STORY,1,0.0,0.0,0.0,0.0,0.0,https://www.instagram.com/p/DSE5GpJDFdT/,https://prod2-channel-assets.sprinklr.com/60624/FACEBOOK/100839651/media/6553C47AB0A5602D92A2A5A2FB5CAB85.jpg
1765359849000,100009249817293,,Video,STORY,1,0.0,0.0,0.0,0.0,0.0,https://www.instagram.com/p/DSFA7snDD4m/,https://prod2-channel-assets.sprinklr.com/60624/FACEBOOK/100839651/media/287806D7D9CDA41D541B2EC959122F67.jpg
1765431000000,100009240081165,"The Red Cup hype is real! ❤️
 
One more day, until you get your free Red Cup with a purchase of any two Holiday favourites. ✨
 
Gear up, cause the offer will be valid on 12th, 13th, and 14th Dec, at Starbucks. 
 
[Starbucks India, Starbucks Rewards, Red Cup, Holiday Season, Holiday Specials]",Video,VIDEO,1,8405.0,4987.0,40.0,0.0,110419.0,https://www.instagram.com/reel/DSHIrYaDBBm/,https://prod2-media-proxy.sprinklr.com/channel/data/media/60624/bc271a3e-af3c-48ee-a7cf-0bfee2a8ac1b.jpg
1765435725000,100009240167513,,Video,PHOTO,1,0.0,0.0,0.0,0.0,0.0,,https://lookaside.fbsbx.com/ig_messaging_cdn/
1765436418000,100009240182690,,Video,STORY,1,4.0,0.0,0.0,0.0,15941.0,https://www.instagram.com/stories/starbucksindia/3785077482504453984,https://prod2-channel-assets.sprinklr.com/60624/FACEBOOK/100839651/media/0469F5E88F08C1A9234A85F30B84EA48.jpg
1765436447000,100009240182327,,Video,PHOTO,1,0.0,0.0,0.0,0.0,0.0,,https://lookaside.fbsbx.com/ig_messaging_cdn/
1765436904000,100009240259704,,Video,STORY,1,4.0,0.0,0.0,0.0,14618.0,https://www.instagram.com/stories/starbucksindia/3785081559510535320,https://prod2-channel-assets.sprinklr.com/60624/FACEBOOK/100839651/media/248828FEE05CEBF58764734F32D7AB4A.jpg
1765436924000,100009240191872,,Video,PHOTO,1,0.0,0.0,0.0,0.0,0.0,,https://lookaside.fbsbx.com/ig_messaging_cdn/
1765437042000,100009240259698,,Video,STORY,1,8.0,0.0,0.0,0.0,13489.0,https://www.instagram.com/stories/starbucksindia/3785082720577773945,https://prod2-channel-assets.sprinklr.com/60624/FACEBOOK/100839651/media/5A6BC60E4FD00BDEFAF3F1125265729A.jpg
1765437068000,100009240195056,,Video,PHOTO,1,0.0,0.0,0.0,0.0,0.0,,https://lookaside.fbsbx.com/ig_messaging_cdn/
1765437149000,100009240259696,,Video,STORY,1,3.0,0.0,0.0,0.0,12742.0,https://www.instagram.com/stories/starbucksindia/3785083614417492438,https://prod2-channel-assets.sprinklr.com/60624/FACEBOOK/100839651/media/802D1441A20BFD9429A936E9ED2A660F.jpg
1765437229000,100009240241253,,Video,STORY,1,2.0,0.0,0.0,0.0,12565.0,https://www.instagram.com/stories/starbucksindia/3785084288148512699,https://prod2-channel-assets.sprinklr.com/60624/FACEBOOK/100839651/media/10BC11383D8EF1B0AE8AE627C91C1605.jpg
1765437256000,100009240198950,,Video,PHOTO,1,0.0,0.0,0.0,0.0,0.0,,https://lookaside.fbsbx.com/ig_messaging_cdn/
1765437295000,100009240259688,,Photo,STORY,1,1.0,0.0,0.0,0.0,11899.0,https://www.instagram.com/stories/starbucksindia/3785084857491780325,https://prod2-channel-assets.sprinklr.com/60624/FACEBOOK/100839651/media/79A267BEF444D7122C0BB6B659BA6F9D.jpg
1765437303000,100009240199815,,Photo,PHOTO,1,0.0,0.0,0.0,0.0,0.0,,https://lookaside.fbsbx.com/ig_messaging_cdn/
1765437379000,100009240259701,,Video,STORY,1,6.0,0.0,0.0,0.0,11624.0,https://www.instagram.com/stories/starbucksindia/3785085544871070877,https://prod2-channel-assets.sprinklr.com/60624/FACEBOOK/100839651/media/8216EFC6A966BB1F87EBE578BE64A0F3.jpg
1765437406000,100009240202168,,Video,PHOTO,1,0.0,0.0,0.0,0.0,0.0,,https://lookaside.fbsbx.com/ig_messaging_cdn/
1765437566000,100009240259706,,Video,STORY,1,0.0,0.0,0.0,0.0,11162.0,https://www.instagram.com/stories/starbucksindia/3785087108172086042,https://prod2-channel-assets.sprinklr.com/60624/FACEBOOK/100839651/media/F6A914E1A7B6182C7F4DFA4703336B58.jpg
1765437612000,100009240259694,,Video,STORY,1,4.0,0.0,0.0,0.0,10983.0,https://www.instagram.com/stories/starbucksindia/3785087500918311968,https://prod2-channel-assets.sprinklr.com/60624/FACEBOOK/100839651/media/18AFF4D80CB4C34465A6E10243744B43.jpg
1765437635000,100009240207055,,Video,PHOTO,1,0.0,0.0,0.0,0.0,0.0,,https://lookaside.fbsbx.com/ig_messaging_cdn/
1765437726000,100009240259692,,Photo,STORY,1,2.0,0.0,0.0,0.0,10745.0,https://www.instagram.com/stories/starbucksindia/3785088479382289481,https://prod2-channel-assets.sprinklr.com/60624/FACEBOOK/100839651/media/EFC25E5F06B9B5A3B24CD6360EBA84D7.jpg
1765456647000,100009240821540,,Photo,STORY,1,2.0,0.0,0.0,0.0,12652.0,https://www.instagram.com/stories/starbucksindia/3785247212314611082,https://prod2-channel-assets.sprinklr.com/60624/FACEBOOK/100839651/media/2A8442A454A25F5445F8A0E9C0E8D5BB.jpg
1765456655000,100009240765336,,Photo,PHOTO,1,0.0,0.0,0.0,0.0,0.0,,https://lookaside.fbsbx.com/ig_messaging_cdn/
1765456697000,100009240821538,,Photo,STORY,1,0.0,0.0,0.0,0.0,12464.0,https://www.instagram.com/stories/starbucksindia/3785247606319145179,https://prod2-channel-assets.sprinklr.com/60624/FACEBOOK/100839651/media/A911AD48DCA2F54E4C7D18D2C322A5EB.jpg
1765456703000,100009240767037,,Photo,PHOTO,1,0.0,0.0,0.0,0.0,0.0,,https://lookaside.fbsbx.com/ig_messaging_cdn/
1765456779000,100009240821536,,Video,STORY,1,7.0,0.0,0.0,0.0,11913.0,https://www.instagram.com/stories/starbucksindia/3785248281358762884,https://prod2-channel-assets.sprinklr.com/60624/FACEBOOK/100839651/media/09D4DCABFCC039C7C773C9558A4627E5.jpg
1765456806000,100009240770928,,Video,PHOTO,1,0.0,0.0,0.0,0.0,0.0,,https://lookaside.fbsbx.com/ig_messaging_cdn/
1765456875000,100009240821530,,Video,STORY,1,0.0,0.0,0.0,0.0,11511.0,https://www.instagram.com/stories/starbucksindia/3785249090767187028,https://prod2-channel-assets.sprinklr.com/60624/FACEBOOK/100839651/media/F3AC96CEACAD15BC435CC84F17338A45.jpg
1765456901000,100009240775933,,Video,PHOTO,1,0.0,0.0,0.0,0.0,0.0,,https://lookaside.fbsbx.com/ig_messaging_cdn/
1765456909000,100009240821534,,Photo,STORY,1,0.0,0.0,0.0,0.0,11625.0,https://www.instagram.com/stories/starbucksindia/3785249390559281213,https://prod2-channel-assets.sprinklr.com/60624/FACEBOOK/100839651/media/B75031CEFFC0035EDCFB6997D6CD7700.jpg
1765456917000,100009240776793,,Photo,PHOTO,1,0.0,0.0,0.0,0.0,0.0,,https://lookaside.fbsbx.com/ig_messaging_cdn/
1765456951000,100009240821525,,Video,STORY,1,3.0,0.0,0.0,0.0,11628.0,https://www.instagram.com/stories/starbucksindia/3785249722269990980,https://prod2-channel-assets.sprinklr.com/60624/FACEBOOK/100839651/media/F7D2C2B82E2656297C47F18AE5496D8E.jpg
1765456971000,100009240778916,,Video,PHOTO,1,0.0,0.0,0.0,0.0,0.0,,https://lookaside.fbsbx.com/ig_messaging_cdn/
1765456978000,100009240821532,,Video,STORY,1,1.0,0.0,0.0,0.0,11258.0,https://www.instagram.com/stories/starbucksindia/3785249954701567613,https://prod2-channel-assets.sprinklr.com/60624/FACEBOOK/100839651/media/556A62A6223AB57A58629129D26AB7ED.jpg
1765457004000,100009240780227,,Video,PHOTO,1,0.0,0.0,0.0,0.0,0.0,,https://lookaside.fbsbx.com/ig_messaging_cdn/
1765510200000,100009249319047,"The icon has arrived.✨❤️

Your favourite Red Cup is up for grabs, so hurry up and get any of your two favourites from the Holiday range!
 
Available only from 12th to 14th Dec at Starbucks.
 
[Starbucks India, Starbucks Rewards, Red Cup, Holiday Season, Holiday Specials]",Video,VIDEO,1,1868.0,1310.0,34.0,0.0,36113.0,https://www.instagram.com/reel/DSJftcLgRSf/,https://prod2-media-proxy.sprinklr.com/channel/data/media/60624/3c770bb6-02b2-4d13-98df-cc503d7d736e.jpg
1765510207000,100009249353842,,Photo,STORY,1,333.0,0.0,0.0,0.0,17014.0,https://www.instagram.com/stories/starbucksindia/3785696460625477978,https://prod2-channel-assets.sprinklr.com/60624/FACEBOOK/100839651/media/E2F92246F7E1502AF74E7DDD34FACA15.jpg
1765516153000,100009249607246,,Photo,STORY,1,0.0,0.0,0.0,0.0,0.0,https://www.instagram.com/p/DSJrD2-jPz1/,https://prod2-channel-assets.sprinklr.com/60624/FACEBOOK/100839651/media/5E64BA5B842DE484F136466811BBC34D.jpg
1765516293000,100009270570263,,Photo,STORY,1,0.0,0.0,0.0,0.0,0.0,https://www.instagram.com/p/DSJrU-0DHnX/,https://prod2-channel-assets.sprinklr.com/60624/FACEBOOK/100839651/media/88A3194B3CE3345739EB249DAD9BA012.jpg
1765532428000,100009249748756,,Photo,STORY,1,29.0,0.0,0.0,0.0,16721.0,https://www.instagram.com/stories/starbucksindia/3785882903109185219,https://prod2-channel-assets.sprinklr.com/60624/FACEBOOK/100839651/media/92BE28A362BD256E19D7617285CD084E.jpg
1765539165000,100009249953718,,Photo,STORY,1,4.0,0.0,0.0,0.0,16377.0,https://www.instagram.com/stories/starbucksindia/3785939405509520545,https://prod2-channel-assets.sprinklr.com/60624/FACEBOOK/100839651/media/166C437ABF4EB47211DAD073CB083C39.jpg
1765539171000,100009249903184,,Photo,PHOTO,1,0.0,0.0,0.0,0.0,0.0,,https://lookaside.fbsbx.com/ig_messaging_cdn/
1765539252000,100009249953720,,Video,STORY,1,1.0,0.0,0.0,0.0,15628.0,https://www.instagram.com/stories/starbucksindia/3785940111931002481,https://prod2-channel-assets.sprinklr.com/60624/FACEBOOK/100839651/media/BAF9F7853C9F116CC040DA610C25DFEA.jpg
1765539285000,100009249906497,,Video,PHOTO,1,0.0,0.0,0.0,0.0,0.0,,https://lookaside.fbsbx.com/ig_messaging_cdn/
1765539295000,100009249953722,,Video,STORY,1,0.0,0.0,0.0,0.0,15318.0,https://www.instagram.com/stories/starbucksindia/3785940474855722143,https://prod2-channel-assets.sprinklr.com/60624/FACEBOOK/100839651/media/01AB916322C781FDEA0BA6722E0EBA26.jpg
1765539381000,100009249953716,,Photo,STORY,1,5.0,0.0,0.0,0.0,14964.0,https://www.instagram.com/stories/starbucksindia/3785941218254127208,https://prod2-channel-assets.sprinklr.com/60624/FACEBOOK/100839651/media/911D30845FC1236459C16A20F5146631.jpg
1765539388000,100009249909325,,Photo,PHOTO,1,0.0,0.0,0.0,0.0,0.0,,https://lookaside.fbsbx.com/ig_messaging_cdn/
1765539451000,100009249953714,,Video,STORY,1,2.0,0.0,0.0,0.0,14261.0,https://www.instagram.com/stories/starbucksindia/3785941784049020415,https://prod2-channel-assets.sprinklr.com/60624/FACEBOOK/100839651/media/5736DD95335A0B2AAC9A33F97D31EF1E.jpg
1765539481000,100009249911925,,Video,PHOTO,1,0.0,0.0,0.0,0.0,0.0,,https://lookaside.fbsbx.com/ig_messaging_cdn/
1765596607000,100009256332267,,Photo,STORY,1,180.0,0.0,0.0,0.0,16802.0,https://www.instagram.com/stories/starbucksindia/3786421233429453826,https://prod2-channel-assets.sprinklr.com/60624/FACEBOOK/100839651/media/C59CD96568809423954D3D52256A3854.jpg
1765596609000,100009256302376,"Baileys + Starbucks is finally here and for a limited time only! 

✨ Signature Irish Frappuccino®
✨ Signature Irish Cold Brew
✨ Signature Irish Matcha 
✨ Signature Irish Latte
 
Taste the joy of the season at a store near you, happy holidays 
 
[Starbucks India, Baileys, New at Starbucks, Holiday Season, Holidays Specials]",Photo,CAROUSEL,6,11658.0,4823.0,32.0,0.0,103317.0,https://www.instagram.com/p/DSMEhH0DsRn/,
1765618355000,100009256721910,,Video,STORY,1,2.0,0.0,0.0,0.0,16200.0,https://www.instagram.com/stories/starbucksindia/3786603676157373915,https://prod2-channel-assets.sprinklr.com/60624/FACEBOOK/100839651/media/20154ADEACA8A6540E30A83005A426F3.jpg
1765623166000,100009256808451,,Photo,STORY,1,1.0,0.0,0.0,0.0,14829.0,https://www.instagram.com/stories/starbucksindia/3786644058681410468,https://prod2-channel-assets.sprinklr.com/60624/FACEBOOK/100839651/media/BE44456AB3DB87491BFCB087853A7276.jpg
1765623172000,100009256796459,,Photo,PHOTO,1,0.0,0.0,0.0,0.0,0.0,,https://lookaside.fbsbx.com/ig_messaging_cdn/
1765623228000,100009256808446,,Photo,STORY,1,14.0,0.0,0.0,0.0,14120.0,https://www.instagram.com/stories/starbucksindia/3786644573431544190,https://prod2-channel-assets.sprinklr.com/60624/FACEBOOK/100839651/media/054399D89A94C57B948CB71CE2127006.jpg
1765623233000,100009256797881,,Photo,PHOTO,1,0.0,0.0,0.0,0.0,0.0,,https://lookaside.fbsbx.com/ig_messaging_cdn/
1765623286000,100009256808453,,Video,STORY,1,4.0,0.0,0.0,0.0,13693.0,https://www.instagram.com/stories/starbucksindia/3786645042589606495,https://prod2-channel-assets.sprinklr.com/60624/FACEBOOK/100839651/media/AADFA0C17BDE6087F77A0EBF5F5E8A39.jpg
1765623307000,100009256799548,,Video,PHOTO,1,0.0,0.0,0.0,0.0,0.0,,https://lookaside.fbsbx.com/ig_messaging_cdn/
1765623423000,100009256808448,,Video,STORY,1,12.0,0.0,0.0,0.0,13353.0,https://www.instagram.com/stories/starbucksindia/3786646197256356739,https://prod2-channel-assets.sprinklr.com/60624/FACEBOOK/100839651/media/9283B301B3DD30E8679A530F899EEE95.jpg
1765623451000,100009256802949,,Video,PHOTO,1,0.0,0.0,0.0,0.0,0.0,,https://lookaside.fbsbx.com/ig_messaging_cdn/
1765643464000,100009258071826,,Photo,STORY,1,9.0,0.0,0.0,0.0,14954.0,https://www.instagram.com/stories/starbucksindia/3786814337642664296,https://prod2-channel-assets.sprinklr.com/60624/FACEBOOK/100839651/media/186B4CA005B770B1305935088046575F.jpg
1765643472000,100009257568525,,Photo,PHOTO,1,0.0,0.0,0.0,0.0,0.0,,https://lookaside.fbsbx.com/ig_messaging_cdn/
1765683000000,100009262999183,"Tell a friend of a friend, Red Cup offer ends today.❤️

Last day to grab yours with an order of two Holiday favourites, only at Starbucks.

*T&C Apply
 
[Starbucks India, Red Cup, Holiday 2025, Holiday Season, Limited Offer]",Video,VIDEO,1,1425.0,1186.0,13.0,0.0,27681.0,https://www.instagram.com/reel/DSOpXvhjDZB/,https://prod2-media-proxy.sprinklr.com/channel/data/media/60624/e0af3197-63b6-42bf-ab01-8e5a81e48dd6.jpg
1765698569000,100009263252223,,Video,STORY,1,11.0,0.0,0.0,0.0,15926.0,https://www.instagram.com/stories/starbucksindia/3787276564388700957,https://prod2-channel-assets.sprinklr.com/60624/FACEBOOK/100839651/media/E6A981B0EAB942636E89E32EB3A9D6A6.jpg
1765698590000,100009263239164,,Video,PHOTO,1,0.0,0.0,0.0,0.0,0.0,,https://lookaside.fbsbx.com/ig_messaging_cdn/
1765698715000,100009263252231,,Video,STORY,1,6.0,0.0,0.0,0.0,14210.0,https://www.instagram.com/stories/starbucksindia/3787277792396974178,https://prod2-channel-assets.sprinklr.com/60624/FACEBOOK/100839651/media/8EAF9FAFBE104A93855E92DBA27A5964.jpg
1765698730000,100009263242116,,Video,PHOTO,1,0.0,0.0,0.0,0.0,0.0,,https://lookaside.fbsbx.com/ig_messaging_cdn/
1765698752000,100009263252227,,Video,STORY,1,2.0,0.0,0.0,0.0,13559.0,https://www.instagram.com/stories/starbucksindia/3787278099940157046,https://prod2-channel-assets.sprinklr.com/60624/FACEBOOK/100839651/media/B033EEF2AD4C22F4DD482466993258CD.jpg
1765698773000,100009263242984,,Video,PHOTO,1,0.0,0.0,0.0,0.0,0.0,,https://lookaside.fbsbx.com/ig_messaging_cdn/
1765698795000,100009263245685,,Video,STORY,1,1.0,0.0,0.0,0.0,13174.0,https://www.instagram.com/stories/starbucksindia/3787278463728924873,https://prod2-channel-assets.sprinklr.com/60624/FACEBOOK/100839651/media/D12A9CEA512E22E78EF01C52DF9BD376.jpg
1765698953000,100009263252229,,Video,STORY,1,3.0,0.0,0.0,0.0,12577.0,https://www.instagram.com/stories/starbucksindia/3787279782225137883,https://prod2-channel-assets.sprinklr.com/60624/FACEBOOK/100839651/media/BC03265E1CA31D715E1382DA196B300E.jpg
1765698973000,100009263247063,,Video,PHOTO,1,0.0,0.0,0.0,0.0,0.0,,https://lookaside.fbsbx.com/ig_messaging_cdn/
1765711800000,100009263528594,"Matching totes? Now that’s bestie behaviour 🎀
 
Get your hands on The Plated Project + Starbucks totes at your nearest store. 
 
[Starbucks India, The Plated Project, 500 Ways to Belong, Milestone, India, Celebration]",Video,VIDEO,1,665.0,574.0,5.0,0.0,25563.0,https://www.instagram.com/reel/DSPgS0VjI05/,https://prod2-media-proxy.sprinklr.com/channel/data/media/60624/ad093b6f-d44e-4281-8946-8a60ab19c815.jpg
1765769413000,100009269706775,,Photo,STORY,1,61.0,0.0,0.0,0.0,19217.0,https://www.instagram.com/stories/starbucksindia/3787870838025142155,https://prod2-channel-assets.sprinklr.com/60624/FACEBOOK/100839651/media/4B3B87A6C6EFB1EF3723A129B85D77E5.jpg
1765780608000,100009269899069,,Photo,STORY,1,6.0,0.0,0.0,0.0,18619.0,https://www.instagram.com/stories/starbucksindia/3787964783974765143,https://prod2-channel-assets.sprinklr.com/60624/FACEBOOK/100839651/media/45DBC3ECD9B4A6138C016C8A1F563DB7.jpg
1765780616000,100009269869257,,Photo,PHOTO,1,0.0,0.0,0.0,0.0,0.0,,https://lookaside.fbsbx.com/ig_messaging_cdn/
1765780641000,100009269899066,,Photo,STORY,1,7.0,0.0,0.0,0.0,17558.0,https://www.instagram.com/stories/starbucksindia/3787965052049536974,https://prod2-channel-assets.sprinklr.com/60624/FACEBOOK/100839651/media/CB2868BC0F5358BC6CD20829C04F2D01.jpg
1765780648000,100009269869811,,Photo,PHOTO,1,0.0,0.0,0.0,0.0,0.0,,https://lookaside.fbsbx.com/ig_messaging_cdn/
1765780724000,100009269899071,,Photo,STORY,1,3.0,0.0,0.0,0.0,16564.0,https://www.instagram.com/stories/starbucksindia/3787965747649662348,https://prod2-channel-assets.sprinklr.com/60624/FACEBOOK/100839651/media/3F97AF330E87433320732DB3EA0674C0.jpg
1765780731000,100009269871429,,Photo,PHOTO,1,0.0,0.0,0.0,0.0,0.0,,https://lookaside.fbsbx.com/ig_messaging_cdn/
1765794609000,100009270261141,"There was an evening where I had been staring at my notes, completely drained, and ready to give up on studying for the day. Seeing me so demotivated, my friend suggested we step out and go to Starbucks. Since I had zero energy left, I agreed. I always thought of Starbucks as a place to unwind, never a place to focus. But that day changed my perspective entirely. 
 
We found a comfortable corner, ordered our food and drinks, and I opened my laptop out of habit. I wasn’t expecting much, but something about the evening just clicked. The warm lights, the soft music, and the soothing aroma of coffee all worked together to clear the fog in my head. Without realising it, I opened the PDFs I was avoiding and started going through my study material. One page turned into another, and before I knew it, I was deeply focused. The exhaustion I had walked in with? Gone. 
 
That evening changed everything. Now whenever I’m stuck or unfocused, I know where to go. Starbucks has become my reset button, a place where I find clarity I can’t seem to find anywhere else. 
 
[Starbucks India, Coffee, 500 Ways to Belong, Milestone, Customer Stories]",Photo,CAROUSEL,3,749.0,712.0,10.0,0.0,21841.0,https://www.instagram.com/p/DSR-LEkDRh6/,
1765855806000,100009277291409,"Slow December mornings + Starbucks Christmas Blend = a whole vibe ❄🎄

Now available at your nearest store, tills stocks last! Get it now ☕

[Starbucks India, Christmas Blend, Coffee, Holiday Season, Holidays 2025]",Photo,PHOTO,1,387.0,373.0,3.0,0.0,21060.0,https://www.instagram.com/p/DSTy5UXEoRZ/,https://prod2-media-proxy.sprinklr.com/channel/data/media/60624/fb573a56-ab5a-47d2-a492-5e48a6be250b.jpg
1765869812000,100009277601603,,Video,STORY,1,2.0,0.0,0.0,0.0,17028.0,https://www.instagram.com/stories/starbucksindia/3788713056055097157,https://prod2-channel-assets.sprinklr.com/60624/FACEBOOK/100839651/media/A9FCFC1A2D05E45AB96FC23F99C637F1.jpg
1765869834000,100009277582582,,Photo,STORY,1,0.0,0.0,0.0,0.0,15024.0,https://www.instagram.com/stories/starbucksindia/3788713253153831389,https://prod2-channel-assets.sprinklr.com/60624/FACEBOOK/100839651/media/0FD56471DDDDF535B84C77A0AB3F16E4.jpg
1765869840000,100009277546248,,Photo,PHOTO,1,0.0,0.0,0.0,0.0,0.0,,https://lookaside.fbsbx.com/ig_messaging_cdn/
1765869844000,100009277546341,,Video,PHOTO,1,0.0,0.0,0.0,0.0,0.0,,https://lookaside.fbsbx.com/ig_messaging_cdn/
1765870070000,100009277601599,,Video,STORY,1,2.0,0.0,0.0,0.0,14159.0,https://www.instagram.com/stories/starbucksindia/3788715216465572997,https://prod2-channel-assets.sprinklr.com/60624/FACEBOOK/100839651/media/AE03FDFA637BA20E2851DA9772CB9A91.jpg
1765870094000,100009277551844,,Video,PHOTO,1,0.0,0.0,0.0,0.0,0.0,,https://lookaside.fbsbx.com/ig_messaging_cdn/
1765870137000,100009277601601,,Photo,STORY,1,1.0,0.0,0.0,0.0,13492.0,https://www.instagram.com/stories/starbucksindia/3788715790732930431,https://prod2-channel-assets.sprinklr.com/60624/FACEBOOK/100839651/media/5964E5E390936BF6112F8477F4C4CBC3.jpg
1765870142000,100009277552931,,Photo,PHOTO,1,0.0,0.0,0.0,0.0,0.0,,https://lookaside.fbsbx.com/ig_messaging_cdn/
1765898108000,100009279022734,,Video,STORY,1,4.0,0.0,0.0,0.0,13156.0,https://www.instagram.com/stories/starbucksindia/3788950421415675719,https://prod2-channel-assets.sprinklr.com/60624/FACEBOOK/100839651/media/623CBFCDD4922D1B7341ED6EC904ADD8.jpg
1765898137000,100009278657644,,Video,PHOTO,1,0.0,0.0,0.0,0.0,0.0,,https://lookaside.fbsbx.com/ig_messaging_cdn/
1765898174000,100009279022728,,Photo,STORY,1,4.0,0.0,0.0,0.0,12164.0,https://www.instagram.com/stories/starbucksindia/3788950989584469131,https://prod2-channel-assets.sprinklr.com/60624/FACEBOOK/100839651/media/C73EC5551465E9D92339B3BCE062D9C8.jpg
1765898180000,100009278659754,,Photo,PHOTO,1,0.0,0.0,0.0,0.0,0.0,,https://lookaside.fbsbx.com/ig_messaging_cdn/
1765898212000,100009279022719,,Photo,STORY,1,2.0,0.0,0.0,0.0,11835.0,https://www.instagram.com/stories/starbucksindia/3788951309551151366,https://prod2-channel-assets.sprinklr.com/60624/FACEBOOK/100839651/media/D415710EEDC7B66FE03459CE19794BD5.jpg
1765898218000,100009278661941,,Photo,PHOTO,1,0.0,0.0,0.0,0.0,0.0,,https://lookaside.fbsbx.com/ig_messaging_cdn/
1765949172000,100009285122893,,Video,STORY,1,5.0,0.0,0.0,0.0,12001.0,https://www.instagram.com/stories/starbucksindia/3789378778049574550,https://prod2-channel-assets.sprinklr.com/60624/FACEBOOK/100839651/media/25E61B9A934698997559ED1A4C154BDC.jpg
1765949200000,100009285086085,,Video,PHOTO,1,0.0,0.0,0.0,0.0,0.0,,https://lookaside.fbsbx.com/ig_messaging_cdn/
1765949281000,100009285122889,,Video,STORY,1,1.0,0.0,0.0,0.0,10974.0,https://www.instagram.com/stories/starbucksindia/3789379690226817839,https://prod2-channel-assets.sprinklr.com/60624/FACEBOOK/100839651/media/083925564188C59D34D01788FCE0971C.jpg
1765949305000,100009285087577,,Video,PHOTO,1,0.0,0.0,0.0,0.0,0.0,,https://lookaside.fbsbx.com/ig_messaging_cdn/
1765949388000,100009285122891,,Video,STORY,1,3.0,0.0,0.0,0.0,10560.0,https://www.instagram.com/stories/starbucksindia/3789380589519155847,https://prod2-channel-assets.sprinklr.com/60624/FACEBOOK/100839651/media/5830D85876393BBF572ACDACDD09E41D.jpg
1765949404000,100009285088978,,Video,PHOTO,1,0.0,0.0,0.0,0.0,0.0,,https://lookaside.fbsbx.com/ig_messaging_cdn/
1765954900000,100009285195133,"Santas, hop in, we’re going shopping! ✨🛍️
 
From Holiday tumblers to mugs, we’ve got you covered for gifts your Santee will actually love. 
 
[Starbucks India, Starbucks Merch, Holiday Merch, Holiday Season, Holiday Gifts]",Photo,CAROUSEL,6,1814.0,1451.0,11.0,0.0,28314.0,https://www.instagram.com/p/DSWv51vkkab/,
1765967249000,100009285602146,,Video,STORY,1,0.0,0.0,0.0,0.0,12653.0,https://www.instagram.com/stories/starbucksindia/3789530415123988680,https://prod2-channel-assets.sprinklr.com/60624/FACEBOOK/100839651/media/4768B3B483EF6C8DA2436668F451E0F1.jpg
1765967281000,100009285540125,,Video,PHOTO,1,0.0,0.0,0.0,0.0,0.0,,https://lookaside.fbsbx.com/ig_messaging_cdn/
1765967397000,100009285602150,,Video,STORY,1,6.0,0.0,0.0,0.0,11734.0,https://www.instagram.com/stories/starbucksindia/3789531652787614513,https://prod2-channel-assets.sprinklr.com/60624/FACEBOOK/100839651/media/3D0CBB2BD7F431B47D627D1E16DE2EA5.jpg
1765967423000,100009285544143,,Video,PHOTO,1,0.0,0.0,0.0,0.0,0.0,,https://lookaside.fbsbx.com/ig_messaging_cdn/
1765967504000,100009285602148,,Video,STORY,1,2.0,0.0,0.0,0.0,11390.0,https://www.instagram.com/stories/starbucksindia/3789532553464069771,https://prod2-channel-assets.sprinklr.com/60624/FACEBOOK/100839651/media/426DF87CD0303857ABAA68FE87A762DE.jpg
1765967529000,100009285547692,,Video,PHOTO,1,0.0,0.0,0.0,0.0,0.0,,https://lookaside.fbsbx.com/ig_messaging_cdn/
1765967722000,100009285557730,,Photo,STORY,1,9.0,0.0,0.0,0.0,10991.0,https://www.instagram.com/stories/starbucksindia/3789534380326725203,https://prod2-channel-assets.sprinklr.com/60624/FACEBOOK/100839651/media/DD8E7C6E3A5ECD15364341302311201A.jpg
1765979361000,100009285993260,"Baileys + Starbucks is finally here and for a limited time only! 

✨ Signature Irish Latte
✨ Signature Irish Cold Brew
✨ Signature Irish Frappuccino®️
✨ Signature Irish Matcha
 
Taste the joy of the season at a store near you, happy holidays

*All listed beverages are non-alcoholic, flavoured beverages
 
[Starbucks India, Baileys, Coffee, Holiday Season, Holidays Specials]",Video,VIDEO,1,16.0,12.0,0.0,0.0,1169.0,https://www.instagram.com/reel/DSXecAvgUyC/,https://prod2-media-proxy.sprinklr.com/channel/data/media/60624/ce9dd0a7-a869-49b7-b16d-6c65b9210c75.jpg
1766028600000,100009292318361,"A Holiday comeback we’ve all been waiting for 🎄🥰 

Bite into the Christmas tree pastry at Starbucks. 
 
[Starbucks India, Holiday Season, Holidays 2025, Pastry, Holiday Specials]",Video,VIDEO,1,820.0,749.0,16.0,0.0,23610.0,https://www.instagram.com/reel/DSY8hhlgTuw/,https://prod2-media-proxy.sprinklr.com/channel/data/media/60624/e458ea28-4640-41a8-b8cd-fb19bd031a0f.jpg
1766028607000,100009292322470,,Photo,STORY,1,80.0,0.0,0.0,0.0,18871.0,https://www.instagram.com/stories/starbucksindia/3790045117730637324,https://prod2-channel-assets.sprinklr.com/60624/FACEBOOK/100839651/media/3F4DBD897856E4831A285B6EA1AC9849.jpg
1766062256000,100009429886523,,Photo,STORY,1,0.0,0.0,0.0,0.0,0.0,https://www.instagram.com/p/DSZ8q2DjMWl/,https://prod2-channel-assets.sprinklr.com/60624/FACEBOOK/100839651/media/7C0EF731FBCF7309FC109850DFB0B724.jpg
1766062385000,100009314520373,,Photo,STORY,1,0.0,0.0,0.0,0.0,0.0,https://www.instagram.com/p/DSZ86g3jCeD/,https://prod2-channel-assets.sprinklr.com/60624/FACEBOOK/100839651/media/E55341595A2D7929B6AC97078A9A3379.jpg
1766064787000,100009293388056,,Video,STORY,1,9.0,0.0,0.0,0.0,12263.0,https://www.instagram.com/stories/starbucksindia/3790348624438545300,https://prod2-channel-assets.sprinklr.com/60624/FACEBOOK/100839651/media/765346B5AF4CB7F38904FE84D9DB0037.jpg
1766064809000,100009293313808,,Video,PHOTO,1,0.0,0.0,0.0,0.0,0.0,,https://lookaside.fbsbx.com/ig_messaging_cdn/
1766065075000,100009293388052,,Photo,STORY,1,2.0,0.0,0.0,0.0,10973.0,https://www.instagram.com/stories/starbucksindia/3790351053292867196,https://prod2-channel-assets.sprinklr.com/60624/FACEBOOK/100839651/media/5503EDE7F262B60E31F3B7C2D7FC8322.jpg
1766065082000,100009293326835,,Photo,PHOTO,1,0.0,0.0,0.0,0.0,0.0,,https://lookaside.fbsbx.com/ig_messaging_cdn/
1766065209000,100009293388050,,Video,STORY,1,1.0,0.0,0.0,0.0,10459.0,https://www.instagram.com/stories/starbucksindia/3790352165999791422,https://prod2-channel-assets.sprinklr.com/60624/FACEBOOK/100839651/media/324F495CBE07CE1590DC9FC377C4D071.jpg
1766065243000,100009293333649,,Video,PHOTO,1,0.0,0.0,0.0,0.0,0.0,,https://lookaside.fbsbx.com/ig_messaging_cdn/
1766065341000,100009293388054,,Video,STORY,1,0.0,0.0,0.0,0.0,10042.0,https://www.instagram.com/stories/starbucksindia/3790353268237711151,https://prod2-channel-assets.sprinklr.com/60624/FACEBOOK/100839651/media/852933AD3B23A9E317BEF5D8ED791591.jpg
1766065362000,100009293338473,,Video,PHOTO,1,0.0,0.0,0.0,0.0,0.0,,https://lookaside.fbsbx.com/ig_messaging_cdn/
1766065411000,100009293352768,,Video,STORY,1,0.0,0.0,0.0,0.0,9628.0,https://www.instagram.com/stories/starbucksindia/3790353857294135905,https://prod2-channel-assets.sprinklr.com/60624/FACEBOOK/100839651/media/6C3C6C897AAABB9A14A59EC27005F275.jpg
1766065432000,100009293388048,,Video,STORY,1,0.0,0.0,0.0,0.0,9323.0,https://www.instagram.com/stories/starbucksindia/3790354030854410117,https://prod2-channel-assets.sprinklr.com/60624/FACEBOOK/100839651/media/116AEDCF79CCAFAE5B6B9E9E650C24CF.jpg
1766065455000,100009293342270,,Video,PHOTO,1,0.0,0.0,0.0,0.0,0.0,,https://lookaside.fbsbx.com/ig_messaging_cdn/
1766068340000,100009293494655,"‘Tis the red cup season🎄☕️

[ Starbucks , Christmas Menu , December Vibes , Christmas Cafe , Christmas Decor , Happy Holidays ]",Video,VIDEO,1,3233.0,2789.0,39.0,0.0,41681.0,https://www.instagram.com/reel/DSaIOEXDCtg/,https://prod2-media-proxy.sprinklr.com/channel/data/media/60624/f7df634f-5762-47fe-9bcd-dbc51b922e9e.jpg
1766068453000,100009293568966,,Video,STORY,1,4.0,0.0,0.0,0.0,9175.0,https://www.instagram.com/stories/starbucksindia/3790379372814026764,https://prod2-channel-assets.sprinklr.com/60624/FACEBOOK/100839651/media/4E690B087F0FC0F30F2CA68798FCAD3A.jpg
1766070588000,100009293596508,,Video,PHOTO,1,0.0,0.0,0.0,0.0,0.0,,https://lookaside.fbsbx.com/ig_messaging_cdn/
1766115009000,100009299621767,,Photo,STORY,1,174.0,0.0,0.0,0.0,12817.0,https://www.instagram.com/stories/starbucksindia/3790769906941756153,https://prod2-channel-assets.sprinklr.com/60624/FACEBOOK/100839651/media/989D34F276BE26960E15C4BC01867535.jpg
1766125751000,100009299778001,"It was one of those cold Delhi nights when the city feels quieter and your heart feels a little louder. Our simple winter date somehow led us to Starbucks, Connaught Place. I ordered my favourite Java Chip, and she chose Strawberry and Cream, a combination that’s unexpected but perfect, just like us. 
 
The soft lights, the aroma of the coffee in the air, and the low hum of the conversations around us made everything feel special. She had stepped away when the barista handed us a few tissues, and without knowing why, I started rolling the tissue into a ring. When she returned, I showed her the ring and slipped it onto her finger.  She laughed in her usual, beautiful way, and something in me just clicked. 
 
Since then, every visit to Starbucks comes with a new tissue ring, each one reminding us that every day, we choose each other. Today, she has a collection of tissue rings that she treasures deeply. They are a sign of how a simple visit to Starbucks started something truly precious for us. 
 
 [Starbucks India, Coffee, 500 Ways to Belong, Milestone, Customer Stories]",Photo,CAROUSEL,3,818.0,800.0,3.0,0.0,22758.0,https://www.instagram.com/p/DSb1xmECOoz/,
1766129496807,100009299839874,,Photo,PHOTO,1,0.0,0.0,0.0,0.0,0.0,,https://lookaside.fbsbx.com/ig_messaging_cdn/
1766141044000,100009300130227,,Video,STORY,1,7.0,0.0,0.0,0.0,12879.0,https://www.instagram.com/stories/starbucksindia/3790988312589399959,https://prod2-channel-assets.sprinklr.com/60624/FACEBOOK/100839651/media/9D2DA44F3D0A2BE10C637C79030BC1E4.jpg
1766141068000,100009300130221,,Video,STORY,1,1.0,0.0,0.0,0.0,11814.0,https://www.instagram.com/stories/starbucksindia/3790988518110294430,https://prod2-channel-assets.sprinklr.com/60624/FACEBOOK/100839651/media/8E95838385AA26A16BD8AE00F2F39BC7.jpg
1766141071000,100009300104854,,Video,PHOTO,1,0.0,0.0,0.0,0.0,0.0,,https://lookaside.fbsbx.com/ig_messaging_cdn/
1766141098000,100009300105579,,Video,PHOTO,1,0.0,0.0,0.0,0.0,0.0,,https://lookaside.fbsbx.com/ig_messaging_cdn/
1766141181000,100009300130225,,Video,STORY,1,11.0,0.0,0.0,0.0,11380.0,https://www.instagram.com/stories/starbucksindia/3790989462852077317,https://prod2-channel-assets.sprinklr.com/60624/FACEBOOK/100839651/media/7A0AC9BA49CF4D51B4CEBF61B2940798.jpg
1766141206000,100009300108436,,Video,PHOTO,1,0.0,0.0,0.0,0.0,0.0,,https://lookaside.fbsbx.com/ig_messaging_cdn/
1766141365000,100009300130223,,Photo,STORY,1,3.0,0.0,0.0,0.0,11029.0,https://www.instagram.com/stories/starbucksindia/3790991031672787003,https://prod2-channel-assets.sprinklr.com/60624/FACEBOOK/100839651/media/CC1851B885ACF52ADFD9C0118B1B16EE.jpg
1766141372000,100009300112680,,Photo,PHOTO,1,0.0,0.0,0.0,0.0,0.0,,https://lookaside.fbsbx.com/ig_messaging_cdn/
1766151000000,100009300435644,"We paired up with Baileys to serve the merry magic. And the result? Instant hit! 💯😍

Try the Signature Irish range by Baileys + Starbucks at you nearest store. 
 
*All listed beverages are non-alcoholic, flavoured beverages

[Starbucks India, Baileys + Starbucks, Holiday Season, Holidays Specials, Holidays]",Video,VIDEO,1,1059.0,963.0,4.0,0.0,21974.0,https://www.instagram.com/reel/DScmBO8jIKD/,https://prod2-media-proxy.sprinklr.com/channel/data/media/60624/0e3b0f54-d4d2-4bcb-b626-2d41407ed6e9.jpg
1766201407000,100009307009754,,Photo,STORY,1,31.0,0.0,0.0,0.0,12936.0,https://www.instagram.com/stories/starbucksindia/3791494662004232440,https://prod2-channel-assets.sprinklr.com/60624/FACEBOOK/100839651/media/AADFF295988F6438DEF7BC5A5CF2351C.jpg
1766216654000,100009307290968,,Video,STORY,1,1.0,0.0,0.0,0.0,12148.0,https://www.instagram.com/stories/starbucksindia/3791622577102544913,https://prod2-channel-assets.sprinklr.com/60624/FACEBOOK/100839651/media/281151D15CDF92ED849D4B3796F23C59.jpg
1766216678000,100009307270518,,Video,PHOTO,1,0.0,0.0,0.0,0.0,0.0,,https://lookaside.fbsbx.com/ig_messaging_cdn/
1766216979000,100009307290966,,Video,STORY,1,2.0,0.0,0.0,0.0,11391.0,https://www.instagram.com/stories/starbucksindia/3791625299952455618,https://prod2-channel-assets.sprinklr.com/60624/FACEBOOK/100839651/media/F5382AFA9BDD83B71E28D1157960DF9B.jpg
1766216999000,100009307276812,,Video,PHOTO,1,0.0,0.0,0.0,0.0,0.0,,https://lookaside.fbsbx.com/ig_messaging_cdn/
1766217013000,100009307290964,,Video,STORY,1,4.0,0.0,0.0,0.0,10765.0,https://www.instagram.com/stories/starbucksindia/3791625586909914862,https://prod2-channel-assets.sprinklr.com/60624/FACEBOOK/100839651/media/D68509250DB941D359145709B0F8A3B0.jpg
1766217037000,100009307277502,,Video,PHOTO,1,0.0,0.0,0.0,0.0,0.0,,https://lookaside.fbsbx.com/ig_messaging_cdn/
1766226600000,100009307509851,"Serving up next, your favourite Holiday sips. 🎄

Get them only at Starbucks. ✨ 

[Starbucks India, Holiday Season, Holidays 2025, Coffee, Holiday Specials]",Photo,PHOTO,1,1520.0,1446.0,11.0,0.0,32226.0,https://www.instagram.com/p/DSfHVpqjMPQ/,https://prod2-media-proxy.sprinklr.com/channel/data/media/60624/203a6475-ef89-4659-b4b0-1f130e4f8f8f.jpg
1766309960000,100009314558082,,Photo,STORY,1,1.0,0.0,0.0,0.0,15115.0,https://www.instagram.com/stories/starbucksindia/3792405322351291494,https://prod2-channel-assets.sprinklr.com/60624/FACEBOOK/100839651/media/5A755A8901286FC46E79041EF7E90AEB.jpg
1766309968000,100009314529517,,Photo,PHOTO,1,0.0,0.0,0.0,0.0,0.0,,https://lookaside.fbsbx.com/ig_messaging_cdn/
1766310192000,100009314558080,,Video,STORY,1,4.0,0.0,0.0,0.0,13574.0,https://www.instagram.com/stories/starbucksindia/3792407230231143179,https://prod2-channel-assets.sprinklr.com/60624/FACEBOOK/100839651/media/FB569F89AA22E2EEA161A64115137772.jpg
1766310218000,100009314534858,,Video,PHOTO,1,0.0,0.0,0.0,0.0,0.0,,https://lookaside.fbsbx.com/ig_messaging_cdn/
1766310312000,100009314558076,,Video,STORY,1,2.0,0.0,0.0,0.0,12577.0,https://www.instagram.com/stories/starbucksindia/3792408234565586661,https://prod2-channel-assets.sprinklr.com/60624/FACEBOOK/100839651/media/6515A5F56E338162A0A54D4C6C55F535.jpg
1766310332000,100009314537319,,Video,PHOTO,1,0.0,0.0,0.0,0.0,0.0,,https://lookaside.fbsbx.com/ig_messaging_cdn/
1766322000000,100009314825561,"Everyone’s talking about them, now it’s your turn to try! 

Sip the Signature Irish range by Baileys + Starbucks at your nearest store. 

*All listed beverages are non-alcoholic, flavoured beverages

[Starbucks India, Baileys, Coffee, Holiday Season, Holidays Specials]",Video,VIDEO,1,1067.0,938.0,3.0,0.0,25462.0,https://www.instagram.com/reel/DShsK-qjFCT/,https://prod2-media-proxy.sprinklr.com/channel/data/media/60624/9caf88d2-10c3-493c-b55e-e002aa7ca23a.jpg
1766330845000,100009315342896,,Video,STORY,1,1.0,0.0,0.0,0.0,12650.0,https://www.instagram.com/stories/starbucksindia/3792580479430728263,https://prod2-channel-assets.sprinklr.com/60624/FACEBOOK/100839651/media/65E458FB81A8EDB05F2DDCC319DE38DE.jpg
1766330871000,100009315112101,,Video,PHOTO,1,0.0,0.0,0.0,0.0,0.0,,https://lookaside.fbsbx.com/ig_messaging_cdn/
1766330884000,100009315342888,,Photo,STORY,1,0.0,0.0,0.0,0.0,7361.0,https://www.instagram.com/stories/starbucksindia/3792580819941101930,https://prod2-channel-assets.sprinklr.com/60624/FACEBOOK/100839651/media/93ECF21FBA9C4DA7A3DA0361D03D6258.jpg
1766330890000,100009315112632,,Photo,PHOTO,1,0.0,0.0,0.0,0.0,0.0,,https://lookaside.fbsbx.com/ig_messaging_cdn/
1766331008000,100009315342900,,Photo,STORY,1,15.0,0.0,0.0,0.0,11618.0,https://www.instagram.com/stories/starbucksindia/3792581862779317976,https://prod2-channel-assets.sprinklr.com/60624/FACEBOOK/100839651/media/563A47BF1AF041E82C12F0AE3B5203ED.jpg
1766331016000,100009315117179,,Photo,PHOTO,1,0.0,0.0,0.0,0.0,0.0,,https://lookaside.fbsbx.com/ig_messaging_cdn/
1766331095000,100009315342894,,Video,STORY,1,1.0,0.0,0.0,0.0,11006.0,https://www.instagram.com/stories/starbucksindia/3792582571457312534,https://prod2-channel-assets.sprinklr.com/60624/FACEBOOK/100839651/media/3D654FCE42EC2AB0B4888D918A37C130.jpg
1766331116000,100009315120720,,Video,PHOTO,1,0.0,0.0,0.0,0.0,0.0,,https://lookaside.fbsbx.com/ig_messaging_cdn/
1766391017000,100009320889438,,Video,STORY,1,2.0,0.0,0.0,0.0,14368.0,https://www.instagram.com/stories/starbucksindia/3793085238759677139,https://prod2-channel-assets.sprinklr.com/60624/FACEBOOK/100839651/media/F1DE2483A5D840358C3C81CD401258C0.jpg
1766391036000,100009320802719,,Video,PHOTO,1,0.0,0.0,0.0,0.0,0.0,,https://lookaside.fbsbx.com/ig_messaging_cdn/
1766391190000,100009320889444,,Photo,STORY,1,0.0,0.0,0.0,0.0,0.0,https://www.instagram.com/stories/starbucksindia/3793086702781503740,https://prod2-channel-assets.sprinklr.com/60624/FACEBOOK/100839651/media/97C03F4E59BBB2C4B08A3A513A9C5E1D.jpg
1766391196000,100009320806866,,Photo,PHOTO,1,0.0,0.0,0.0,0.0,0.0,,https://lookaside.fbsbx.com/ig_messaging_cdn/
1766391239000,100009320889436,,Video,STORY,1,0.0,0.0,0.0,0.0,0.0,https://www.instagram.com/stories/starbucksindia/3793087107196295253,https://prod2-channel-assets.sprinklr.com/60624/FACEBOOK/100839651/media/9C594E2DA290C7C139BE17C479FDD7C8.jpg
1766391264000,100009320808731,,Video,PHOTO,1,0.0,0.0,0.0,0.0,0.0,,https://lookaside.fbsbx.com/ig_messaging_cdn/
1766391321000,100009320889440,,Video,STORY,1,2.0,0.0,0.0,0.0,12868.0,https://www.instagram.com/stories/starbucksindia/3793087787411722598,https://prod2-channel-assets.sprinklr.com/60624/FACEBOOK/100839651/media/27129428C4A1892DCAF7090335D89676.jpg
1766391341000,100009320810897,,Video,PHOTO,1,0.0,0.0,0.0,0.0,0.0,,https://lookaside.fbsbx.com/ig_messaging_cdn/
1766406999000,100009321319833,"Back in the pre-COVID era, after quitting my Big 4 job, I didn’t have an office in Mumbai. What I did have was a Starbucks store close-by, so that became my workplace. From morning till night, we worked out of the Starbucks in Fort, spending our entire day in the comfort of that store. Yet, not once did the partners there make us feel unwelcome. No complaints, no pressure, just warm smiles and quiet support. That kindness stayed with me. 
 
Last week, I walked into Starbucks, Jayanagar and picked up almost every piece of merch I could find, small reminders of a time when a store made me feel at home. Years have passed, but the feeling of welcome I experienced at Starbucks is something I’ll always carry with me. 
 
[Starbucks India, Coffee, 500 Ways to Belong, Milestone, Customer Stories]",Photo,CAROUSEL,3,1153.0,1103.0,10.0,0.0,27544.0,https://www.instagram.com/p/DSkONo_klod/,
1766460608000,100009330222647,,Photo,STORY,1,89.0,0.0,0.0,0.0,20705.0,https://www.instagram.com/stories/starbucksindia/3793668998567648851,https://prod2-channel-assets.sprinklr.com/60624/FACEBOOK/100839651/media/8230DBA0A2478ED29400F250846173E0.jpg
1766472861000,100009330438940,"We got you covered 🎁

[Starbucks India, Starbucks Merch, Holiday Merch, Holiday Season, Holiday Gifts]",Photo,CAROUSEL,6,893.0,804.0,13.0,0.0,18927.0,https://www.instagram.com/p/DSmL1cdDP3l/,
1766492896000,100009331119273,,Video,STORY,1,4.0,0.0,0.0,0.0,16320.0,https://www.instagram.com/stories/starbucksindia/3793939858498640524,https://prod2-channel-assets.sprinklr.com/60624/FACEBOOK/100839651/media/A6BD5F6BD0DFD2E9AC2937121CF6D7AB.jpg
1766492915000,100009331050059,,Video,PHOTO,1,0.0,0.0,0.0,0.0,0.0,,https://lookaside.fbsbx.com/ig_messaging_cdn/
1766493139000,100009331119275,,Video,STORY,1,2.0,0.0,0.0,0.0,14901.0,https://www.instagram.com/stories/starbucksindia/3793941900780711691,https://prod2-channel-assets.sprinklr.com/60624/FACEBOOK/100839651/media/F5996905B2EB3B48A178E90F3BA4E46B.jpg
1766493165000,100009331058654,,Video,PHOTO,1,0.0,0.0,0.0,0.0,0.0,,https://lookaside.fbsbx.com/ig_messaging_cdn/
1766493210000,100009331105992,,Video,STORY,1,4.0,0.0,0.0,0.0,14153.0,https://www.instagram.com/stories/starbucksindia/3793942499425371927,https://prod2-channel-assets.sprinklr.com/60624/FACEBOOK/100839651/media/45C50EAAFB5478FDBA03E2A4F0B2310E.jpg
1766493269000,100009331119271,,Video,STORY,1,3.0,0.0,0.0,0.0,13600.0,https://www.instagram.com/stories/starbucksindia/3793942988682558574,https://prod2-channel-assets.sprinklr.com/60624/FACEBOOK/100839651/media/230E5F4AECF9B1C1120A11E292B307EC.jpg
1766493299000,100009331063199,,Video,PHOTO,1,0.0,0.0,0.0,0.0,0.0,,https://lookaside.fbsbx.com/ig_messaging_cdn/
1766554999000,100009339965370,"If someone owes you a coffee date… send them this as a reminder 👀🙈
 
[Starbucks India, Holiday Season, Holidays 2025, Coffee, Holiday Specials]",Video,VIDEO,1,989.0,819.0,1.0,0.0,25057.0,https://www.instagram.com/reel/DSoodbqAX6L/,https://prod2-media-proxy.sprinklr.com/channel/data/media/60624/94e2ce56-d19d-45d3-863d-4076e540e566.jpg
1766571391000,100009340463875,,Photo,STORY,1,1.0,0.0,0.0,0.0,13606.0,https://www.instagram.com/stories/starbucksindia/3794598347433368129,https://prod2-channel-assets.sprinklr.com/60624/FACEBOOK/100839651/media/4D9E95E3959789B3C798851EE207930A.jpg
1766571398000,100009340378845,,Photo,PHOTO,1,0.0,0.0,0.0,0.0,0.0,,https://lookaside.fbsbx.com/ig_messaging_cdn/
1766571492000,100009340463879,,Video,STORY,1,2.0,0.0,0.0,0.0,11931.0,https://www.instagram.com/stories/starbucksindia/3794599173585373208,https://prod2-channel-assets.sprinklr.com/60624/FACEBOOK/100839651/media/88F7D0C66F49815BB522F814912EBC45.jpg
1766571512000,100009340382004,,Video,PHOTO,1,0.0,0.0,0.0,0.0,0.0,,https://lookaside.fbsbx.com/ig_messaging_cdn/
1766571540000,100009340463867,,Video,STORY,1,2.0,0.0,0.0,0.0,11412.0,https://www.instagram.com/stories/starbucksindia/3794599573034149548,https://prod2-channel-assets.sprinklr.com/60624/FACEBOOK/100839651/media/3B95DA483BBFE7DAC3EFFA37504524DE.jpg
1766571562000,100009340463871,,Video,STORY,1,1.0,0.0,0.0,0.0,11068.0,https://www.instagram.com/stories/starbucksindia/3794599762348218465,https://prod2-channel-assets.sprinklr.com/60624/FACEBOOK/100839651/media/DEF8AD3EF2AC9D72C13DBC1BB01E1F15.jpg
1766571568000,100009340383560,,Video,PHOTO,1,0.0,0.0,0.0,0.0,0.0,,https://lookaside.fbsbx.com/ig_messaging_cdn/
1766571589000,100009340384054,,Video,PHOTO,1,0.0,0.0,0.0,0.0,0.0,,https://lookaside.fbsbx.com/ig_messaging_cdn/
1766571617000,100009340463873,,Video,STORY,1,2.0,0.0,0.0,0.0,10762.0,https://www.instagram.com/stories/starbucksindia/3794600217279206736,https://prod2-channel-assets.sprinklr.com/60624/FACEBOOK/100839651/media/38138513C381CA93C323E2623884E730.jpg
1766571640000,100009340385553,,Video,PHOTO,1,0.0,0.0,0.0,0.0,0.0,,https://lookaside.fbsbx.com/ig_messaging_cdn/
1766571655000,100009340463877,,Video,STORY,1,3.0,0.0,0.0,0.0,10465.0,https://www.instagram.com/stories/starbucksindia/3794600545953252119,https://prod2-channel-assets.sprinklr.com/60624/FACEBOOK/100839651/media/D1B65A672205DAB5A6B5805E0A28D4D6.jpg
1766571686000,100009340386812,,Video,PHOTO,1,0.0,0.0,0.0,0.0,0.0,,https://lookaside.fbsbx.com/ig_messaging_cdn/
1766579400000,100009340649169,"It’s giving Holiday magic 🤌✨ 
 
Signature Irish beverages by Baileys + Starbucks are waiting for you at your nearest store. 
 
*All listed beverages are non-alcoholic, flavoured beverages
 
[Starbucks India, Baileys, Coffee, Holiday Season, Holidays Specials]",Video,VIDEO,1,846.0,774.0,9.0,0.0,25533.0,https://www.instagram.com/reel/DSpXGn2jLGg/,https://prod2-media-proxy.sprinklr.com/channel/data/media/60624/5e820742-90ac-453a-b2ff-6612e8723f76.jpg
1766633400000,100009348920003,"Christmas mornings, brewed just right. ✨

Soft citrus notes from spruce tips, a gentle hint of spiced chocolate and all the festive feels in one warm cup. ☕🎄
 
The Christmas Blend is waiting at your nearest Starbucks.

[Starbucks India, Christmas Blend, Coffee, French Press, Holiday Season]",Video,VIDEO,1,431.0,406.0,10.0,0.0,18431.0,https://www.instagram.com/reel/DSq-FgyjGLe/,https://prod2-media-proxy.sprinklr.com/channel/data/media/60624/8cc8c1a4-aca4-4052-9f33-a63933d9775c.jpg
1766656345000,100009349302189,,Photo,STORY,1,0.0,0.0,0.0,0.0,12955.0,https://www.instagram.com/stories/starbucksindia/3795311024526867772,https://prod2-channel-assets.sprinklr.com/60624/FACEBOOK/100839651/media/FDB7C0712587252991926E155E384318.jpg
1766656355000,100009349291069,,Photo,PHOTO,1,0.0,0.0,0.0,0.0,0.0,,https://lookaside.fbsbx.com/ig_messaging_cdn/
1766656732000,100009349302187,,Video,STORY,1,5.0,0.0,0.0,0.0,11185.0,https://www.instagram.com/stories/starbucksindia/3795314221240876380,https://prod2-channel-assets.sprinklr.com/60624/FACEBOOK/100839651/media/E065295A1C5370EA81465BB3F1C86136.jpg
1766656752000,100009349299620,,Video,PHOTO,1,0.0,0.0,0.0,0.0,0.0,,https://lookaside.fbsbx.com/ig_messaging_cdn/
1766656790000,100009349302193,,Video,STORY,1,2.0,0.0,0.0,0.0,10640.0,https://www.instagram.com/stories/starbucksindia/3795314706437917352,https://prod2-channel-assets.sprinklr.com/60624/FACEBOOK/100839651/media/CF0DCC04CEE1D1FCBE99E87998437D8E.jpg
1766656812000,100009349300971,,Video,PHOTO,1,0.0,0.0,0.0,0.0,0.0,,https://lookaside.fbsbx.com/ig_messaging_cdn/
1766658448000,100009349386782,,Video,STORY,1,1.0,0.0,0.0,0.0,10415.0,https://www.instagram.com/stories/starbucksindia/3795328608928317490,https://prod2-channel-assets.sprinklr.com/60624/FACEBOOK/100839651/media/7BE4FF664C2F7FB299177F1A33B9CCA9.jpg
1766658470000,100009349338925,,Video,PHOTO,1,0.0,0.0,0.0,0.0,0.0,,https://lookaside.fbsbx.com/ig_messaging_cdn/
1766658511000,100009349386780,,Video,STORY,1,1.0,0.0,0.0,0.0,10161.0,https://www.instagram.com/stories/starbucksindia/3795329144624816542,https://prod2-channel-assets.sprinklr.com/60624/FACEBOOK/100839651/media/17E403E8011508C7ECB7F666ED59EAC0.jpg
1766658535000,100009349340429,,Video,PHOTO,1,0.0,0.0,0.0,0.0,0.0,,https://lookaside.fbsbx.com/ig_messaging_cdn/
1766658552000,100009349386778,,Video,STORY,1,0.0,0.0,0.0,0.0,9682.0,https://www.instagram.com/stories/starbucksindia/3795329482719233539,https://prod2-channel-assets.sprinklr.com/60624/FACEBOOK/100839651/media/20AF5749B26F0DF1E66D86BED91CC192.jpg
1766658568000,100009349341142,,Video,PHOTO,1,0.0,0.0,0.0,0.0,0.0,,https://lookaside.fbsbx.com/ig_messaging_cdn/
1766719809000,100009357644198,,Photo,STORY,1,222.0,0.0,0.0,0.0,17567.0,https://www.instagram.com/stories/starbucksindia/3795843333949195233,https://prod2-channel-assets.sprinklr.com/60624/FACEBOOK/100839651/media/4BDAC07330E38A5EBEBE280DCDC9B5F0.jpg
1766730600000,100009357742831,"You know you are winning, if this has been your holiday mood. 🤌🤎 

Add some magic to the season with Baileys + Starbucks! 

*All listed beverages are non-alcoholic, flavoured beverages 
 
[Starbucks India, Baileys + Starbucks, Holiday Season, Coffee, Holidays Specials]",Video,VIDEO,1,560.0,491.0,15.0,0.0,18809.0,https://www.instagram.com/reel/DSt3hmGAbhO/,https://prod2-media-proxy.sprinklr.com/channel/data/media/60624/d4e4462e-aa18-40a5-bc74-4d153d469116.jpg
1766751325000,100009358301573,,Video,STORY,1,1.0,0.0,0.0,0.0,16269.0,https://www.instagram.com/stories/starbucksindia/3796107716599758551,https://prod2-channel-assets.sprinklr.com/60624/FACEBOOK/100839651/media/12A090BEF98C90389CF9F06DDBA82F14.jpg
1766751350000,100009358214082,,Video,PHOTO,1,0.0,0.0,0.0,0.0,0.0,,https://lookaside.fbsbx.com/ig_messaging_cdn/
1766751371000,100009358301575,,Video,STORY,1,6.0,0.0,0.0,0.0,14766.0,https://www.instagram.com/stories/starbucksindia/3796108102903559524,https://prod2-channel-assets.sprinklr.com/60624/FACEBOOK/100839651/media/330173B3FE70F9D1207C5AACBE1C5E28.jpg
1766751389000,100009358215362,,Video,PHOTO,1,0.0,0.0,0.0,0.0,0.0,,https://lookaside.fbsbx.com/ig_messaging_cdn/
1766751470000,100009358301569,,Video,STORY,1,6.0,0.0,0.0,0.0,14037.0,https://www.instagram.com/stories/starbucksindia/3796108942561266233,https://prod2-channel-assets.sprinklr.com/60624/FACEBOOK/100839651/media/1579D2548D0FCD0BBAC8A92F8A1A8E1B.jpg
1766751491000,100009358218340,,Video,PHOTO,1,0.0,0.0,0.0,0.0,0.0,,https://lookaside.fbsbx.com/ig_messaging_cdn/
1766806209000,100009367970332,"Our wedding day was filled with sweet unexpected surprises and one of them was our first stop as Mr. & Mrs. at Starbucks, Jalandhar. For us, Starbucks has been a part of our lives, way before wedding rituals entered our conversations. 
 
The day held another unexpected moment of joy when my husband, Ankush Chopra, surprised everyone with a brand new car right at the wedding venue. As we drove away together in our wedding outfits, we both knew exactly where we needed to go. We had to celebrate with our favourite Starbucks to complete the day. 
 
The best part about this was according to the traditions, the bride and the groom are not supposed to stop anywhere except home. Luckily, the drive-thru at Starbucks, Jalandhar made it possible to honour the rituals while still enjoying our coffee. 
 
Here’s to love, lattes, and the little rituals that make us ‘us’. 
 
[Starbucks India, Coffee, 500 Ways to Belong, Milestone, Customer Stories]",Photo,CAROUSEL,4,5518.0,5190.0,44.0,0.0,93749.0,https://www.instagram.com/p/DSwHpb4j3_k/,
1766806212000,100009367979735,,Photo,STORY,1,52.0,0.0,0.0,0.0,18957.0,https://www.instagram.com/stories/starbucksindia/3796568135945224442,https://prod2-channel-assets.sprinklr.com/60624/FACEBOOK/100839651/media/6081784AFA77661E35B1501DF4EE14E4.jpg
1766905147000,100009377828180,,Photo,STORY,1,1.0,0.0,0.0,0.0,17872.0,https://www.instagram.com/stories/starbucksindia/3797398098923024257,https://prod2-channel-assets.sprinklr.com/60624/FACEBOOK/100839651/media/AFF004D6415DA82E507BA0B44E8FD7BF.jpg
1766905154000,100009377826120,,Photo,PHOTO,1,0.0,0.0,0.0,0.0,0.0,,https://lookaside.fbsbx.com/ig_messaging_cdn/
1766911257000,100009377975785,,Photo,STORY,1,0.0,0.0,0.0,0.0,14924.0,https://www.instagram.com/stories/starbucksindia/3797449347269669612,https://prod2-channel-assets.sprinklr.com/60624/FACEBOOK/100839651/media/FBA87C5AC6501A4F4D6AE89C4ED78788.jpg
1766911263000,100009377948087,,Photo,PHOTO,1,0.0,0.0,0.0,0.0,0.0,,https://lookaside.fbsbx.com/ig_messaging_cdn/
1766911322000,100009377975787,,Photo,STORY,1,0.0,0.0,0.0,0.0,13697.0,https://www.instagram.com/stories/starbucksindia/3797449895708511567,https://prod2-channel-assets.sprinklr.com/60624/FACEBOOK/100839651/media/DB5B2B7431ACD0DAAE3781FBD82510C8.jpg
1766911329000,100009377949463,,Photo,PHOTO,1,0.0,0.0,0.0,0.0,0.0,,https://lookaside.fbsbx.com/ig_messaging_cdn/
1766920958000,100009378189086,"Catch-ups with the OGs + fav Holiday sips, is what the season is all about. 💚🤌 
 
[Starbucks India, Holiday Season, Holidays 2025, Coffee, Holiday Specials]",Photo,PHOTO,1,708.0,686.0,11.0,0.0,27075.0,https://www.instagram.com/p/DSzigxcjJRu/,https://prod2-media-proxy.sprinklr.com/channel/data/media/60624/27b72106-70be-4b23-921b-eeba56d2b5d3.jpg
1766986200000,100009386053721,"The best part of the season? Watching everyone fall in love with the Holiday specials 🥰✨ 

Try the flavours that stole the show, only at Starbucks. 
 
[Starbucks India, Holiday Season, Holidays 2025, Coffee, Holiday Specials]",Video,VIDEO,1,458.0,408.0,10.0,0.0,18967.0,https://www.instagram.com/reel/DS1fD4fDMfv/,https://prod2-media-proxy.sprinklr.com/channel/data/media/60624/e87c0bb2-5dbb-4c55-b1c3-cd3443dd9d53.jpg
1767007432000,100009386722115,,Photo,STORY,1,2.0,0.0,0.0,0.0,15154.0,https://www.instagram.com/stories/starbucksindia/3798256116216672061,https://prod2-channel-assets.sprinklr.com/60624/FACEBOOK/100839651/media/04E3F1BC0CD10B2B9DD88943374CD74F.jpg
1767007438000,100009386639578,,Photo,PHOTO,1,0.0,0.0,0.0,0.0,0.0,,https://lookaside.fbsbx.com/ig_messaging_cdn/
1767007828000,100009386722119,,Video,STORY,1,8.0,0.0,0.0,0.0,13384.0,https://www.instagram.com/stories/starbucksindia/3798259428349502905,https://prod2-channel-assets.sprinklr.com/60624/FACEBOOK/100839651/media/84424909808D8FB9E2693F5E7CBFEE27.jpg
1767007849000,100009386655205,,Video,PHOTO,1,0.0,0.0,0.0,0.0,0.0,,https://lookaside.fbsbx.com/ig_messaging_cdn/
1767007954000,100009386659183,,Video,PHOTO,1,0.0,0.0,0.0,0.0,0.0,,https://lookaside.fbsbx.com/ig_messaging_cdn/
1767008478000,100009386722113,,Video,STORY,1,0.0,0.0,0.0,0.0,12677.0,https://www.instagram.com/stories/starbucksindia/3798264880558791620,https://prod2-channel-assets.sprinklr.com/60624/FACEBOOK/100839651/media/92FB866436278C4B761918A3195B2273.jpg
1767008494000,100009386678275,,Video,PHOTO,1,0.0,0.0,0.0,0.0,0.0,,https://lookaside.fbsbx.com/ig_messaging_cdn/
1767008523000,100009386722108,,Video,STORY,1,0.0,0.0,0.0,0.0,12067.0,https://www.instagram.com/stories/starbucksindia/3798265257786123988,https://prod2-channel-assets.sprinklr.com/60624/FACEBOOK/100839651/media/42F9D331A50D6DBD2BEF11C2E6F973C6.jpg
1767008544000,100009386680000,,Video,PHOTO,1,0.0,0.0,0.0,0.0,0.0,,https://lookaside.fbsbx.com/ig_messaging_cdn/
1767008748000,100009386722117,,Video,STORY,1,4.0,0.0,0.0,0.0,11451.0,https://www.instagram.com/stories/starbucksindia/3798267139199900229,https://prod2-channel-assets.sprinklr.com/60624/FACEBOOK/100839651/media/E4EAD1B22AA18901C1A01B36BC34C0C0.jpg
1767008770000,100009386688396,,Video,PHOTO,1,0.0,0.0,0.0,0.0,0.0,,https://lookaside.fbsbx.com/ig_messaging_cdn/
1767065411000,100009397232686,"Frappuccino has always been my forever favourite, creamy, cozy, and comforting. That was until I underwent a surgery in May 2022, and life came with new rules around food. Cream was off the table, outside food was rare, and every choice had to be made carefully. Food had become more functional than joyful. 
 
Then, one afternoon in June, I walked into Starbucks and was introduced to the Vietnamese cold brew. It was light, smooth, and had no heavy cream. I wasn’t expecting much, but the first sip? It felt like a hug. 
 
Suddenly, coffee wasn’t just a drink, it was a reason to enjoy something again. A small act of reclaiming joy. Over time, it became a part of my life, and honestly, I am loving every bit of it. 
 
[Starbucks India, Coffee, 500 Ways to Belong, Milestone, Customer Stories]",Photo,CAROUSEL,4,793.0,772.0,14.0,0.0,21416.0,https://www.instagram.com/p/DS32CNHgewn/,
1767096622000,100009398263497,,Video,STORY,1,0.0,0.0,0.0,0.0,15081.0,https://www.instagram.com/stories/starbucksindia/3799004279261135923,https://prod2-channel-assets.sprinklr.com/60624/FACEBOOK/100839651/media/3F874C3306AA9DC03DE917A1628660CF.jpg
1767096638000,100009398129559,,Video,PHOTO,1,0.0,0.0,0.0,0.0,0.0,,https://lookaside.fbsbx.com/ig_messaging_cdn/
1767096674000,100009398263493,,Photo,STORY,1,3.0,0.0,0.0,0.0,13306.0,https://www.instagram.com/stories/starbucksindia/3799004755591461321,https://prod2-channel-assets.sprinklr.com/60624/FACEBOOK/100839651/media/B489EBB00643001C13EF2C2C8372988C.jpg
1767096682000,100009398131268,,Photo,PHOTO,1,0.0,0.0,0.0,0.0,0.0,,https://lookaside.fbsbx.com/ig_messaging_cdn/
1767096892000,100009398263491,,Video,STORY,1,2.0,0.0,0.0,0.0,12285.0,https://www.instagram.com/stories/starbucksindia/3799006546232131533,https://prod2-channel-assets.sprinklr.com/60624/FACEBOOK/100839651/media/31933669307F2CC066DF26BE264B0366.jpg
1767096912000,100009398139460,,Video,PHOTO,1,0.0,0.0,0.0,0.0,0.0,,https://lookaside.fbsbx.com/ig_messaging_cdn/
1767151800000,100009408811816,"2025 has been anything but ordinary, and it’s all because of you.💚 

Cheers to 2026. See y’all again with the same energy!✨

[Starbucks India, New Years Eve, 2026, Coffee, Happy New Year]",Video,VIDEO,1,438.0,421.0,9.0,0.0,17737.0,https://www.instagram.com/reel/DS6a0vHDIIe/,https://prod2-media-proxy.sprinklr.com/channel/data/media/60624/18fb33b6-93a1-463a-905e-f107a5c183ac.jpg
1767151810000,100009408843419,,Photo,STORY,1,15.0,0.0,0.0,0.0,13645.0,https://www.instagram.com/stories/starbucksindia/3799467223518677500,https://prod2-channel-assets.sprinklr.com/60624/FACEBOOK/100839651/media/30C05DD893C8E655AEA1C6550568ACC3.jpg
1767184597000,100009409643992,,Video,STORY,1,0.0,0.0,0.0,0.0,12115.0,https://www.instagram.com/stories/starbucksindia/3799742269004490575,https://prod2-channel-assets.sprinklr.com/60624/FACEBOOK/100839651/media/93BED9AF03AF7F9F0AFD631B21E79BE1.jpg
1767184619000,100009409594044,,Video,PHOTO,1,0.0,0.0,0.0,0.0,0.0,,https://lookaside.fbsbx.com/ig_messaging_cdn/
1767184670000,100009409643997,,Photo,STORY,1,1.0,0.0,0.0,0.0,11115.0,https://www.instagram.com/stories/starbucksindia/3799742897999073122,https://prod2-channel-assets.sprinklr.com/60624/FACEBOOK/100839651/media/B75A0E58B2C9C366ABD96FE6CDDF8EDE.jpg
1767184675000,100009409596125,,Photo,PHOTO,1,0.0,0.0,0.0,0.0,0.0,,https://lookaside.fbsbx.com/ig_messaging_cdn/
1767184696000,100009409643994,,Video,STORY,1,2.0,0.0,0.0,0.0,10676.0,https://www.instagram.com/stories/starbucksindia/3799743095475298598,https://prod2-channel-assets.sprinklr.com/60624/FACEBOOK/100839651/media/FD9FF4D8027867D15A5D53C59BD2AA0A.jpg
1767184727000,100009409597865,,Video,PHOTO,1,0.0,0.0,0.0,0.0,0.0,,https://lookaside.fbsbx.com/ig_messaging_cdn/
1767184812000,100009409643989,,Video,STORY,1,1.0,0.0,0.0,0.0,10290.0,https://www.instagram.com/stories/starbucksindia/3799744070508407138,https://prod2-channel-assets.sprinklr.com/60624/FACEBOOK/100839651/media/D7D1746A8E32E6E0631F66617679281E.jpg
1767184831000,100009409601263,,Video,PHOTO,1,0.0,0.0,0.0,0.0,0.0,,https://lookaside.fbsbx.com/ig_messaging_cdn/
1767238200000,100009418645341,"Years change, but some rituals don’t. 🤭
 
[Starbucks India, New Year, 2026, Coffee, Coffee Lovers]",Video,VIDEO,1,730.0,710.0,6.0,0.0,21895.0,https://www.instagram.com/reel/DS8_qdADJkJ/,https://prod2-media-proxy.sprinklr.com/channel/data/media/60624/370c1da4-fdbf-4222-b68f-5c1b8a934040.jpg
1767273816000,100009419405258,,Photo,STORY,1,1.0,0.0,0.0,0.0,12631.0,https://www.instagram.com/stories/starbucksindia/3800490741001383361,https://prod2-channel-assets.sprinklr.com/60624/FACEBOOK/100839651/media/96A2D0D612733C8838A963D048C16B6F.jpg
1767273825000,100009419343259,,Photo,PHOTO,1,0.0,0.0,0.0,0.0,0.0,,https://lookaside.fbsbx.com/ig_messaging_cdn/
1767273852000,100009419405262,,Photo,STORY,1,1.0,0.0,0.0,0.0,10960.0,https://www.instagram.com/stories/starbucksindia/3800491179473938310,https://prod2-channel-assets.sprinklr.com/60624/FACEBOOK/100839651/media/676C690B1BE032E74B8C85A7476A5834.jpg
1767273878000,100009419344739,,Photo,PHOTO,1,0.0,0.0,0.0,0.0,0.0,,https://lookaside.fbsbx.com/ig_messaging_cdn/
1767273896000,100009419405260,,Photo,STORY,1,2.0,0.0,0.0,0.0,10571.0,https://www.instagram.com/stories/starbucksindia/3800491395329572009,https://prod2-channel-assets.sprinklr.com/60624/FACEBOOK/100839651/media/C33C18E576CDC589BD45895580653A94.jpg
1767273905000,100009419345529,,Photo,PHOTO,1,0.0,0.0,0.0,0.0,0.0,,https://lookaside.fbsbx.com/ig_messaging_cdn/
1767273922000,100009419367483,,Video,STORY,1,2.0,0.0,0.0,0.0,10295.0,https://www.instagram.com/stories/starbucksindia/3800491578259938545,https://prod2-channel-assets.sprinklr.com/60624/FACEBOOK/100839651/media/9E6E3DF6512F3CC7E1132767734EA801.jpg
1767273945000,100009419346630,,Video,PHOTO,1,0.0,0.0,0.0,0.0,0.0,,https://lookaside.fbsbx.com/ig_messaging_cdn/
1767324600000,100009423294502,"Starting 2026 with good coffee and good thoughts. ☕✨

Drop your affirmations, let’s make the comments as wholesome as we can.
 
[Starbucks India, New Year, 2026, Coffee, Affirmations]",Video,VIDEO,1,510.0,452.0,12.0,0.0,18454.0,https://www.instagram.com/reel/DS_kcDZDD22/,https://prod2-media-proxy.sprinklr.com/channel/data/media/60624/5f96b857-e430-4dfa-a25b-c7b2dced7a52.jpg
1767336382000,100009423473771,,Photo,STORY,1,23.0,0.0,0.0,0.0,13558.0,https://www.instagram.com/stories/starbucksindia/3801015559488549024,https://prod2-channel-assets.sprinklr.com/60624/FACEBOOK/100839651/media/ACFA5B8FDB69C293008B9EAA67311444.jpg
1767336389000,100009423459415,,Photo,PHOTO,1,0.0,0.0,0.0,0.0,0.0,,https://lookaside.fbsbx.com/ig_messaging_cdn/
1767336452000,100009423473767,,Video,STORY,1,0.0,0.0,0.0,0.0,11777.0,https://www.instagram.com/stories/starbucksindia/3801016120745149492,https://prod2-channel-assets.sprinklr.com/60624/FACEBOOK/100839651/media/346AF47D3797EA27BFA096DA693D91C2.jpg
1767336472000,100009423460769,,Video,PHOTO,1,0.0,0.0,0.0,0.0,0.0,,https://lookaside.fbsbx.com/ig_messaging_cdn/
1767336537000,100009423473763,,Photo,STORY,1,0.0,0.0,0.0,0.0,11221.0,https://www.instagram.com/stories/starbucksindia/3801016856308613570,https://prod2-channel-assets.sprinklr.com/60624/FACEBOOK/100839651/media/5715E6988C7520D1ABF42440D5FDE5F5.jpg
1767336545000,100009423461868,,Photo,PHOTO,1,0.0,0.0,0.0,0.0,0.0,,https://lookaside.fbsbx.com/ig_messaging_cdn/
1767439806000,100009429821416,"Sipping your favourites, yapping with bestie. Life’s good. 🎀✨ 

Enjoy the magic of the limited-edition Baileys + Starbucks range at your nearest store.

*All listed beverages are non-alcoholic, flavoured beverages 

[Starbucks India, Baileys + Starbucks, Holiday Season, Coffee, Holidays Specials]",Photo,PHOTO,1,541.0,461.0,12.0,0.0,25063.0,https://www.instagram.com/p/DTDAIupFjqJ/,https://prod2-media-proxy.sprinklr.com/channel/data/media/60624/9d45ef62-bafb-40c0-83e1-74dfdf7955ba.jpg
1767449390000,100009430257319,,Video,STORY,1,5.0,0.0,0.0,0.0,21010.0,https://www.instagram.com/stories/starbucksindia/3801963515687498415,https://prod2-channel-assets.sprinklr.com/60624/FACEBOOK/100839651/media/8D7BFE46FB817D11A9AD10015814970B.jpg
1767449476000,100009430257321,,Video,STORY,1,1.0,0.0,0.0,0.0,17816.0,https://www.instagram.com/stories/starbucksindia/3801964239674716219,https://prod2-channel-assets.sprinklr.com/60624/FACEBOOK/100839651/media/C5F32FA12E02271B9564142F29B5D851.jpg
1767449497000,100009430140339,,Video,PHOTO,1,0.0,0.0,0.0,0.0,0.0,,https://lookaside.fbsbx.com/ig_messaging_cdn/
1767449503000,100009430257323,,Video,STORY,1,1.0,0.0,0.0,0.0,16187.0,https://www.instagram.com/stories/starbucksindia/3801964464757865984,https://prod2-channel-assets.sprinklr.com/60624/FACEBOOK/100839651/media/9724184E93A9FE79B444919478CE2704.jpg
1767449550000,100009430142242,,Video,PHOTO,1,0.0,0.0,0.0,0.0,0.0,,https://lookaside.fbsbx.com/ig_messaging_cdn/
1767504600000,100009435112267,"A shared love for art and storytelling💚✨

The Plated Project + Starbucks is a celebration of craft that reflects who we are and the endless connections we share across India.

The art plate and tote bag, exclusively available at select Starbucks stores.

[Starbucks India, 500 Ways To Belong, The Plated Project, Collaboration, Milestone]",Video,VIDEO,1,797.0,718.0,34.0,0.0,21307.0,https://www.instagram.com/reel/DTE70nUjOAK/,https://prod2-media-proxy.sprinklr.com/channel/data/media/60624/ed92340b-2d56-49fd-9cbd-6a9b10f0400c.jpg
1767504605294,100009435110918,,Video,VIDEO,1,0.0,0.0,0.0,0.0,0.0,,https://lookaside.fbsbx.com/ig_messaging_cdn/
1767530391000,100009435645598,,Photo,STORY,1,2.0,0.0,0.0,0.0,16956.0,https://www.instagram.com/stories/starbucksindia/3802643014083207616,https://prod2-channel-assets.sprinklr.com/60624/FACEBOOK/100839651/media/9BAEE3FF5ED7DA84ED853B9008B1F803.jpg
1767530396000,100009435615918,,Photo,PHOTO,1,0.0,0.0,0.0,0.0,0.0,,https://lookaside.fbsbx.com/ig_messaging_cdn/
1767530433000,100009435645596,,Photo,STORY,1,2.0,0.0,0.0,0.0,14681.0,https://www.instagram.com/stories/starbucksindia/3802643369869216863,https://prod2-channel-assets.sprinklr.com/60624/FACEBOOK/100839651/media/E866D43E1F93A1B9637BD5F0DD7E7E82.jpg
1767530439000,100009435616988,,Photo,PHOTO,1,0.0,0.0,0.0,0.0,0.0,,https://lookaside.fbsbx.com/ig_messaging_cdn/
1767530499000,100009435624274,,Video,STORY,1,0.0,0.0,0.0,0.0,13611.0,https://www.instagram.com/stories/starbucksindia/3802643912008170142,https://prod2-channel-assets.sprinklr.com/60624/FACEBOOK/100839651/media/45C6849474CB18AF7983AC6F51D70FFE.jpg
1767530538000,100009435619189,,Video,PHOTO,1,0.0,0.0,0.0,0.0,0.0,,https://lookaside.fbsbx.com/ig_messaging_cdn/
1767583806000,100009440091388,"Nestled in the hills of Southern Coorg, coffee and spice thrive in harmony at the Margolly Estate.🌿🐿️

Shaped by its rich ecosystem, each cup reveals layers of flavours. 💚
 
Experience the craft of Specialty coffee at Starbucks. 
 
[Starbucks India, Coffee, Indian Coffee Estates, Single-origin, Coffee Beans]",Photo,CAROUSEL,2,470.0,455.0,4.0,0.0,17171.0,https://www.instagram.com/p/DTHSy6llkyx/,
1767688150000,100009447936010,,Video,STORY,1,1.0,0.0,0.0,0.0,11737.0,https://www.instagram.com/stories/starbucksindia/3803966380798955327,https://prod2-channel-assets.sprinklr.com/60624/FACEBOOK/100839651/media/A988E1249ABE6F983E929C45FE12E6ED.jpg
1767688179000,100009447881050,,Video,PHOTO,1,0.0,0.0,0.0,0.0,0.0,,https://lookaside.fbsbx.com/ig_messaging_cdn/
1767783690000,100009454526482,"Don’t know about the stars, but 2026 is serving flavours for your zodiac sign. 🥰 

Which beverage did your zodiac sign get?? 👀 
 
[Starbucks India, New Year, 2026, Zodiac, Coffee]",Photo,CAROUSEL,13,4354.0,2412.0,21.0,0.0,64019.0,https://www.instagram.com/p/DTNQCyqAaB4/,
1767784869000,100009454634981,,Video,STORY,1,1.0,0.0,0.0,0.0,14148.0,https://www.instagram.com/stories/starbucksindia/3804777723851795736,https://prod2-channel-assets.sprinklr.com/60624/FACEBOOK/100839651/media/64C9D668521878BF172D97D42690C4CF.jpg
1767784920000,100009454561897,,Video,PHOTO,1,0.0,0.0,0.0,0.0,0.0,,https://lookaside.fbsbx.com/ig_messaging_cdn/
1767784943000,100009454634977,,Photo,STORY,1,6.0,0.0,0.0,0.0,12191.0,https://www.instagram.com/stories/starbucksindia/3804778359792168908,https://prod2-channel-assets.sprinklr.com/60624/FACEBOOK/100839651/media/E5415E9729C85D89FF6350B714A80BD6.jpg
1767784950000,100009454562881,,Photo,PHOTO,1,0.0,0.0,0.0,0.0,0.0,,https://lookaside.fbsbx.com/ig_messaging_cdn/
1767784981000,100009454634983,,Video,STORY,1,0.0,0.0,0.0,0.0,11088.0,https://www.instagram.com/stories/starbucksindia/3804778657495514792,https://prod2-channel-assets.sprinklr.com/60624/FACEBOOK/100839651/media/087CC6321242FE6F324C3A71487C8A43.jpg
1767785018000,100009454564487,,Video,PHOTO,1,0.0,0.0,0.0,0.0,0.0,,https://lookaside.fbsbx.com/ig_messaging_cdn/
1767881466000,100009464407666,"First week of the year and we’re already levelling up our surprise for you. 🤭🙈 

Any guesses what it’s about? 👀 
 
[Starbucks India, Coming Soon, Health, Coffee, 2026]",Video,VIDEO,1,1212.0,1055.0,37.0,0.0,30204.0,https://www.instagram.com/reel/DTQKfoDgWs5/,https://prod2-media-proxy.sprinklr.com/channel/data/media/60624/72a80afa-893e-4c05-8108-5a62300d8d50.jpg
1767940362000,100009472240493,"Taste that carries India’s rich coffee heritage. 

Discover our first-ever estate-exclusive coffees at Starbucks. 
 
[Starbucks India, Coffee, Indian Coffee Estates, Coffee Blend, Coffee Bean]",Video,VIDEO,1,316.0,306.0,2.0,0.0,16644.0,https://www.instagram.com/reel/DTR6wESjD2T/,https://prod2-media-proxy.sprinklr.com/channel/data/media/60624/bbad39ad-bd48-4b37-bf3f-99035abafbdc.jpg
1768048123000,100009479653798,"Hot take: resolutions are so 2025. We’re all about building rituals this year💪

Meet your new coffee rituals with zero-sugar flavours, 
and maaad tasty protein cold foam crafted with SuperYou✨

Level up your day with Starbucks. 
 
[Starbucks India, New At Starbucks, SuperYou, Protein, Zero Sugar]",Video,VIDEO,1,5053.0,2870.0,149.0,0.0,101777.0,https://www.instagram.com/reel/DTVIPSOjIBc/,https://prod2-media-proxy.sprinklr.com/channel/data/media/60624/ce91e47c-9e2a-49ed-ba26-666508595cc3.jpg
1768048133363,100009479651882,,Video,VIDEO,1,0.0,0.0,0.0,0.0,0.0,,https://lookaside.fbsbx.com/ig_messaging_cdn/
1768050086000,100009479823444,,Video,STORY,1,5.0,0.0,0.0,0.0,14804.0,https://www.instagram.com/stories/starbucksindia/3807002567872651719,https://prod2-channel-assets.sprinklr.com/60624/FACEBOOK/100839651/media/5261AADFD3BB16211EDA4B57F031C600.jpg
1768067725000,100009483032257,,Photo,STORY,1,134.0,0.0,0.0,0.0,16033.0,https://www.instagram.com/stories/starbucksindia/3807150554384982921,https://prod2-channel-assets.sprinklr.com/60624/FACEBOOK/100839651/media/0DB6E24782EE3951CED37D5EFE27B49A.jpg
1768067726000,100009483032253,,Photo,STORY,1,14.0,0.0,0.0,0.0,14413.0,https://www.instagram.com/stories/starbucksindia/3807150556683497660,https://prod2-channel-assets.sprinklr.com/60624/FACEBOOK/100839651/media/DD2215DF13DA93A6828172B98E836D50.jpg
1768067727000,100009483032245,,Photo,STORY,1,18.0,0.0,0.0,0.0,14024.0,https://www.instagram.com/stories/starbucksindia/3807150560928127102,https://prod2-channel-assets.sprinklr.com/60624/FACEBOOK/100839651/media/5B45AF200D5644CFA2996186C17A2A38.jpg
1768067728000,100009483032250,,Photo,STORY,1,10.0,0.0,0.0,0.0,13279.0,https://www.instagram.com/stories/starbucksindia/3807150560080844573,https://prod2-channel-assets.sprinklr.com/60624/FACEBOOK/100839651/media/0292B42BB1366C34B6E2CDF3826C95B0.jpg
1768067729000,100009483032261,,Photo,STORY,1,15.0,0.0,0.0,0.0,6675.0,https://www.instagram.com/stories/starbucksindia/3807150565659251057,https://prod2-channel-assets.sprinklr.com/60624/FACEBOOK/100839651/media/885E03A26259FBD926913D922999499D.jpg
1768102200000,100009486191711,"Starbucks Rewards members, enjoy this one on us😎
On 11th & 12th January, your Protein Cold Foam is free.✨

Get your favourite beverage with the protein cold foam by SuperYou + Starbucks.

[Starbucks India, New At Starbucks, Starbucks Rewards, SuperYou, Protein]",Video,VIDEO,1,38.0,36.0,2.0,0.0,0.0,https://www.instagram.com/reel/DTWvllyDGX1/,https://prod2-media-proxy.sprinklr.com/channel/data/media/60624/f0285df4-db14-44d2-b2f1-940b08f73fe9.jpg
1768116106000,100009486433384,"Starbucks Rewards members, enjoy this one on us😎
On 11th & 12th January, your Protein Cold Foam is free.✨

Get your favourite beverage with the protein cold foam by SuperYou + Starbucks.

[Starbucks India, New At Starbucks, Starbucks Rewards, SuperYou, Protein]",Video,VIDEO,1,1096.0,722.0,28.0,0.0,26303.0,https://www.instagram.com/reel/DTXKB1TjJY9/,https://prod2-media-proxy.sprinklr.com/channel/data/media/60624/44233e20-ce46-48d1-8a71-3eda8bcbdd75.jpg
1768283617000,100009503714144,"Protein just met your favourite cold beverage.💪

Customise your beverage with protein cold foams in Chocolate, Banana, or Vanilla, created with @be.superyou 

See y’all with your SuperYou + Starbucks combo at Starbucks.

[Starbucks India, New At Starbucks, SuperYou, Protein, Fitness]",Video,VIDEO,1,717.0,596.0,9.0,0.0,32368.0,https://www.instagram.com/reel/DTcJbg1DBGa/,https://prod2-media-proxy.sprinklr.com/channel/data/media/60624/6adafa68-7f4b-4820-92c6-c5a0f43346c3.jpg
1768286816186,100009503778364,,Video,VIDEO,1,0.0,0.0,0.0,0.0,0.0,,
1768372200000,100009513108907,"500 stores later, our story in India found a canvas. ✨💚 
 
Created with @theplatedproject it’s an ode to the moments that made our journey special. 
 
Make the limited-edition decor plate and the tote bag by The Plated Project + Starbucks a part of your collection. 
 
Available exclusively at Starbucks. 
 
[Starbucks India, The Plated Project, 500 Ways to Belong, Milestone, India]",Video,VIDEO,1,1183.0,1066.0,9.0,0.0,34254.0,https://www.instagram.com/reel/DTeypBrAW-Q/,https://prod2-media-proxy.sprinklr.com/channel/data/media/60624/7268c2ff-859d-4197-a575-3a958e7ec247.jpg
1768387858000,100009513535898,,Video,STORY,1,4.0,0.0,0.0,0.0,11500.0,https://www.instagram.com/stories/starbucksindia/3809836034696177245,https://prod2-channel-assets.sprinklr.com/60624/FACEBOOK/100839651/media/5194AC9C2E77ABF4272AE2D424E6FCBF.jpg
1768464610000,100009522477402,,Photo,STORY,1,2.0,0.0,0.0,0.0,13915.0,https://www.instagram.com/stories/starbucksindia/3810479813518196728,https://prod2-channel-assets.sprinklr.com/60624/FACEBOOK/100839651/media/317D5DBD01BB777CD6F9D9B9C07F1BEC.jpg
1768468338000,100009522578860,,Video,STORY,1,3.0,0.0,0.0,0.0,12215.0,https://www.instagram.com/stories/starbucksindia/3810511070822200424,https://prod2-channel-assets.sprinklr.com/60624/FACEBOOK/100839651/media/466D7DE872C1FBD03F47570A8EFBB7F4.jpg
1768468359000,100009522496165,,Video,PHOTO,1,0.0,0.0,0.0,0.0,0.0,,https://lookaside.fbsbx.com/ig_messaging_cdn/
1768486069000,100009523244966,,Photo,STORY,1,5.0,0.0,0.0,0.0,13093.0,https://www.instagram.com/stories/starbucksindia/3810659847214253283,https://prod2-channel-assets.sprinklr.com/60624/FACEBOOK/100839651/media/E8F98D886742AD3994BB4861069BDAE0.jpg
1768486078000,100009523097523,,Photo,PHOTO,1,0.0,0.0,0.0,0.0,0.0,,https://lookaside.fbsbx.com/ig_messaging_cdn/
1768541400000,100009531004924,"Your favourite flavours, the way you love them.🥰

Get your beverage customised with guilt-free flavours and your preferred level of sweetness. You can keep it:
✨Unsweetened 
✨Less Sweet 
✨Regular 
 
Try it now and level up your day at Starbucks. 
 
[Starbucks India, New At Starbucks, Guilt Free, Zero Sugar, Coffee]",Video,VIDEO,1,852.0,795.0,8.0,0.0,28733.0,https://www.instagram.com/reel/DTj1UAKjJeT/,https://prod2-media-proxy.sprinklr.com/channel/data/media/60624/ef17001e-87ba-4556-bc8d-d03ab5712447.jpg
1768550026000,100009550853505,,Photo,STORY,1,0.0,0.0,0.0,0.0,0.0,https://www.instagram.com/p/DTkFtoTDNld/,https://prod2-channel-assets.sprinklr.com/60624/FACEBOOK/100839651/media/87830BF384F7C8CCB3DB6B887D3ADF77.jpg
1768550030000,100009589741894,,Video,STORY,1,0.0,0.0,0.0,0.0,0.0,https://www.instagram.com/p/DTkFuJcjHau/,https://prod2-channel-assets.sprinklr.com/60624/FACEBOOK/100839651/media/F3E669B1552ECF54D565EC1541A4C596.jpg
1768620607000,100009539622708,"In our commitment to bringing you only the world’s finest coffee, we’ve sourced this lot straight from the hills of Guatemala 💚

Our much loved, Casi Cielo is finally back for a limited period. 
Get your hands on it now. Available till stocks last.

[Starbucks India, Casi Cielo, Single-Origin, Guatemala, Coffee]",Photo,CAROUSEL,5,341.0,328.0,4.0,0.0,16714.0,https://www.instagram.com/p/DTmMVhlgAHl/,
1768675152000,100009545164281,,Video,STORY,1,1.0,0.0,0.0,0.0,19312.0,https://www.instagram.com/stories/starbucksindia/3812245957883244543,https://prod2-channel-assets.sprinklr.com/60624/FACEBOOK/100839651/media/09B828FDD4A1307F042D20D09F1DEC6D.jpg
1768675176000,100009544698391,,Video,PHOTO,1,0.0,0.0,0.0,0.0,0.0,,https://lookaside.fbsbx.com/ig_messaging_cdn/
1768675213000,100009545164284,,Video,STORY,1,3.0,0.0,0.0,0.0,16091.0,https://www.instagram.com/stories/starbucksindia/3812246468405527792,https://prod2-channel-assets.sprinklr.com/60624/FACEBOOK/100839651/media/E715326C0035CF4A4FE234C36A89857D.jpg
1768714200000,100009547250462,"We heard you’re trying to add more protein to your diet…
So we made it easy. 🫶🏻

Try Protein Cold Foam by SuperYou + Starbucks on your usual sip.

[Starbucks India, New At Starbucks, SuperYou, Protein, Fitness]",Video,VIDEO,1,830.0,756.0,13.0,0.0,25820.0,https://www.instagram.com/reel/DTo-5iEDMSG/,https://prod2-media-proxy.sprinklr.com/channel/data/media/60624/4a970146-f971-4e18-b9fe-65d6db2d48a1.jpg
1768752862000,100009548256804,,Video,STORY,1,1.0,0.0,0.0,0.0,14649.0,https://www.instagram.com/stories/starbucksindia/3812897832726988616,https://prod2-channel-assets.sprinklr.com/60624/FACEBOOK/100839651/media/D3B9022FC32C6F413D113CE3B4AAF1F0.jpg
1768752902000,100009548152000,,Video,PHOTO,1,0.0,0.0,0.0,0.0,0.0,,https://lookaside.fbsbx.com/ig_messaging_cdn/
1768752996000,100009548166889,,Video,STORY,1,1.0,0.0,0.0,0.0,12336.0,https://www.instagram.com/stories/starbucksindia/3812898958746632039,https://prod2-channel-assets.sprinklr.com/60624/FACEBOOK/100839651/media/FCD727D7EF7C1B7F8DBB6ADB34C723C8.jpg
1768753011000,100009548157256,,Video,PHOTO,1,0.0,0.0,0.0,0.0,0.0,,https://lookaside.fbsbx.com/ig_messaging_cdn/
1768828689000,100009554706736,"Who are we without our iced beverage + protein cold foam?🫣 

Your protein cold foam infused beverage by @be.superyou + Starbucks is waiting for you! 
 
[Starbucks India, Superyou, Yeast Protein, Protein Cold Foam, Fitness]",Video,VIDEO,1,0.0,0.0,0.0,0.0,0.0,https://www.instagram.com/reel/DTsY4vbDEbg/,https://prod2-media-proxy.sprinklr.com/channel/data/media/60624/dbd07a37-c406-42eb-a4b4-bd3fbd7f6d7b.jpg
1768832187000,100009554878083,"Who are we without our iced beverage + protein cold foam?🫣 

Your protein cold foam infused beverage by @be.superyou + Starbucks is waiting for you! 
 
[Starbucks India, Superyou, Yeast Protein, Protein Cold Foam, Fitness]",Video,VIDEO,1,659.0,603.0,15.0,0.0,28545.0,https://www.instagram.com/reel/DTsfxZFDBUM/,https://prod2-media-proxy.sprinklr.com/channel/data/media/60624/2ad07a8f-9d00-4d2d-b79a-44537dbfcf80.jpg
1768910933000,100009562935099,,Video,STORY,1,0.0,0.0,0.0,0.0,13757.0,https://www.instagram.com/stories/starbucksindia/3814223826419234481,https://prod2-channel-assets.sprinklr.com/60624/FACEBOOK/100839651/media/97E2CB9F12EE7AE9EF31B03C972D369E.jpg
1768910960000,100009562825658,,Video,PHOTO,1,0.0,0.0,0.0,0.0,0.0,,https://lookaside.fbsbx.com/ig_messaging_cdn/
1768910980000,100009562935101,,Photo,STORY,1,0.0,0.0,0.0,0.0,12097.0,https://www.instagram.com/stories/starbucksindia/3814224228241943030,https://prod2-channel-assets.sprinklr.com/60624/FACEBOOK/100839651/media/353CC807B57A06BDB3CECD3E6747E8CE.jpg
1768910986000,100009562826417,,Photo,PHOTO,1,0.0,0.0,0.0,0.0,0.0,,https://lookaside.fbsbx.com/ig_messaging_cdn/
1768911015000,100009562935093,,Video,STORY,1,0.0,0.0,0.0,0.0,11753.0,https://www.instagram.com/stories/starbucksindia/3814224519603442709,https://prod2-channel-assets.sprinklr.com/60624/FACEBOOK/100839651/media/A5652129BF2179D7213197F35D3253AC.jpg
1768911038000,100009562828056,,Video,PHOTO,1,0.0,0.0,0.0,0.0,0.0,,https://lookaside.fbsbx.com/ig_messaging_cdn/
1768911050000,100009562935103,,Video,STORY,1,0.0,0.0,0.0,0.0,11033.0,https://www.instagram.com/stories/starbucksindia/3814224810545564792,https://prod2-channel-assets.sprinklr.com/60624/FACEBOOK/100839651/media/B6463725494BC9DAA47369888B063172.jpg
1768911072000,100009562828878,,Video,PHOTO,1,0.0,0.0,0.0,0.0,0.0,,https://lookaside.fbsbx.com/ig_messaging_cdn/
1769076749000,100009580484547,,Photo,STORY,1,5.0,0.0,0.0,0.0,11064.0,https://www.instagram.com/stories/starbucksindia/3815614779546056801,https://prod2-channel-assets.sprinklr.com/60624/FACEBOOK/100839651/media/174B4C4BE7009A2593E7F3BB2FB455C6.jpg
1769076759000,100009580484552,,Photo,STORY,1,3.0,0.0,0.0,0.0,9410.0,https://www.instagram.com/stories/starbucksindia/3815614865353103305,https://prod2-channel-assets.sprinklr.com/60624/FACEBOOK/100839651/media/01F90223C6E358B81210DAEBDEF08286.jpg
1769076769000,100009580484540,,Photo,STORY,1,0.0,0.0,0.0,0.0,8893.0,https://www.instagram.com/stories/starbucksindia/3815614949289551657,https://prod2-channel-assets.sprinklr.com/60624/FACEBOOK/100839651/media/7C7195C2F7C4173D8BA4AE91322288FF.jpg
1769076780000,100009580484549,,Photo,STORY,1,1.0,0.0,0.0,0.0,8641.0,https://www.instagram.com/stories/starbucksindia/3815615038166794707,https://prod2-channel-assets.sprinklr.com/60624/FACEBOOK/100839651/media/C153699BA454850A0914E3D7EE7E9585.jpg
1769076791000,100009580479870,,Photo,STORY,1,1.0,0.0,0.0,0.0,8288.0,https://www.instagram.com/stories/starbucksindia/3815615131892770091,https://prod2-channel-assets.sprinklr.com/60624/FACEBOOK/100839651/media/FF133AD405FA8015D6F784614DB5D50F.jpg
1769083762000,100009580735182,,Photo,STORY,1,0.0,0.0,0.0,0.0,8311.0,https://www.instagram.com/stories/starbucksindia/3815673652825906980,https://prod2-channel-assets.sprinklr.com/60624/FACEBOOK/100839651/media/256D1FE4A830DB88AE8143AB4881A622.jpg
1769083771000,100009580617226,,Photo,PHOTO,1,0.0,0.0,0.0,0.0,0.0,,https://lookaside.fbsbx.com/ig_messaging_cdn/
1769083803000,100009580735184,,Video,STORY,1,0.0,0.0,0.0,0.0,8057.0,https://www.instagram.com/stories/starbucksindia/3815673961644112785,https://prod2-channel-assets.sprinklr.com/60624/FACEBOOK/100839651/media/5433C611FFCAF032EBF779127072F011.jpg
1769083828000,100009580619012,,Video,PHOTO,1,0.0,0.0,0.0,0.0,0.0,,https://lookaside.fbsbx.com/ig_messaging_cdn/
1769083912000,100009580735186,,Photo,STORY,1,0.0,0.0,0.0,0.0,7746.0,https://www.instagram.com/stories/starbucksindia/3815674899373075291,https://prod2-channel-assets.sprinklr.com/60624/FACEBOOK/100839651/media/D64332C4BC93B4F9AB173D5011327326.jpg
1769083913000,100009580622101,,Video,PHOTO,1,0.0,0.0,0.0,0.0,0.0,,https://lookaside.fbsbx.com/ig_messaging_cdn/
1769083919000,100009580622244,,Photo,PHOTO,1,0.0,0.0,0.0,0.0,0.0,,https://lookaside.fbsbx.com/ig_messaging_cdn/
1769085017000,100009580666854,"Repeat after us, ✨ Small upgrades to reach bigger goals. ✨ 

Level up with the protein cold foam by @be.superyou + Starbucks 

Available at your nearest store.
 
[Starbucks India, Superyou, Yeast Protein, Protein Cold Foam, Fitness]",Photo,CAROUSEL,2,825.0,795.0,8.0,0.0,27998.0,https://www.instagram.com/p/DT0CILDAVPy/,
1769085017000,100009580666854,"Repeat after us, ✨ Small upgrades to reach bigger goals. ✨ 

Level up with the protein cold foam by @be.superyou + Starbucks 

Available at your nearest store.
 
[Starbucks India, Superyou, Yeast Protein, Protein Cold Foam, Fitness]",Video,CAROUSEL,2,825.0,795.0,8.0,0.0,27998.0,https://www.instagram.com/p/DT0CILDAVPy/,
1769099564000,100009582589950,,Photo,STORY,1,0.0,0.0,0.0,0.0,9261.0,https://www.instagram.com/stories/starbucksindia/3815806198193382435,https://prod2-channel-assets.sprinklr.com/60624/FACEBOOK/100839651/media/46FBF6394B82AF1BBA183C85007AFE00.jpg
1769099572000,100009582312465,,Photo,PHOTO,1,0.0,0.0,0.0,0.0,0.0,,https://lookaside.fbsbx.com/ig_messaging_cdn/
1769165361000,100009589427953,,Video,STORY,1,2.0,0.0,0.0,0.0,11546.0,https://www.instagram.com/stories/starbucksindia/3816358122420479554,https://prod2-channel-assets.sprinklr.com/60624/FACEBOOK/100839651/media/9B74B426CC17330C552F447EFB8183A7.jpg
1769165384000,100009589409797,,Video,PHOTO,1,0.0,0.0,0.0,0.0,0.0,,https://lookaside.fbsbx.com/ig_messaging_cdn/
1769168725000,100009589503081,"Winning several accolades for its distinct flavours, the coffee from Nullore Estate draws its exceptional taste from the region's vibrant ecosystem. 🌿
 
Discover India’s specialty Arabica flavours, only at Starbucks. ☕
 
[Starbucks India, Coffee, Indian Coffee Estates, Single-origin, Coffee Beans]",Photo,CAROUSEL,4,321.0,300.0,8.0,0.0,21094.0,https://www.instagram.com/p/DT2hyYtkkA9/,
1769170160000,100009589649052,,Video,STORY,1,1.0,0.0,0.0,0.0,11382.0,https://www.instagram.com/stories/starbucksindia/3816398422610315294,https://prod2-channel-assets.sprinklr.com/60624/FACEBOOK/100839651/media/D449B91600B26C178E5B5DCEBD6063D7.jpg
1769171760968,100009589599514,,Video,PHOTO,1,0.0,0.0,0.0,0.0,0.0,,https://lookaside.fbsbx.com/ig_messaging_cdn/
1769176733000,100009589790414,,Video,STORY,1,5.0,0.0,0.0,0.0,11733.0,https://www.instagram.com/stories/starbucksindia/3816453520237568319,https://prod2-channel-assets.sprinklr.com/60624/FACEBOOK/100839651/media/D55262AA26B525D2D169B5B0EF68BCDB.jpg
1769177110750,100009589799615,,Video,PHOTO,1,0.0,0.0,0.0,0.0,0.0,,https://lookaside.fbsbx.com/ig_messaging_cdn/
1769177118648,100009589799860,,Video,PHOTO,1,0.0,0.0,0.0,0.0,0.0,,https://lookaside.fbsbx.com/ig_messaging_cdn/
1769177126970,100009589800195,,Video,PHOTO,1,0.0,0.0,0.0,0.0,0.0,,https://lookaside.fbsbx.com/ig_messaging_cdn/
1769177546000,100009589952772,,Video,STORY,1,5.0,0.0,0.0,0.0,10944.0,https://www.instagram.com/stories/starbucksindia/3816460379442905223,https://prod2-channel-assets.sprinklr.com/60624/FACEBOOK/100839651/media/6561D1E6AA4A486860A275B8AFE3614E.jpg
1769177652000,100009589952766,,Video,STORY,1,5.0,0.0,0.0,0.0,10586.0,https://www.instagram.com/stories/starbucksindia/3816461248485254424,https://prod2-channel-assets.sprinklr.com/60624/FACEBOOK/100839651/media/341361AAB7DF964F5B15F2D1EA0AB455.jpg
1769177900734,100009589834002,,Video,PHOTO,1,0.0,0.0,0.0,0.0,0.0,,https://lookaside.fbsbx.com/ig_messaging_cdn/
1769177906050,100009589834234,,Video,PHOTO,1,0.0,0.0,0.0,0.0,0.0,,https://lookaside.fbsbx.com/ig_messaging_cdn/
1769178166000,100009589952768,,Video,STORY,1,8.0,0.0,0.0,0.0,10238.0,https://www.instagram.com/stories/starbucksindia/3816465557604817557,https://prod2-channel-assets.sprinklr.com/60624/FACEBOOK/100839651/media/EC4113C87326CB693B47439942F0A447.jpg
1769178701000,100009589952770,,Video,STORY,1,1.0,0.0,0.0,0.0,10001.0,https://www.instagram.com/stories/starbucksindia/3816470036551065509,https://prod2-channel-assets.sprinklr.com/60624/FACEBOOK/100839651/media/8EF3D5D089B8B31AD1103B3773485325.jpg
1769178734957,100009589872545,,Video,PHOTO,1,0.0,0.0,0.0,0.0,0.0,,https://lookaside.fbsbx.com/ig_messaging_cdn/
1769178739404,100009589872757,,Video,PHOTO,1,0.0,0.0,0.0,0.0,0.0,,https://lookaside.fbsbx.com/ig_messaging_cdn/
1769178887000,100009589952774,,Video,STORY,1,5.0,0.0,0.0,0.0,8965.0,https://www.instagram.com/stories/starbucksindia/3816471600690940610,https://prod2-channel-assets.sprinklr.com/60624/FACEBOOK/100839651/media/38E6F17188F0A000BEA553872EA29D71.jpg
1769179934000,100009589952764,,Photo,STORY,1,3.0,0.0,0.0,0.0,10161.0,https://www.instagram.com/stories/starbucksindia/3816480372196922925,https://prod2-channel-assets.sprinklr.com/60624/FACEBOOK/100839651/media/5098C863D27CC1A01CA20DFB057F337D.jpg
1769180308235,100009589944556,,Video,PHOTO,1,0.0,0.0,0.0,0.0,0.0,,https://lookaside.fbsbx.com/ig_messaging_cdn/
1769180313141,100009589944726,,Photo,PHOTO,1,0.0,0.0,0.0,0.0,0.0,,https://lookaside.fbsbx.com/ig_messaging_cdn/
1769180505000,100009590792113,,Video,STORY,1,50.0,0.0,0.0,0.0,8979.0,https://www.instagram.com/stories/starbucksindia/3816485185907373503,https://prod2-channel-assets.sprinklr.com/60624/FACEBOOK/100839651/media/C3BFF4D7E9DCD257FDA2FAAB829B5219.jpg
1769180890000,100009590792122,,Video,STORY,1,236.0,0.0,0.0,0.0,9388.0,https://www.instagram.com/stories/starbucksindia/3816488406109400059,https://prod2-channel-assets.sprinklr.com/60624/FACEBOOK/100839651/media/4105C1534A852C506BE3C339D195798B.jpg
1769181096000,100009590792126,,Photo,STORY,1,29.0,0.0,0.0,0.0,8859.0,https://www.instagram.com/stories/starbucksindia/3816490123072939676,https://prod2-channel-assets.sprinklr.com/60624/FACEBOOK/100839651/media/6513AC863DF91D28950F726CD25A7F2D.jpg
1769225400000,100009597396121,"Y’all manifested this really hard. 🫣 
Now all you got to do is stay tuned. 👀 
 
[Starbucks India, Bearista, Bearista Cup, Coffee, Trending]",Video,VIDEO,1,26711.0,12326.0,808.0,0.0,299690.0,https://www.instagram.com/reel/DT4N_lrDH5K/,https://prod2-media-proxy.sprinklr.com/channel/data/media/60624/0d72c32c-a348-41c6-92f9-1208effcf983.jpg
1769250282000,100009597870657,,Photo,PHOTO,1,0.0,0.0,0.0,0.0,0.0,,https://lookaside.fbsbx.com/ig_messaging_cdn/
1769311800000,100009606171428,"An artistry inspired by the land and its rich stories. 🇮🇳

Our India themed mug celebrates the spirit of India, with tales woven in every detail. 

Make it a part of your collection, now available at Starbucks. 
 
[Starbucks India, Republic Day, India, Coffee, Merch]",Video,VIDEO,1,834.0,751.0,11.0,0.0,35557.0,https://www.instagram.com/reel/DT6yyIJjMxu/,https://prod2-media-proxy.sprinklr.com/channel/data/media/60624/94a89dba-023e-41b7-857a-9b3e63a10e85.jpg
1769398200000,100009612783842,"From the sounds to the flavours, every note comes together in harmony to celebrate the spirit of India ♥️

We’re honouring this harmony that reminds us of its beauty. Happy Republic Day 🇮🇳 
 
[Starbucks India, Coffee, Indian Coffee Estates, Single-origin, India]",Video,CAROUSEL,7,1111.0,1059.0,7.0,0.0,28281.0,https://www.instagram.com/p/DT9XiZVjMVA/,
1769512014000,100009623529034,,Photo,STORY,1,45.0,0.0,0.0,0.0,37269.0,https://www.instagram.com/stories/starbucksindia/3819266062987046179,https://prod2-channel-assets.sprinklr.com/60624/FACEBOOK/100839651/media/6472FEBE559B6D715D741B123ED2EF1A.jpg
1769512019000,100009623503797,,Photo,PHOTO,1,0.0,0.0,0.0,0.0,0.0,,https://lookaside.fbsbx.com/ig_messaging_cdn/
1769512080000,100009623627346,,Photo,STORY,1,6.0,0.0,0.0,0.0,30327.0,https://www.instagram.com/stories/starbucksindia/3819266611232915323,https://prod2-channel-assets.sprinklr.com/60624/FACEBOOK/100839651/media/5CE37BBA7DB2B0477E66CAC26C7DDC0F.jpg
1769512086000,100009623505872,,Photo,PHOTO,1,0.0,0.0,0.0,0.0,0.0,,https://lookaside.fbsbx.com/ig_messaging_cdn/
1769514977161,100009623613467,,Photo,PHOTO,1,0.0,0.0,0.0,0.0,0.0,,https://lookaside.fbsbx.com/ig_messaging_cdn/
1769526525000,100009624129889,"It’s your moment, Starbucks Rewards Members! ⭐🧸
The Bearista Cup is coming, and you get first dibs!

⭐ Exclusive early access for Starbucks Rewards Members on 30th January
⭐ You can also register on 30th Jan and get the Bearista Cup (while stocks last!)

Limited stocks available‼️ 
 
[Starbucks India, Bearista, Bearista Cup, Coffee, Trending]",Video,VIDEO,1,12809.0,6055.0,263.0,0.0,192171.0,https://www.instagram.com/reel/DUChErPgek9/,https://prod2-media-proxy.sprinklr.com/channel/data/media/60624/a19d7f3b-dbec-40c7-a6b9-915c6edacd85.jpg
1769587745000,100009631730665,,Video,STORY,1,55.0,0.0,0.0,0.0,25685.0,https://www.instagram.com/stories/starbucksindia/3819901364255923167,https://prod2-channel-assets.sprinklr.com/60624/FACEBOOK/100839651/media/ED6E8C321EAABED5F6C074AEF353C425.jpg
1769587810000,100009631678288,,Photo,STORY,1,334.0,0.0,0.0,0.0,23242.0,https://www.instagram.com/stories/starbucksindia/3819901879123557743,https://prod2-channel-assets.sprinklr.com/60624/FACEBOOK/100839651/media/A855F2B880CE419296553BFF8C14ADCC.jpg
1769587825000,100009631677379,,Photo,STORY,1,266.0,0.0,0.0,0.0,21821.0,https://www.instagram.com/stories/starbucksindia/3819902008668807919,https://prod2-channel-assets.sprinklr.com/60624/FACEBOOK/100839651/media/BC63F2B9479144C8FBE28A1EFC411A97.jpg
1769606456000,100009632348349,"“Ate and left no crumbs” - literally you after trying our new range of protein-packed bites. 
 
Level up your day with: 
✨ Pesto Veggie Ragi Flatbread
✨ Egg White & Chicken in Multigrain Croissant
✨ Soya Protie Toastie
✨ Chicken Ragi Flatbread 
 
Now available at Starbucks. 
 
[Starbucks India, New At Starbucks, Protein, Low Calories, Fitness]",Photo,CAROUSEL,4,1132.0,844.0,8.0,0.0,35976.0,https://www.instagram.com/p/DUDksdiDPKU/,
1769680740000,100009640806103,,Photo,STORY,1,526.0,0.0,0.0,0.0,33419.0,https://www.instagram.com/stories/starbucksindia/3820681440039894916,https://prod2-channel-assets.sprinklr.com/60624/FACEBOOK/100839651/media/47F66AF888B2C7996A8700FAA025A225.jpg
1769680771000,100009640809219,,Photo,STORY,1,178.0,0.0,0.0,0.0,28631.0,https://www.instagram.com/stories/starbucksindia/3820681692344070535,https://prod2-channel-assets.sprinklr.com/60624/FACEBOOK/100839651/media/6D9335B17C502859538A5D02C09B4456.jpg
1769680781000,100009640809217,,Photo,STORY,1,177.0,0.0,0.0,0.0,26777.0,https://www.instagram.com/stories/starbucksindia/3820681781280092245,https://prod2-channel-assets.sprinklr.com/60624/FACEBOOK/100839651/media/6A97356F8828EF30521AFCE419121831.jpg
1769745600000,100009649311681,"Starbucks Rewards Members, the moment you’ve all been waiting for is finally here! 🐻✨

You get exclusive early access for today to the adorable Glass Bearista Cup 💚

Head straight to your nearest Starbucks store and grab it ASAP!

Limited stock available‼️

[Starbucks India, Bearista Cup, Bearista, Trending, Coffee]",Video,VIDEO,1,23606.0,11254.0,722.0,0.0,327622.0,https://www.instagram.com/reel/DUHuF9vjAWn/,https://prod2-media-proxy.sprinklr.com/channel/data/media/60624/1026d6fc-3e11-4582-8d23-9b927eb2da16.jpg
1769776926000,100009650095082,,Photo,STORY,1,42.0,0.0,0.0,0.0,26657.0,https://www.instagram.com/stories/starbucksindia/3821488289980118380,https://prod2-channel-assets.sprinklr.com/60624/FACEBOOK/100839651/media/40CE3D9B912FBCD2B216246A3DBC018E.jpg
1769790198000,100009651836919,"As wellness gets more personal, so do expectations from everyday food and drinks. And we listened.

You wanted options that fit into your routine without giving up the flavour and comfort you love at Starbucks, so we built exactly that.

Introducing Protein Cold Foam, crafted with @SuperYou, plus zero-sugar flavour options and lean, protein-forward food choices designed for real life.

No extremes. Just smarter choices, built into familiar moments.

Crafted to level up your day. Now available at Starbucks stores across India.

[Starbucks India, Zero sugar flavours, Protein, lean bites, protien boost]",Video,VIDEO,1,776.0,676.0,15.0,0.0,29114.0,https://www.instagram.com/reel/DUJC_cNjBXH/,https://prod2-media-proxy.sprinklr.com/channel/data/media/60624/5c6f0be3-db8c-4fb4-b55e-1c30213411a8.jpg
1769830200000,100009659034435,"Curated for every kind of mornings with all the flavours and none of the guilt. 

Level up your day at Starbucks.
 
[Starbucks India, SuperYou, Zero Sugar, Protein Cold Foam, Fitness]",Video,VIDEO,1,505.0,472.0,5.0,0.0,19630.0,https://www.instagram.com/reel/DUKPdKhDIs0/,https://prod2-media-proxy.sprinklr.com/channel/data/media/60624/1dfa05c2-ba9e-4c54-a372-a5a4611a3faa.jpg
1769916614000,100009667137521,"Flavours that’ll make you fall in love at first sip. 🥰 
 
Meet the Valentine’s range: 
✨ Pink Drink 
✨ Iced Matcha with Banana Protein Foam 
✨ Vienna Creamy Latte 
 
Now available, only at Starbucks. 
 
[Starbucks India, New at Starbucks, Valentine’s Day, Pink Drink, Valentine’s Specials",Photo,CAROUSEL,5,3373.0,2484.0,6.0,0.0,76106.0,https://www.instagram.com/p/DUM0Ri0Aroc/,
1770030122000,100009674788112,"“Try not to fall in love with this” is something we won’t challenge you to do, because just look at it! 😍 
 
The Valentine’s specials are back with the: 
🩷 Valentine’s Marble Loaf Cake 
🩷 Valentine’s Blossom 
 
Taste the flavours, only at Starbucks. 
 
[Starbucks India, New At Starbucks, Valentine’s Day, Desserts, Valentine’s Specials]",Video,VIDEO,1,2099.0,1526.0,12.0,0.0,41646.0,https://www.instagram.com/reel/DUQMtc4jPcZ/,https://prod2-media-proxy.sprinklr.com/channel/data/media/60624/a6d9b30c-c15d-41e0-b305-f5d6b4574166.jpg
1770114600000,100009682344380,"The only propaganda, a matcha girl keeps falling for, iykyk 🤭 

Plan your Iced Matcha with Banana Foam solo date at Starbucks. 
 
[Starbucks India, New at Starbucks, Valentine’s Day, Matcha, Solo date]",Video,VIDEO,1,655.0,496.0,33.0,0.0,20026.0,https://www.instagram.com/reel/DUSt8IXgS1d/,https://prod2-media-proxy.sprinklr.com/channel/data/media/60624/7869fc52-d12b-4cd0-b042-d900e8f6795e.jpg
1770207813000,100009690429779,"Hands down, the cutest interaction we’ve seen all day! 🙈 

Your pair of Bearista plushies are waiting for you only at Starbucks. 
 
[Starbucks India, New at Starbucks, Valentine’s Day, Bearista, Gifting]",Video,VIDEO,1,3027.0,1870.0,44.0,0.0,42207.0,https://www.instagram.com/reel/DUVfj8Lgblj/,https://prod2-media-proxy.sprinklr.com/channel/data/media/60624/058bb528-630c-4d8a-b9ce-bb2d510cd578.jpg
1770269400000,100009698939908,"One sip is all it took for our protein-packed beverages to become a fan favourite. 💚 
 
Now it’s your turn to level up with protein, curated by SuperYou + Starbucks. 
 
[Starbucks India, SuperYou, Protein, Protein Cold Foam, Fitness]",Video,VIDEO,1,377.0,280.0,24.0,0.0,27006.0,https://www.instagram.com/reel/DUXVPhfgWEr/,https://prod2-media-proxy.sprinklr.com/channel/data/media/60624/0d0a933f-dc28-4e93-985c-f53bad30bdc6.jpg
1770301263000,100009700324315,,Video,STORY,1,2.0,0.0,0.0,0.0,15682.0,https://www.instagram.com/stories/starbucksindia/3825886905859095232,https://prod2-channel-assets.sprinklr.com/60624/FACEBOOK/100839651/media/BD7C91BF6BEC17C8C92EB519F4BA279A.jpg
1770348600000,100009708395448,"“What’s your weekend plan?” has an obvious answer after this.  

Get favs of up to ₹900 or above & get ₹200 OFF* only at Starbucks. ⭐️

Offer available on 7th-8th February. 
 
[Starbucks India, Starbucks Rewards, Valentine’s Day, Offer, Coffee]",Video,VIDEO,1,883.0,751.0,4.0,0.0,21144.0,https://www.instagram.com/reel/DUZsRotDACF/,https://prod2-media-proxy.sprinklr.com/channel/data/media/60624/5a9e7cf1-5645-4104-9256-8fb8cab3e389.jpg
1770401419000,100009714328962,,Video,STORY,1,7.0,0.0,0.0,0.0,21114.0,https://www.instagram.com/stories/starbucksindia/3826726935125067938,https://prod2-channel-assets.sprinklr.com/60624/FACEBOOK/100839651/media/4B011C5D808808B59B50A6081CE85D7E.jpg
1770401447000,100009713277051,,Video,PHOTO,1,0.0,0.0,0.0,0.0,0.0,,https://lookaside.fbsbx.com/ig_messaging_cdn/
1770431400000,100009717576462,"It’s the little things that amount to Double The Love 💕
This weekend enjoy 2 tall beverages at just ₹499* only on Swiggy and Zomato.

*T&C Apply

[Starbucks India, Starbucks Offers, Valentine’s Day, Valentine’s Specials, Coffee]",Video,VIDEO,1,4687.0,2244.0,14.0,0.0,79536.0,https://www.instagram.com/reel/DUcKQkDDKZv/,https://prod2-media-proxy.sprinklr.com/channel/data/media/60624/144590aa-e686-4ece-86ad-3ac38c668b9d.jpg
1770443025000,100009717848518,,Video,STORY,1,97.0,0.0,0.0,0.0,18063.0,https://www.instagram.com/stories/starbucksindia/3827075984046988856,https://prod2-channel-assets.sprinklr.com/60624/FACEBOOK/100839651/media/A2ED2B286D4874ECCE21ED5BFFBA43E2.jpg
1770517810000,100009725533652,,Photo,STORY,1,391.0,0.0,0.0,0.0,24029.0,https://www.instagram.com/stories/starbucksindia/3827703278565714835,https://prod2-channel-assets.sprinklr.com/60624/FACEBOOK/100839651/media/08939A9993E78A2DE64008A775CF506D.jpg
1770528600000,100009725759096,"When you’re trying to be nonchalant, but the pink drink just dropped. 🩷🙈 

The global fav is back again for a limited time. Sip ASAP only at Starbucks. 
 
[Starbucks India, New at Starbucks, Valentine’s Day, Pink Drink, Valentine’s Specials]",Video,VIDEO,1,1538.0,1176.0,12.0,0.0,34076.0,https://www.instagram.com/reel/DUfDp8VDP7P/,https://prod2-media-proxy.sprinklr.com/channel/data/media/60624/d7ab999e-da23-4ab8-a9d1-3e2b7ba46831.jpg
1770615000000,100009733814582,"When we said, “give us a sign”, the universe did not hold back. 🤭🩷 

This is your sign to try the Pink drink at Starbucks. 
 
[Starbucks India, Valentine’s Day, Pink Drink, Valentine’s Specials, Trending]",Video,VIDEO,1,1466.0,1378.0,6.0,0.0,38012.0,https://www.instagram.com/reel/DUhobBZjKbL/,https://prod2-media-proxy.sprinklr.com/channel/data/media/60624/516d65a2-c747-4044-afb2-53cb4a09f890.jpg
1770701410000,100009742651184,"The perfect valentine's gift doesn’t exi- nvm. 

From mugs to plushies, our valentine’s curation is now available at Starbucks. 
 
[Starbucks India, Starbucks Merch, Valentine’s Merch, Valentine's Day, Valentine’s]",Photo,CAROUSEL,4,544.0,474.0,9.0,0.0,16580.0,https://www.instagram.com/p/DUkNJuMjBTx/,
1770814823000,100009752156616,,Video,STORY,1,22.0,0.0,0.0,0.0,29154.0,https://www.instagram.com/stories/starbucksindia/3830194818530470675,https://prod2-channel-assets.sprinklr.com/60624/FACEBOOK/100839651/media/7EBEE353225C380DFEFC71D333D76769.jpg
1770814857000,100009752156418,,Video,PHOTO,1,0.0,0.0,0.0,0.0,0.0,,https://lookaside.fbsbx.com/ig_messaging_cdn/
1770815231000,100009752170647,"Name a better duo than this, we’ll wait. 🤭 

Get your yapper/listener and try the Valentine’s specials at Starbucks. 💚 
 
[Starbucks India, Valentine’s Day, Pink Drink, Matcha, Valentine’s Specials]",Video,VIDEO,1,1084.0,897.0,13.0,0.0,26940.0,https://www.instagram.com/reel/DUnmKL6DOGo/,https://prod2-media-proxy.sprinklr.com/channel/data/media/60624/42d4c5f6-bfbe-4a5c-b0f7-1b5226629380.jpg
1770877578000,100009761047086,"Your goofy cold foam moustache selfie could win you a Starbucks gift card.😏

How? 🤔
➡️ Check out our stories and click on the “Cold Foam Moustache Moment” sticker.
➡️ Add your best Protein Cold Foam moustache picture and share it to your story.
➡️ The 10 cutest entries win a ₹500 Starbucks gift card each.

Get camera-ready and show us your best foam ’stache. ☕✨

T&C* apply. 

[Starbucks India, Valentine’s Day, Matcha, Protein Cold Foam, Reward]",Video,VIDEO,1,353.0,280.0,3.0,0.0,40901.0,https://www.instagram.com/reel/DUpc-OcgfwP/,https://prod2-media-proxy.sprinklr.com/channel/data/media/60624/6d1850cd-6505-4f16-b521-b5d4ae2cc7f7.jpg
1770877652000,100009761054887,,Video,STORY,1,2.0,0.0,0.0,0.0,17499.0,https://www.instagram.com/stories/starbucksindia/3830721892747166794,https://prod2-channel-assets.sprinklr.com/60624/FACEBOOK/100839651/media/F2A709EEDB4FA13D396E15C44C7E4C76.jpg
1770879352000,100009835078278,,Video,STORY,1,0.0,0.0,0.0,0.0,0.0,https://www.instagram.com/p/DUpgjQJjOW-/,https://prod2-channel-assets.sprinklr.com/60624/FACEBOOK/100839651/media/7282E49E27610F91094218B8ACA3B421.jpg
1770880083000,100009761159014,,Video,STORY,1,3.0,0.0,0.0,0.0,15773.0,https://www.instagram.com/stories/starbucksindia/3830742251446519410,https://prod2-channel-assets.sprinklr.com/60624/FACEBOOK/100839651/media/C517555FA3BA0C08F35F84ABF40CFE73.jpg
1770978429000,100009770050494,"The secret’s out. Pink drink + the Valentine’s dessert are now a date essential. 🙈🩷 

Enjoy the season of pink only at Starbucks. 
 
[Starbucks India, Valentine’s Day, Pink Drink, Valentine’s Specials, Desserts]",Video,VIDEO,1,1444.0,1156.0,69.0,0.0,30853.0,https://www.instagram.com/reel/DUsdbVqDLmX/,https://prod2-media-proxy.sprinklr.com/channel/data/media/60624/b6944f94-7e8d-434f-a589-c0d8cc23be1f.jpg
1771039800000,100009778805739,"Pink drink with Valentine’s Blossom is something we NEVER negotiate on. 🙈🩷 

Have you tried your Valentine’s non-negotiables at Starbucks yet? 
 
[Starbucks India, Valentine’s Day, Pink Drink, Valentine’s Specials, Desserts]",Video,VIDEO,1,971.0,875.0,24.0,0.0,25537.0,https://www.instagram.com/reel/DUuSreLjVBl/,https://prod2-media-proxy.sprinklr.com/channel/data/media/60624/ce57ed1f-7537-495b-80ec-c58cdf9cc2f8.jpg
1771128000000,100009785931580,"Explore the world of specialty coffee, one pack at a time.☕️

Now available on Zomato & Swiggy. 
 
[Starbucks India, Specialty Coffee, Swiggy, Zomato, Coffee]",Photo,PHOTO,1,234.0,220.0,4.0,0.0,14234.0,https://www.instagram.com/p/DUw667ZDNcm/,https://prod2-media-proxy.sprinklr.com/channel/data/media/60624/1d619177-55a6-4f0d-ad69-768c0b834a42.jpg
1771138560000,100009786071470,"As wellness gets more personal, so do expectations from everyday food and drinks. And we listened.

You wanted options that fit into your routine without giving up the flavour and comfort you love at Starbucks, so we built exactly that.

Introducing Protein Cold Foam, crafted with @SuperYou, plus zero-sugar flavour options and lean, protein-forward food choices designed for real life.

No extremes. Just smarter choices, built into familiar moments.

Now available at Starbucks stores across India.

[Starbucks India, Zero sugar flavours, Protein, lean bites, protien boost]",Video,VIDEO,1,978.0,805.0,2.0,0.0,26692.0,https://www.instagram.com/reel/DUxOnDGDJvg/,https://prod2-media-proxy.sprinklr.com/channel/data/media/60624/ccfce92e-c311-4cf3-948b-9658caa32aaf.jpg
1771212600000,100009793000965,"If you thought birthdays couldn’t get more fun, hold on 🤭
Introducing The Playhouse - Birthdays with Starbucks ✨
From the first sip to the last smile, we’re here to make every celebration unforgettable 💚

Want to plan one? Reach out to us at
💌 customercare@tatastarbucks.com | 📞 1860 266 0010

[Starbucks India, The Playhouse, Birthdays With Starbucks, Birthday, Party]",Video,VIDEO,1,0.0,0.0,0.0,0.0,0.0,https://www.instagram.com/reel/DUx1MtGDXPa/,https://prod2-media-proxy.sprinklr.com/channel/data/media/60624/187d5072-80a2-430b-8df9-f816172c46b0.jpg
1771236977000,100009793475604,"Celebrating the right kind of Blue today💙🇮🇳

[Cricket, India, Coffee Lovers, Monday Blues, T20WorldCup]",Photo,PHOTO,1,653.0,635.0,2.0,0.0,21306.0,https://www.instagram.com/p/DU0KqixEiLj/,https://prod2-media-proxy.sprinklr.com/channel/data/media/60624/729618b7-6830-4bb2-b8c7-b05c6ec4a128.jpg
1771299000000,100009800459715,"Protein-infused sips and bites has to be the best post-run reward. 💪🤩 

Recharge yourself with protein at Starbucks. 
 
[Starbucks India, Protein, Protein Cold Foam, Low Calorie, Fitness]",Video,VIDEO,1,369.0,283.0,23.0,0.0,15750.0,https://www.instagram.com/reel/DU2BEajCLcK/,https://prod2-media-proxy.sprinklr.com/channel/data/media/60624/6bd16bdd-e852-4d5f-958e-430018307286.jpg
1771332210000,100009801205925,,Video,STORY,1,15.0,0.0,0.0,0.0,18009.0,https://www.instagram.com/stories/starbucksindia/3834534997898610919,https://prod2-channel-assets.sprinklr.com/60624/FACEBOOK/100839651/media/8CE1BEDB2A4D2B4FAF46152BB532F67F.jpg
1771394400000,100009808628205,"A date at Starbucks with that special someone will always be on our bingo card. 🥰
 
Try the Pink Drink, Matcha with Banana Cold Foam, Valentine’s Blossom and Valentine’s Marble Loaf Cake at your nearest Starbucks.
 
[Starbucks India, Pink Drink, Food, Coffee Lovers, Matcha, Desserts]",Video,VIDEO,1,67.0,66.0,1.0,0.0,213.0,https://www.instagram.com/reel/DU43Ce4iC3s/,https://prod2-media-proxy.sprinklr.com/channel/data/media/60624/9ab9c1da-2783-4ef0-8514-4d3cdcdbe329.jpg
1771417800000,100009809158113,"“Hi, I’m Arpita.
What began as a passion for coffee in 2016 became the foundation of the leader I am today.

I started my journey with Tata Starbucks as a Barista at Phoenix Marketcity, Pune. Over the years, I grew from Shift Supervisor to Assistant Store Manager, and now Store Manager, discovering confidence, resilience, and my voice along the way. Becoming a Coffee Master, District Coffee Master, and now Regional Coffee Ambassador for the Central Region deepened not just my craft, but my purpose.

One moment I’ll always cherish was during Starbucks’ 10-year celebration in Mumbai, when a surprise video message from my parents played on stage. It reminded me that this journey is shared with everyone who believes in you.

Today, I lead with the same passion I started with, still stepping behind the bar to craft moments that matter.
Starbucks has given me more than a career. It has given me purpose. 💚☕”

#ItStartsWithMyName

[Starbucks India, Starbucks Partner, Starbucks Barista Life, Barista, Barista Lifestyle]",Video,VIDEO,1,1360.0,1229.0,59.0,0.0,26602.0,https://www.instagram.com/reel/DU5jpWXiF7o/,https://prod2-media-proxy.sprinklr.com/channel/data/media/60624/c1bc4ecd-2fa4-4e91-92aa-b4fb51a8a096.jpg
1771480812000,100009817479811,"Okay, you caught us, but can you really blame us??? 👀 

Pair your breakfasts with protein cold foam beverages by SuperYou + Starbucks.

Only at Starbucks. 

[Starbucks India, SuperYou, Protein, Protein Cold Foam, Fitness]",Photo,PHOTO,1,65.0,60.0,5.0,0.0,0.0,https://www.instagram.com/p/DU7bvdMCBJT/,https://prod2-media-proxy.sprinklr.com/channel/data/media/60624/083baa2b-3879-46a7-aef7-df91cba42231.jpg
1771483077000,100009817513259,"Okay, you caught us, but can you really blame us??? 👀 

Pair your breakfasts with protein cold foam beverages by SuperYou + Starbucks.

Only at Starbucks. 

[Starbucks India, SuperYou, Protein, Protein Cold Foam, Fitness]",Photo,PHOTO,1,511.0,406.0,7.0,0.0,18467.0,https://www.instagram.com/p/DU7gD82DYX-/,https://prod2-media-proxy.sprinklr.com/channel/data/media/60624/3b3d14c6-5ed4-4778-be40-c44ff2404345.jpg
1771590984000,100009827718101,"A place to focus + smarter sips and bites to fuel your day.

Your everyday, made better at Starbucks 💚
 
[Starbucks India, Protein, Protein Cold Foam, Low Calorie, Protein beverages]",Video,VIDEO,1,567.0,418.0,57.0,0.0,16962.0,https://www.instagram.com/reel/DU-r7I8DG7R/,https://prod2-media-proxy.sprinklr.com/channel/data/media/60624/f1c822ae-ffb2-425f-8484-9f8f550b54f5.jpg
1771641008000,100009834687064,,Photo,STORY,1,702.0,0.0,0.0,0.0,31329.0,https://www.instagram.com/stories/starbucksindia/3837125339742595463,https://prod2-channel-assets.sprinklr.com/60624/FACEBOOK/100839651/media/396881D06C181D337CBA6FC5C8F1460E.jpg
1771733630000,100009844300970,"They say breakfast defines your mood, so we added protein and zero-sugar flavours💪 

Start your morning with better choices only at Starbucks. 
 
[Starbucks India, Protein, Protein Cold Foam, Less Calorie, Fitness, Breakfast, Vanilla Latte, Zero Sugar Flavours]",Video,VIDEO,1,767.0,684.0,30.0,0.0,21225.0,https://www.instagram.com/reel/DVC91IpjEld/,https://prod2-media-proxy.sprinklr.com/channel/data/media/60624/b5d41c9b-f16f-466b-b17c-5038886c091a.jpg
1771932877000,100009865002514,"Guilty of not knowing about the zero-sugar flavours? Not on our watch! 😎
 
Swipe through these to customise your next order at Starbucks.
 
[Starbucks India, Zero-Sugar Flavours, Customise, Less Calories, Fitness]",Video,CAROUSEL,6,868.0,791.0,10.0,0.0,21564.0,https://www.instagram.com/p/DVI5_XMCTJa/,
1772019280000,100009877637521,"“Hi, my name is Mrunmayi. 
 
As a part-time barista in 2019, I never imagined the journey that was waiting for me.  Today as a Store Manager and District Coffee Master at Starbucks, I can truly say that this experience has helped me discover my true potential. 
 
Working with my partners and mentors made me realise how deeply passionate I am about coffee. This led me to international championships, where I received the opportunity to represent India on a global platform. 
 
Whether it is leading Master brewing programs or preparing the perfect cup for our customers, this journey has given me endless reasons to fall in love with the coffee making process. 
 
From leading Master Brewing Programs to crafting the perfect cup for our customers, each step of this journey has strengthened my love for the art of coffee-making. Starbucks hasn’t just shaped my career, it has shaped who I am.” 
 
#ItStartsWithMyName 
 
[Starbucks India, Starbucks Partner, Coffee, Barista Life, Barista Stories]",Video,VIDEO,1,1238.0,1081.0,38.0,0.0,26002.0,https://www.instagram.com/reel/DVLevCTjHdw/,https://prod2-media-proxy.sprinklr.com/channel/data/media/60624/158493e1-2e86-491e-9458-516e410fb137.jpg
1772170200000,100009898303337,"A refreshing take on your sips. 😋 
Coming soon. ✨ 
 
[Starbucks India, New At Starbucks, Green Coffee Extract, Coffee, Coming Soon]",Video,VIDEO,1,831.0,728.0,5.0,0.0,20219.0,https://www.instagram.com/reel/DVP-soXiJR5/,https://prod2-media-proxy.sprinklr.com/channel/data/media/60624/4179379b-e619-43e7-870a-0cba4dce8958.jpg
1772176206000,100009898596046,,Photo,STORY,1,21.0,0.0,0.0,0.0,18672.0,https://www.instagram.com/stories/starbucksindia/3841614911554488246,https://prod2-channel-assets.sprinklr.com/60624/FACEBOOK/100839651/media/9115FE06C0BB54DE935E1AD0C4E64EE0.webp
1772210341000,100009902791929,,Video,STORY,1,0.0,0.0,0.0,0.0,14756.0,https://www.instagram.com/stories/starbucksindia/3841901264993268378,https://prod2-channel-assets.sprinklr.com/60624/FACEBOOK/100839651/media/467E99401BD89F4870BF0E344C09271E.jpg
1772210363000,100009902325046,,Video,PHOTO,1,0.0,0.0,0.0,0.0,0.0,,https://lookaside.fbsbx.com/ig_messaging_cdn/
1772256600000,100009910661749,"Morning grind. Evening unwind.
Same protein-boost favourites.🤎

Fuel your days with protein only at Starbucks. 

[Starbucks India, Protein Day, Protein Cold Foam, Less Calorie, Protein boost]",Video,VIDEO,1,344.0,274.0,12.0,0.0,17745.0,https://www.instagram.com/reel/DVSjcoqiIjX/,https://prod2-media-proxy.sprinklr.com/channel/data/media/60624/ebb2499c-64f2-4b3e-9e13-87493ab1ceb7.jpg
1772338653000,100009921879592,,Video,STORY,1,32.0,0.0,0.0,0.0,16873.0,https://www.instagram.com/stories/starbucksindia/3842977645537851819,https://prod2-channel-assets.sprinklr.com/60624/FACEBOOK/100839651/media/4593E43AED9986C1D6062803715C6FE4.jpg
1772339400000,100009921783779,"All things refreshing. Crafted with green coffee extract.💚

✨ Valencia Peach Orange Refresher®️
✨ Lychee Raspberry Refresher®️ 
✨ Mango Dragonfruit Refresher®️ 
✨ Strawberry Açai Refresher®️ 
 
Now serving at your nearest Starbucks. 
 
[Starbucks India, New At Starbucks, Refreshers®️, Green Coffee Extract]",Photo,CAROUSEL,6,0.0,0.0,0.0,0.0,0.0,https://www.instagram.com/p/DVVBceijLOc/,
1772339400000,100009921784002,"All things refreshing. Crafted with green coffee extract.💚

✨ Valencia Peach Orange Refresher®️
✨ Lychee Raspberry Refresher®️ 
✨ Mango Dragonfruit Refresher®️ 
✨ Strawberry Açai Refresher®️ 
 
Now serving at your nearest Starbucks. 
 
[Starbucks India, New At Starbucks, Refreshers®️, Green Coffee Extract]",Photo,CAROUSEL,6,47529.0,38341.0,58.0,0.0,631424.0,https://www.instagram.com/p/DVVBeTdDEvq/,
1772348641000,100009922447311,,Video,STORY,1,31.0,0.0,0.0,0.0,15491.0,https://www.instagram.com/stories/starbucksindia/3843061411669143082,https://prod2-channel-assets.sprinklr.com/60624/FACEBOOK/100839651/media/2B72AE47D154113DE361FD3DD7726B92.jpg
1772348647000,100009922262090,,Video,PHOTO,1,0.0,0.0,0.0,0.0,0.0,,https://lookaside.fbsbx.com/ig_messaging_cdn/
1772508600000,100009943277529,"The only kind of splashes we’re into today.

Try the new Valenica Peach Orange Refresher®️ with green coffee extract at your nearest Starbucks🍊💚
 
[Starbucks India, New At Starbucks, Refreshers®️, Green Coffee Extract, Holi]",Video,VIDEO,1,856.0,732.0,10.0,0.0,22777.0,https://www.instagram.com/reel/DVaEMH6DUYF/,https://prod2-media-proxy.sprinklr.com/channel/data/media/60624/6fbb9a18-3cb9-49be-9f7c-8e8cabbe0d96.jpg
1772510644000,100009943529666,,Photo,STORY,1,1.0,0.0,0.0,0.0,14871.0,https://www.instagram.com/stories/starbucksindia/3844420392220107466,https://prod2-channel-assets.sprinklr.com/60624/FACEBOOK/100839651/media/E13CCE27F2334349C9B75E1333EDF9A9.jpg
1772605745000,100009953756319,"Brewed with careful precision and craft, delivering the smooth, bold taste you love.🤎

Get your cold brew fix at Starbucks. 
 
[Starbucks India, New At Starbucks, Cold Brew, Coffee, Summers]",Photo,CAROUSEL,2,1135.0,979.0,3.0,0.0,23092.0,https://www.instagram.com/p/DVc9YiCFR73/,
1772691900000,100009964168838,"We don’t play around when it comes to our meals. 🤭 

Run and try them out at your nearest Starbucks. 
 
[Starbucks India, Protein, Protein Cold Foam, Zero Sugar, Fitness]",Video,VIDEO,1,910.0,862.0,7.0,0.0,25806.0,https://www.instagram.com/reel/DVfhtsXCP-u/,https://prod2-media-proxy.sprinklr.com/channel/data/media/60624/172f5469-e082-4f0b-8a59-c8bc352fae74.jpg
1772779307000,100009976356249,"What we sip every time someone says, “you need to chill.” 🥰 
Your glass of chill awaits you at Starbucks. 
 
[Starbucks India, New At Starbucks, Refreshers, Cold Brew, Coffee]",Photo,CAROUSEL,4,554.0,498.0,5.0,0.0,17236.0,https://www.instagram.com/p/DViIbRpjMX1/,
1772865000000,100009988043187,"Letting you in on our protein secret 👀 

Grab the protein combo to reach your goals too. 
Only at Starbucks. 
 
[Starbucks India, Protein, Protein Cold Foam, Coffee, Fitness]",Video,VIDEO,1,719.0,589.0,22.0,0.0,23430.0,https://www.instagram.com/reel/DVklCjPkqoE/,https://prod2-media-proxy.sprinklr.com/channel/data/media/60624/332c80cd-394b-444a-a30f-8771d97fd814.jpg
1772865258000,100009988133113,,Video,STORY,1,90.0,0.0,0.0,0.0,19424.0,https://www.instagram.com/stories/starbucksindia/3847395113823895924,https://prod2-channel-assets.sprinklr.com/60624/FACEBOOK/100839651/media/8DE967D58EC79554EE29055724B7D6B0.jpg
1772940617000,100009997674260,"This International Women’s Day, we're proud to highlight our support for girls’ education.

Our partnership with Educate Girls began in 2020, reaching 750 beneficiaries through the Gyan Ka Pitara learning intervention. Building on this success, we aim to reach more than 2,500 girls over the coming years.

Together, we are working to ensure the enrollment and retention of out-of-school girls in rural Uttar Pradesh, empowering them to return to the classroom, continue learning, and thrive.

[Women's day, Women, Girl Education, Girl Child, Women Empowerment, Starbucks India]",Photo,PHOTO,1,1964.0,1697.0,9.0,0.0,39542.0,https://www.instagram.com/p/DVm8GeIjbA1/,https://prod2-media-proxy.sprinklr.com/channel/data/media/60624/964624f9-067d-40ef-8989-cd9ed5a27acf.jpg
1772990020000,100010001242082,"""One World Cup for Team India."" 💙🇮🇳
 
[Starbucks India, Cricket, India, Coffee, World Cup]",Photo,PHOTO,1,1053.0,962.0,6.0,0.0,26259.0,https://www.instagram.com/p/DVoaU5ljFvY/,https://prod2-media-proxy.sprinklr.com/channel/data/media/60624/ad544797-f6ba-4d12-9728-f8181a88426e.webp
1772990056796,100010001046322,,Document,PHOTO,2,0.0,0.0,0.0,0.0,0.0,,https://lookaside.fbsbx.com/ig_messaging_cdn/
1772990056796,100010001046322,,Link,PHOTO,2,0.0,0.0,0.0,0.0,0.0,,https://lookaside.fbsbx.com/ig_messaging_cdn/
1772990518277,100010001230728,,Document,PHOTO,2,0.0,0.0,0.0,0.0,0.0,,https://lookaside.fbsbx.com/ig_messaging_cdn/
1772990518277,100010001230728,,Link,PHOTO,2,0.0,0.0,0.0,0.0,0.0,,https://lookaside.fbsbx.com/ig_messaging_cdn/
1773109818000,100010019819092,,Photo,STORY,1,6.0,0.0,0.0,0.0,14443.0,https://www.instagram.com/stories/starbucksindia/3849446614180302625,https://prod2-channel-assets.sprinklr.com/60624/FACEBOOK/100839651/media/B2EBB6D30DB95A904EB156DC59B6C6B0.jpg
1773109839000,100010019819090,,Photo,STORY,1,5.0,0.0,0.0,0.0,12479.0,https://www.instagram.com/stories/starbucksindia/3849446792849312696,https://prod2-channel-assets.sprinklr.com/60624/FACEBOOK/100839651/media/67C9CBE0C4607389CFE0FF09EEA56FF3.jpg
1773109859000,100010019819088,,Photo,STORY,1,20.0,0.0,0.0,0.0,11974.0,https://www.instagram.com/stories/starbucksindia/3849446961988766773,https://prod2-channel-assets.sprinklr.com/60624/FACEBOOK/100839651/media/592CD4DD5ECABFAC346F4E2DE33E57E3.jpg
1773148717000,100010022444707,,Photo,STORY,1,1.0,0.0,0.0,0.0,15628.0,https://www.instagram.com/stories/starbucksindia/3849772938437983425,https://prod2-channel-assets.sprinklr.com/60624/FACEBOOK/100839651/media/A555D9FA2E038631F988E1E0E8CB1666.jpg
1773148726000,100010022246378,,Photo,PHOTO,1,0.0,0.0,0.0,0.0,0.0,,https://lookaside.fbsbx.com/ig_messaging_cdn/
1773244785000,100010036597314,"It starts with a coffee bean.
But the taste? Nothing like coffee. 👀

Starbucks Refreshers®️ are crafted with green coffee extract for bright, vibrant and refreshingly fruity sips.

Try them now at Starbucks.

[Starbucks India, New At Starbucks, Refreshers®️, Green Coffee Extract, Fruits]",Video,VIDEO,1,592.0,517.0,9.0,0.0,21639.0,https://www.instagram.com/reel/DVwAIt-DEHL/,https://prod2-media-proxy.sprinklr.com/channel/data/media/60624/0a7684e7-3b0a-45e5-b7c7-95c77a93f127.jpg
1773321350000,100010046171355,"If it’s partner approved, you HAVE to try it. 
So, when are we seeing you at Starbucks? 
 
[Starbucks India, Protein, Protein Cold Foam, Zero Sugar, Fitness]",Video,VIDEO,1,951.0,831.0,37.0,0.0,25419.0,https://www.instagram.com/reel/DVyR0VvAcNF/,https://prod2-media-proxy.sprinklr.com/channel/data/media/60624/d20e9399-fd18-40ea-8553-738667897f97.jpg
1773377269000,100010055790445,"A space known for exceptional craft has now evolved into something more. 

Reimagined as an Experiential Store, where every flavour tells a story of origin, inspired by India. 

Discover coffee in a whole new way at the Capital Building in BKC, Mumbai. 

[Starbucks India, New Store, Mumbai, Starbucks Experiential Store, Coffee]",Video,VIDEO,1,871.0,791.0,10.0,0.0,21329.0,https://www.instagram.com/reel/DVz7N5sgSi9/,https://prod2-media-proxy.sprinklr.com/channel/data/media/60624/99a5c09b-f425-48cc-b6af-7d7ead5dcf04.jpg
1773472967000,100010065468954,"We heard you’re still looking for ways to add protein and zero-sugar flavours to your beverage? 😋 
So, we made it easier for you. 🥰 

Tap on these reels and start making better choices with Starbucks. 
 
[Starbucks India, Protein, Protein Cold Foam, Zero Sugar, Fitness]",Video,VIDEO,1,273.0,254.0,8.0,0.0,14073.0,https://www.instagram.com/reel/DV2zJggDJ5Q/,https://prod2-media-proxy.sprinklr.com/channel/data/media/60624/57eb13c7-f33d-4b6b-9652-4d1e5aa35a7a.jpg
1773660611000,100010078907969,"Travelled all the way from Indonesia, the single-origin Aged Sumatra is loved for its depth and richness of flavour.
 
With its medium roast, this single-origin coffee delights the palate with a velvety mouthfeel and notes of Spiced Vanilla Bean and Oak. 
 
Get your hands on it now. Available till stocks last. 
 
[Starbucks India, Aged Sumatra, Single-Origin, Sumatra, Coffee]",Photo,CAROUSEL,5,506.0,485.0,1.0,0.0,15889.0,https://www.instagram.com/p/DV8ZYWGDTMk/,
1773749031000,100010088009868,"“Hi, I’m Sakshi. 
When I joined Starbucks in 2022 as a part-time barista, I never imagined that I would be leading the very store where my journey began. 
 
From day one, I was surrounded by opportunities that challenged me, strengthened my skills, and built my confidence. Those experiences encouraged me to compete in the District Barista Championship and become a Coffee Master. 
 
For me coffee is not just a part of my job, it’s a way to express myself, discover new experiences, and connect with the customers. 
 
With a team that constantly supports and uplifts me, I have grown into someone who strives to be better every single day so I can create a space where everyone feels welcomed.” 
 
#ItStartsWithMyName 
 
[Starbucks India, Starbucks Partner, Coffee, Barista Life, Barista Stories]",Video,VIDEO,1,894.0,817.0,36.0,0.0,24008.0,https://www.instagram.com/reel/DV_B5CrjFdf/,https://prod2-media-proxy.sprinklr.com/channel/data/media/60624/f6f957c0-097d-43fb-b17d-81dadbbe9e75.jpg
1773901500000,100010102707508,"Time to test if they actually watch your reels. 👀 
 
Let us know if they passed the test or do they owe you a Refresher®️ at Starbucks. 
 
[Starbucks India, Refreshers®️, Strawberry Acai Refresher®️, Green Coffee Extract, Fruits]",Video,VIDEO,1,1575.0,976.0,11.0,0.0,32857.0,https://www.instagram.com/reel/DWDk1ytuVQQ/,https://prod2-media-proxy.sprinklr.com/channel/data/media/60624/34682fce-62af-4e1e-bcef-a97b23c31fe7.jpg
1774006236000,100010110510518,"A journey through India’s flavours, crafted into extraordinary beverages. ✨

Now serving at the Starbucks Experiential Store at The Capital, BKC, Mumbai. 

[Starbucks India, New Store, Mumbai, Starbucks Experiential Store, Coffee]",Photo,CAROUSEL,7,1910.0,1641.0,9.0,0.0,43476.0,https://www.instagram.com/p/DWGsm6tD16b/,
1774006236000,100010110510518,"A journey through India’s flavours, crafted into extraordinary beverages. ✨

Now serving at the Starbucks Experiential Store at The Capital, BKC, Mumbai. 

[Starbucks India, New Store, Mumbai, Starbucks Experiential Store, Coffee]",Video,CAROUSEL,7,1910.0,1641.0,9.0,0.0,43476.0,https://www.instagram.com/p/DWGsm6tD16b/,
1774150209000,100010125305479,Something magical is brewing... ✨⚡️,Photo,PHOTO,1,2181.0,1740.0,50.0,0.0,37202.0,https://www.instagram.com/p/DWK_Noyja14/,https://prod2-media-proxy.sprinklr.com/channel/data/media/60624/77dbb1cb-42f6-40f1-bc9f-b35a3037a817.jpg
1774284785000,100010135483681,,Video,STORY,1,46.0,0.0,0.0,0.0,25783.0,https://www.instagram.com/stories/starbucksindia/3859302986317318456,https://prod2-channel-assets.sprinklr.com/60624/FACEBOOK/100839651/media/6C4EE243EB8451D3C630C28FD34AC3EE.jpg
1774323000000,100010139765562,Can’t wait to reveal what we’ve been keeping under our cloak. ✨,Video,VIDEO,1,4353.0,2783.0,100.0,0.0,52160.0,https://www.instagram.com/reel/DWQI0PKOMlA/,https://prod2-media-proxy.sprinklr.com/channel/data/media/60624/7de03100-54e1-4dff-ad80-e926b33d4689.jpg
1774419584000,100010149543058,"Something magical is brewing at Starbucks, and you’re invited to be a part of it ✉️✨

Receive your letter in-store on 26th & 27th March, uncover the hidden question, and return for the trivia challenge from 27th–29th March in select time slots.
Answer correctly for a chance to unlock a Mini Bearista Bear Plush Keychain Blind Box 🧸

🕒 Trivia slots:
- 10–11 AM
- 5–6 PM
- 7–8 PM

📍 Trivia available at select stores:
Red Chillies Building, Khar (Mumbai)
Prudential Building, Powai (Mumbai)
Starbucks Reserve, Fort (Mumbai)
Koregaon Park (Pune)
Jubilee Hills (Hyderabad)
Vittal Mallya Mall (Bengaluru)
Nexus CityWalk (Delhi)

T&C apply | Till stocks last.

[Starbucks India, Harry Potter, Harry Potter Style]",Photo,CAROUSEL,2,5070.0,2906.0,109.0,0.0,61058.0,https://www.instagram.com/p/DWTBAc_ElNz/,
1774495800000,100010157561482,"Our Harry Potter | Starbucks beverages are arriving tomorrow for every witch, wizard, and Muggle out there! 🪄​
​
Taste the magic and see you in our stores on March 27! ✨​
​
[StarbucksIndia, HarryPotter, HarryPotterStyle]",Video,VIDEO,1,2531.0,1728.0,41.0,0.0,42383.0,https://www.instagram.com/reel/DWVSZ_qOGNS/,https://prod2-media-proxy.sprinklr.com/channel/data/media/60624/1f9eb58d-b424-4e5f-b681-1f2ab18f72a1.jpg
1774582210000,100010166796484,"Calling all witches, wizards, and Muggles! 🧙‍♂️✨
 
Our Harry Potter | Starbucks collab is officially here!
 
Inspired by Treacle Tart, one of Harry’s favourite treats – Hogwarts Golden Vanilla Latte, Hogwarts Golden Vanilla Cold Brew, Hogwarts Golden Vanilla Frappuccino®️
 
Let's celebrate together!
 
[Starbucks India, Harry Potter, Harry Potter Style]",Photo,PHOTO,1,6062.0,3358.0,54.0,0.0,84523.0,https://www.instagram.com/p/DWX3MH9CFLG/,https://prod2-media-proxy.sprinklr.com/channel/data/media/60624/d7d74c91-3181-4b1c-b2ef-90309baaa266.jpg
1774598037000,100010167064937,,Video,STORY,1,177.0,0.0,0.0,0.0,19581.0,https://www.instagram.com/stories/starbucksindia/3861930721640477101,https://prod2-channel-assets.sprinklr.com/60624/FACEBOOK/100839651/media/B51B30AE0C30FAAD106309CC41F08D6E.jpg
1774598064000,100010167057152,,Video,PHOTO,1,0.0,0.0,0.0,0.0,0.0,,https://lookaside.fbsbx.com/ig_messaging_cdn/
1774598086000,100010167064933,,Video,STORY,1,347.0,0.0,0.0,0.0,18100.0,https://www.instagram.com/stories/starbucksindia/3861931135618261080,https://prod2-channel-assets.sprinklr.com/60624/FACEBOOK/100839651/media/A538E289C9AF5BAE077A1FE9DA4031FB.jpg
1774598107000,100010167057934,,Video,PHOTO,1,0.0,0.0,0.0,0.0,0.0,,https://lookaside.fbsbx.com/ig_messaging_cdn/
1774598111000,100010167064929,,Video,STORY,1,60.0,0.0,0.0,0.0,17293.0,https://www.instagram.com/stories/starbucksindia/3861931344016493292,https://prod2-channel-assets.sprinklr.com/60624/FACEBOOK/100839651/media/420ADB789628EA8C9129B78FE51549E5.jpg
1774598135000,100010167058472,,Video,PHOTO,1,0.0,0.0,0.0,0.0,0.0,,https://lookaside.fbsbx.com/ig_messaging_cdn/
1774598176000,100010167064935,,Video,STORY,1,66.0,0.0,0.0,0.0,16852.0,https://www.instagram.com/stories/starbucksindia/3861931888193879820,https://prod2-channel-assets.sprinklr.com/60624/FACEBOOK/100839651/media/E05C2C9BA5CA75D5504B5F3D1478C773.jpg
1774598183000,100010167064918,,Video,STORY,1,52.0,0.0,0.0,0.0,16468.0,https://www.instagram.com/stories/starbucksindia/3861931940731731396,https://prod2-channel-assets.sprinklr.com/60624/FACEBOOK/100839651/media/762F8F8E1C42C736691D1629B52DC089.jpg
1774598211000,100010167060110,,Video,PHOTO,1,0.0,0.0,0.0,0.0,0.0,,https://lookaside.fbsbx.com/ig_messaging_cdn/
1774598219000,100010167060184,,Video,PHOTO,1,0.0,0.0,0.0,0.0,0.0,,https://lookaside.fbsbx.com/ig_messaging_cdn/
1774598254000,100010167064923,,Video,STORY,1,75.0,0.0,0.0,0.0,16096.0,https://www.instagram.com/stories/starbucksindia/3861932542220089435,https://prod2-channel-assets.sprinklr.com/60624/FACEBOOK/100839651/media/53177585453D4C172CB0A34FE78DAEF2.jpg
1774598278000,100010167061207,,Video,PHOTO,1,0.0,0.0,0.0,0.0,0.0,,https://lookaside.fbsbx.com/ig_messaging_cdn/
1774598334000,100010167064931,,Video,STORY,1,198.0,0.0,0.0,0.0,15528.0,https://www.instagram.com/stories/starbucksindia/3861933207797398344,https://prod2-channel-assets.sprinklr.com/60624/FACEBOOK/100839651/media/2C8B575041B1D1DF1B51927751A6E720.jpg
1774598352000,100010167064925,,Video,STORY,1,12.0,0.0,0.0,0.0,1187.0,https://www.instagram.com/stories/starbucksindia/3861933360646222948,https://prod2-channel-assets.sprinklr.com/60624/FACEBOOK/100839651/media/AA48995BF17186B2A0911752C31CE335.jpg
1774598354000,100010167062404,,Video,PHOTO,1,0.0,0.0,0.0,0.0,0.0,,https://lookaside.fbsbx.com/ig_messaging_cdn/
1774598372000,100010167062702,,Video,PHOTO,1,0.0,0.0,0.0,0.0,0.0,,https://lookaside.fbsbx.com/ig_messaging_cdn/
1774600112000,100010167138977,,Video,STORY,1,0.0,0.0,0.0,0.0,0.0,https://www.instagram.com/stories/starbucksindia/3861948125468690784,https://prod2-channel-assets.sprinklr.com/60624/FACEBOOK/100839651/media/7BCE5CD74FE286C9A1B09D53AC1E90D2.jpg
1774600140000,100010167097554,,Video,PHOTO,1,0.0,0.0,0.0,0.0,0.0,,https://lookaside.fbsbx.com/ig_messaging_cdn/
1774626208000,100010169234133,,Video,STORY,1,84.0,0.0,0.0,0.0,18437.0,https://www.instagram.com/stories/starbucksindia/3862167034809583531,https://prod2-channel-assets.sprinklr.com/60624/FACEBOOK/100839651/media/AF98CA63CCA481FD3CFA36A38262A093.jpg
1774626232000,100010168646569,,Video,PHOTO,1,0.0,0.0,0.0,0.0,0.0,,https://lookaside.fbsbx.com/ig_messaging_cdn/
1774626292000,100010169234154,,Video,STORY,1,103.0,0.0,0.0,0.0,17044.0,https://www.instagram.com/stories/starbucksindia/3862167740383770654,https://prod2-channel-assets.sprinklr.com/60624/FACEBOOK/100839651/media/8A06A76C32D30EF1148EE58AF1F714D6.jpg
1774626310000,100010168693513,,Video,PHOTO,1,0.0,0.0,0.0,0.0,0.0,,https://lookaside.fbsbx.com/ig_messaging_cdn/
1774626390000,100010169234149,,Video,STORY,1,40.0,0.0,0.0,0.0,16341.0,https://www.instagram.com/stories/starbucksindia/3862168562131847967,https://prod2-channel-assets.sprinklr.com/60624/FACEBOOK/100839651/media/C8FEC217A1CD55782AF8C4CF42AF8770.jpg
1774626418000,100010168743061,,Video,PHOTO,1,0.0,0.0,0.0,0.0,0.0,,https://lookaside.fbsbx.com/ig_messaging_cdn/
1774675699000,100010173996368,"Meet your new enchanting essentials! ✨

The Harry Potter | Starbucks Collection invites you into a world of charm, wonder, and everyday adventure. Each piece is designed to be a companion wherever you go.

Which one are you getting?

[Starbucks India, Harry Potter, Harry Potter Style]",Photo,CAROUSEL,13,5680.0,3237.0,119.0,0.0,53967.0,https://www.instagram.com/p/DWapgeKjC8z/,
1774677473000,100010174026137,,Photo,STORY,1,48.0,0.0,0.0,0.0,17844.0,https://www.instagram.com/stories/starbucksindia/3862597075523628344,https://prod2-channel-assets.sprinklr.com/60624/FACEBOOK/100839651/media/409190156A91533D4DAE0379FC1F3B2E.jpg
1774677480000,100010174022362,,Photo,PHOTO,1,0.0,0.0,0.0,0.0,0.0,,https://lookaside.fbsbx.com/ig_messaging_cdn/
1774677514000,100010174026135,,Photo,STORY,1,61.0,0.0,0.0,0.0,16700.0,https://www.instagram.com/stories/starbucksindia/3862597410900177049,https://prod2-channel-assets.sprinklr.com/60624/FACEBOOK/100839651/media/C7009EBAA45D915003C5365837ECA3E2.jpg
1774677519000,100010174023236,,Photo,PHOTO,1,0.0,0.0,0.0,0.0,0.0,,https://lookaside.fbsbx.com/ig_messaging_cdn/
1774677547000,100010174026133,,Photo,STORY,1,112.0,0.0,0.0,0.0,15849.0,https://www.instagram.com/stories/starbucksindia/3862597690022715489,https://prod2-channel-assets.sprinklr.com/60624/FACEBOOK/100839651/media/D3E33EA98ED1E05E04222AA17B461AA9.jpg
1774677552000,100010174023634,,Photo,PHOTO,1,0.0,0.0,0.0,0.0,0.0,,https://lookaside.fbsbx.com/ig_messaging_cdn/
1774701009000,100010174634919,"Bring home a little magic ✨

Purchase from the Harry Potter | Starbucks range to unlock access to buy a Blind Box - each one hiding a plush surprise you’ll want to collect 👀
Which one will you get?

[Starbucks India, Harry Potter, Harry Potter Style]",Photo,CAROUSEL,2,1945.0,1292.0,62.0,0.0,40805.0,https://www.instagram.com/p/DWbZyCmDKdr/,
1774711649000,100010175143582,,Video,STORY,1,14.0,0.0,0.0,0.0,15392.0,https://www.instagram.com/stories/starbucksindia/3862883764246687125,https://prod2-channel-assets.sprinklr.com/60624/FACEBOOK/100839651/media/C09CC683D0D554209CD511723551DB6E.jpg
1774711674000,100010175143578,,Photo,STORY,1,24.0,0.0,0.0,0.0,13989.0,https://www.instagram.com/stories/starbucksindia/3862883968500917566,https://prod2-channel-assets.sprinklr.com/60624/FACEBOOK/100839651/media/51F1BE8F8356E3441F7640D30978F89D.jpg
1774711676000,100010175055825,,Video,PHOTO,1,0.0,0.0,0.0,0.0,0.0,,https://lookaside.fbsbx.com/ig_messaging_cdn/
1774711679000,100010175055993,,Photo,PHOTO,1,0.0,0.0,0.0,0.0,0.0,,https://lookaside.fbsbx.com/ig_messaging_cdn/
1774711718000,100010175143570,,Video,STORY,1,44.0,0.0,0.0,0.0,13270.0,https://www.instagram.com/stories/starbucksindia/3862884335074696899,https://prod2-channel-assets.sprinklr.com/60624/FACEBOOK/100839651/media/75AC420EA5B8188561F39B3F9CFCA511.jpg
1774711742000,100010175058699,,Video,PHOTO,1,0.0,0.0,0.0,0.0,0.0,,https://lookaside.fbsbx.com/ig_messaging_cdn/
1774711787000,100010175143580,,Photo,STORY,1,10.0,0.0,0.0,0.0,12881.0,https://www.instagram.com/stories/starbucksindia/3862884921950095604,https://prod2-channel-assets.sprinklr.com/60624/FACEBOOK/100839651/media/C2B6707D828454CCFA9E4581892C9DF2.jpg
1774711793000,100010175060923,,Photo,PHOTO,1,0.0,0.0,0.0,0.0,0.0,,https://lookaside.fbsbx.com/ig_messaging_cdn/
1774711833000,100010175143576,,Video,STORY,1,15.0,0.0,0.0,0.0,12588.0,https://www.instagram.com/stories/starbucksindia/3862885309495399434,https://prod2-channel-assets.sprinklr.com/60624/FACEBOOK/100839651/media/2F22647C015B65D74E8A49F9641B16DD.jpg
1774711860000,100010175063633,,Video,PHOTO,1,0.0,0.0,0.0,0.0,0.0,,https://lookaside.fbsbx.com/ig_messaging_cdn/
1774711973000,100010175143586,,Photo,STORY,1,14.0,0.0,0.0,0.0,12266.0,https://www.instagram.com/stories/starbucksindia/3862886475453231000,https://prod2-channel-assets.sprinklr.com/60624/FACEBOOK/100839651/media/A14874E6A8B91C07CB5CD6AE3E085251.jpg
1774711978000,100010175069286,,Photo,PHOTO,1,0.0,0.0,0.0,0.0,0.0,,https://lookaside.fbsbx.com/ig_messaging_cdn/
1774712001000,100010175143568,,Photo,STORY,1,14.0,0.0,0.0,0.0,11995.0,https://www.instagram.com/stories/starbucksindia/3862886711181447156,https://prod2-channel-assets.sprinklr.com/60624/FACEBOOK/100839651/media/7FB98BE44CF36BC61B9C9EDC9615D486.jpg
1774712008000,100010175070494,,Photo,PHOTO,1,0.0,0.0,0.0,0.0,0.0,,https://lookaside.fbsbx.com/ig_messaging_cdn/
1774774110000,100010182791752,,Photo,STORY,1,10.0,0.0,0.0,0.0,19079.0,https://www.instagram.com/stories/starbucksindia/3863407722045939592,https://prod2-channel-assets.sprinklr.com/60624/FACEBOOK/100839651/media/7D405F25EE0549ABDCBF25055E13758E.jpg
1774774117000,100010182772450,,Photo,PHOTO,1,0.0,0.0,0.0,0.0,0.0,,https://lookaside.fbsbx.com/ig_messaging_cdn/
1774774490000,100010182791756,,Photo,STORY,1,19.0,0.0,0.0,0.0,16055.0,https://www.instagram.com/stories/starbucksindia/3863410907804378436,https://prod2-channel-assets.sprinklr.com/60624/FACEBOOK/100839651/media/16B376DF8B9414E5687FB9E0B7686289.jpg
1774774498000,100010182780508,,Photo,PHOTO,1,0.0,0.0,0.0,0.0,0.0,,https://lookaside.fbsbx.com/ig_messaging_cdn/
1774787411000,100010183113213,"At Starbucks, we’ve been committed to bringing you Specialty Coffee from all around the world. 

This time, it’s from home. 
Margolly. Karadibetta. Nullore.

Indian Single Origin Specialty Arabica Coffee from three iconic estates, available at a Starbucks near you.",Video,VIDEO,1,1129.0,919.0,22.0,0.0,40402.0,https://www.instagram.com/reel/DWd-no_um2H/,https://prod2-media-proxy.sprinklr.com/channel/data/media/60624/cc7b2ca5-4f22-4a74-b348-76c4a9bcac0a.jpg
1774866602000,100010190324562,"Celebrating house pride 🦁 🦅 🦡 🐍

Rep your house with our color changing Harry Potter | Starbucks house mugs. 

*Colour changing effect is revealed with hot beverages only.

[Starbucks India, Harry Potter, Harry Potter Style]",Video,VIDEO,1,20800.0,10639.0,1204.0,0.0,203394.0,https://www.instagram.com/reel/DWgVox8hZuu/,https://prod2-media-proxy.sprinklr.com/channel/data/media/60624/614406bb-6f04-4e15-891d-24b33642fced.jpg
1774938370000,100010199684884,,Photo,STORY,1,59.0,0.0,0.0,0.0,20953.0,https://www.instagram.com/stories/starbucksindia/3864785633948733036,https://prod2-channel-assets.sprinklr.com/60624/FACEBOOK/100839651/media/8F8ECF72355BFBF04C6B6BBB9D6869AD.jpg
1774938550000,100010199686155,"Which house connects with you the most? 👀👇

[Starbucks India, Harry Potter, Harry Potter Style]",Photo,CAROUSEL,4,2102.0,1577.0,42.0,0.0,38670.0,https://www.instagram.com/p/DWie2wcDq82/,
1774962887000,100010200739312,,Video,STORY,1,8.0,0.0,0.0,0.0,16529.0,https://www.instagram.com/stories/starbucksindia/3864991296259940128,https://prod2-channel-assets.sprinklr.com/60624/FACEBOOK/100839651/media/9582BD6782C4C89F527B9480A6406064.jpg
1774962911000,100010200582523,,Video,PHOTO,1,0.0,0.0,0.0,0.0,0.0,,https://lookaside.fbsbx.com/ig_messaging_cdn/
1774963002000,100010200739308,,Video,STORY,1,2.0,0.0,0.0,0.0,15656.0,https://www.instagram.com/stories/starbucksindia/3864992265395770786,https://prod2-channel-assets.sprinklr.com/60624/FACEBOOK/100839651/media/F7A1A1D3C9ABDC6C901E709E885E1770.jpg
1774963019000,100010200587705,,Video,PHOTO,1,0.0,0.0,0.0,0.0,0.0,,https://lookaside.fbsbx.com/ig_messaging_cdn/
1774963032000,100010200739315,,Video,STORY,1,26.0,0.0,0.0,0.0,14687.0,https://www.instagram.com/stories/starbucksindia/3864992510896823373,https://prod2-channel-assets.sprinklr.com/60624/FACEBOOK/100839651/media/0251CAE1CCFA0FAFC47E21583015800A.jpg
1774963056000,100010200589364,,Video,PHOTO,1,0.0,0.0,0.0,0.0,0.0,,https://lookaside.fbsbx.com/ig_messaging_cdn/
1775022967000,100010208832746,,Photo,STORY,1,6.0,0.0,0.0,0.0,18444.0,https://www.instagram.com/stories/starbucksindia/3865495283017391426,https://prod2-channel-assets.sprinklr.com/60624/FACEBOOK/100839651/media/5C46B4A7B851D699FC3ECA8579776917.jpg
1775100614000,100010215007921,"Signature Blonde in, Shaken until it’s exactly This.

Iced Shaken Espresso, now live across all stores 🧊

[Starbucks India, New at Starbucks, Iced Shaken Espresso, Coffee]",Photo,CAROUSEL,4,4371.0,3043.0,46.0,0.0,78649.0,https://www.instagram.com/p/DWnT97SiFyP/,
1775134016000,100010216096227,,Photo,STORY,1,3.0,0.0,0.0,0.0,26952.0,https://www.instagram.com/stories/starbucksindia/3866426827055814054,https://prod2-channel-assets.sprinklr.com/60624/FACEBOOK/100839651/media/2EFAE69CD05DEED427197346A348F340.jpg
1775134120000,100010216096229,,Photo,STORY,1,10.0,0.0,0.0,0.0,22818.0,https://www.instagram.com/stories/starbucksindia/3866427702834687892,https://prod2-channel-assets.sprinklr.com/60624/FACEBOOK/100839651/media/76F499DBA96F16BA79DDDE3BD48C17E5.jpg
1775134205000,100010216096224,,Photo,STORY,1,6.0,0.0,0.0,0.0,22097.0,https://www.instagram.com/stories/starbucksindia/3866428420538830045,https://prod2-channel-assets.sprinklr.com/60624/FACEBOOK/100839651/media/3AB78BA6A7F93D3F0795D808EF9A8C57.jpg
1775134273000,100010216071328,,Photo,STORY,1,40.0,0.0,0.0,0.0,20941.0,https://www.instagram.com/stories/starbucksindia/3866428980293970592,https://prod2-channel-assets.sprinklr.com/60624/FACEBOOK/100839651/media/3AE763DDC1146C89765B61B019906F8F.jpg
1775194215000,100010221128786,"“Hi, I’m Nisha. 
Three years ago, when I joined Starbucks as a Barista, becoming an Assistant Store Manager at an all-women-forward store felt like a dream. 
 
For me, Starbucks is not just about coffee, but the connection between customers and partners. I joined with the intention of learning more about customer experience, and along the way, I met inspiring partners who motivated me to keep growing and doing better. 
 
From coffee tasting sessions to leading Master Brewing Programs, I was able to build skills that helped me create meaningful coffee experiences. I also participated in several competitions, both internal and external, including the India Barista Championship. 
 
Today, as I lead an all-women store, I feel proud of how far this journey has taken me and grateful for the opportunities that helped me grow.” 
 
#ItStartsWithMyName 
 
[Starbucks India, Starbucks Partner, Starbucks Barista Life, Barista, Barista Lifestyle]",Video,VIDEO,1,935.0,850.0,37.0,0.0,26252.0,https://www.instagram.com/reel/DWqGkEYo-ho/,https://prod2-media-proxy.sprinklr.com/channel/data/media/60624/2e15558b-e4b2-48ee-81a6-1b3a13c1fb08.jpg
1775370612000,100010229612180,"When the heat hits, choose your craft😎🌴

Refreshers®️ with green coffee extract for a light lift, or Cold Brew made from the world’s finest beans for that bold, smooth finish.

Your refreshing fix is waiting at a Starbucks near you

[Starbucks India, New At Starbucks, Refreshers®️, Cold Brew, Coffee, Summer]",Video,VIDEO,1,460.0,389.0,7.0,0.0,18694.0,https://www.instagram.com/reel/DWvW7xLIKUv/,https://prod2-media-proxy.sprinklr.com/channel/data/media/60624/9ad653a8-e182-4839-aaf3-6b934e6c2d21.jpg
1775478316000,100010233917858,,Photo,STORY,1,25.0,0.0,0.0,0.0,26229.0,https://www.instagram.com/stories/starbucksindia/3869315024630610617,https://prod2-channel-assets.sprinklr.com/60624/FACEBOOK/100839651/media/33084AE545C82032AE07BC87800E67FF.jpg
1775535585000,100010239012241,,Video,STORY,1,8.0,0.0,0.0,0.0,15779.0,https://www.instagram.com/stories/starbucksindia/3869795433958885363,https://prod2-channel-assets.sprinklr.com/60624/FACEBOOK/100839651/media/DF1DE21A0B159770A3A5AC07ED1714EF.jpg
1775535615000,100010239012243,,Photo,STORY,1,2.0,0.0,0.0,0.0,14285.0,https://www.instagram.com/stories/starbucksindia/3869795686659789870,https://prod2-channel-assets.sprinklr.com/60624/FACEBOOK/100839651/media/4E3164789A2D1F312C019D854DCEC7B8.jpg
1775535617000,100010238974886,,Video,PHOTO,1,0.0,0.0,0.0,0.0,0.0,,https://lookaside.fbsbx.com/ig_messaging_cdn/
1775535627000,100010238975044,,Photo,PHOTO,1,0.0,0.0,0.0,0.0,0.0,,https://lookaside.fbsbx.com/ig_messaging_cdn/
1775535649000,100010239012245,,Video,STORY,1,3.0,0.0,0.0,0.0,13433.0,https://www.instagram.com/stories/starbucksindia/3869795975552572737,https://prod2-channel-assets.sprinklr.com/60624/FACEBOOK/100839651/media/FA93A77CFACD6D4220090E3EB7091FDE.jpg
1775643776000,100010245839489,,Video,STORY,1,14.0,0.0,0.0,0.0,17360.0,https://www.instagram.com/stories/starbucksindia/3870703006702654020,https://prod2-channel-assets.sprinklr.com/60624/FACEBOOK/100839651/media/D8F8D9EE66AB608B85AA6A7206777403.jpg
1775643794000,100010245766557,,Video,PHOTO,1,0.0,0.0,0.0,0.0,0.0,,https://lookaside.fbsbx.com/ig_messaging_cdn/
1775643822000,100010245839491,,Video,STORY,1,6.0,0.0,0.0,0.0,14914.0,https://www.instagram.com/stories/starbucksindia/3870703394382157051,https://prod2-channel-assets.sprinklr.com/60624/FACEBOOK/100839651/media/9CD2B10B21796109CE966CC0BACD5A59.jpg
1775643842000,100010245767872,,Video,PHOTO,1,0.0,0.0,0.0,0.0,0.0,,https://lookaside.fbsbx.com/ig_messaging_cdn/
1775646220000,100010245864690,"Trace The Cup.
Chapter I: Handpicking the Cherry.

A great cup begins with precision at origin.
Only the ripest cherries are handpicked — a practice shaped by years of experience.

From the estates of Margolly, Nullore, and Karadibetta, this is where craft takes form.
Specialty Single Origin Coffees from India, now available at a Starbucks near you. 

[Starbucks India, Single-Origin, Specialty Coffee, Coffee Estates, Coffee]",Video,VIDEO,1,814.0,745.0,15.0,0.0,29804.0,https://www.instagram.com/reel/DW3kjwOjDcs/,https://prod2-media-proxy.sprinklr.com/channel/data/media/60624/94a23cdb-784c-47f5-8538-57d8297b667b.jpg
1775712947000,100010250068377,,Video,STORY,1,3.0,0.0,0.0,0.0,16092.0,https://www.instagram.com/stories/starbucksindia/3871283255022763835,https://prod2-channel-assets.sprinklr.com/60624/FACEBOOK/100839651/media/D72C913F065549E2A7A8B5DBA89842EA.jpg
1775712976000,100010250042111,,Video,PHOTO,1,0.0,0.0,0.0,0.0,0.0,,https://lookaside.fbsbx.com/ig_messaging_cdn/
1775713007000,100010250068379,,Video,STORY,1,6.0,0.0,0.0,0.0,14036.0,https://www.instagram.com/stories/starbucksindia/3871283757399710242,https://prod2-channel-assets.sprinklr.com/60624/FACEBOOK/100839651/media/CE6D29CBB3C65CF1CE5C010E41BBE1B4.jpg
1775713028000,100010250042891,,Video,PHOTO,1,0.0,0.0,0.0,0.0,0.0,,https://lookaside.fbsbx.com/ig_messaging_cdn/
1775713036000,100010250068381,,Video,STORY,1,2.0,0.0,0.0,0.0,13225.0,https://www.instagram.com/stories/starbucksindia/3871284000895852601,https://prod2-channel-assets.sprinklr.com/60624/FACEBOOK/100839651/media/0F84817ECCD5257795D73782D848942F.jpg
1775713071000,100010250043555,,Video,PHOTO,1,0.0,0.0,0.0,0.0,0.0,,https://lookaside.fbsbx.com/ig_messaging_cdn/
1775802571000,100010255031650,"Meet our newest obsession, you’re going to love it. ✨
 
Try the new Refreshers® at Starbucks. 
 
[Starbucks India, Refreshers®️, ️ Coffee, Green Coffee Extract, Fruits]",Video,CAROUSEL,2,1078.0,944.0,19.0,0.0,32118.0,https://www.instagram.com/p/DW8O2EED4r5/,
1775985432000,100010264485859,,Photo,STORY,1,16.0,0.0,0.0,0.0,21686.0,https://www.instagram.com/stories/starbucksindia/3873569025032512869,https://prod2-channel-assets.sprinklr.com/60624/FACEBOOK/100839651/media/52E1966BFC6B59CE677304D82930F974.jpg
1775985440000,100010264430601,,Photo,PHOTO,1,0.0,0.0,0.0,0.0,0.0,,https://lookaside.fbsbx.com/ig_messaging_cdn/
1776054617000,100010267904473,"Mornings feel better when your breakfast works as hard as you do💪🏻

Power up your day at Starbucks.

[Starbucks India, Protein, Protein Cold Foam, Less Calorie, Fitness, Breakfast, Zero Sugar Flavours]",Video,VIDEO,1,1010.0,901.0,17.0,0.0,28810.0,https://www.instagram.com/reel/DXDvpB8I-tU/,https://prod2-media-proxy.sprinklr.com/channel/data/media/60624/7cec587c-454b-4687-87db-de538b041ad0.jpg
1776144606000,100010274750596,"A little magic for your everyday. ✨
 
The Harry Potter | Starbucks collection is here to turn ordinary moments into something enchanting. 
 
Which one is coming home with you?

[Starbucks India, Harry Potter, Harry Potter Style]",Photo,CAROUSEL,2,907.0,807.0,7.0,0.0,28507.0,https://www.instagram.com/p/DXGbObDj1xY/,
1776231018000,100010279663893,"Rooted in the 1850s, Margolly Estate carries the rich legacy of Scottish planters, unfolding across 500 hectares of Coorg’s undulating highlands 🌿
 
Here, nature is not altered but mirrored. Rainwater harvesting that mimics natural rainfall, and cool humid air held beneath towering trees, all come together to produce coffees with bright acidity, balanced flavour, and a clean, enduring finish. 
 
Look closely, from the vibrant Malabar giant squirrel in the canopy to wild elephants below, this estate is as alive as the cup it creates ☕

[Starbucks India, Single Origin, Specialty Arabica, Coorg Karnataka, Tata Coffee Estates, Heritage Estate]",Video,VIDEO,1,2369.0,1976.0,47.0,0.0,60566.0,https://www.instagram.com/reel/DXJAAtYok4l/,https://prod2-media-proxy.sprinklr.com/channel/data/media/60624/b8807831-b625-4714-a0f6-0397893720e9.jpg
1776232617000,100010279692982,,Video,STORY,1,2.0,0.0,0.0,0.0,16147.0,https://www.instagram.com/stories/starbucksindia/3875642711017793517,https://prod2-channel-assets.sprinklr.com/60624/FACEBOOK/100839651/media/3A280E7DD9B33952FBDE7BD847BABDDE.jpg
1776237064000,100010279837319,,Video,STORY,1,4.0,0.0,0.0,0.0,13753.0,https://www.instagram.com/stories/starbucksindia/3875679867039940930,https://prod2-channel-assets.sprinklr.com/60624/FACEBOOK/100839651/media/0863EE1682F7C3E5CDF30CE151691061.jpg
1776237089000,100010279807914,,Video,PHOTO,1,0.0,0.0,0.0,0.0,0.0,,
1776345849000,100010285528445,"The store just got a little more magical. ✨
 
Step into an enchanting experience at select Starbucks stores:
 
1. Starbucks Reserve, Fort, Mumbai 
2. Prudential Building, Powai, Mumbai 
3. Koregaon Park, Pune 
4. Jubilee Hills, Hyderabad 
5. Vitthal Malya, Bengaluru 
6. Select City, Delhi
 
[Starbucks India, Harry Potter, Harry Potter Style]",Video,VIDEO,1,98.0,81.0,1.0,0.0,1372.0,https://www.instagram.com/reel/DXMa-MWjET8/,https://prod2-media-proxy.sprinklr.com/channel/data/media/60624/9e9d4b06-5710-498f-bb1a-113f09f6d482.jpg
1776348666000,100010285663346,"The store just got a little more magical. ✨
 
Step into an enchanting experience at select Starbucks stores:
 
1. Starbucks Reserve, Fort, Mumbai 
2. Prudential Building, Powai, Mumbai 
3. Koregaon Park, Pune 
4. Jubilee Hills, Hyderabad 
5. Vitthal Malya, Bengaluru 
6. Select City, Delhi
 
[Starbucks India, Harry Potter, Harry Potter Style]",Video,VIDEO,1,4236.0,3319.0,35.0,0.0,50096.0,https://www.instagram.com/reel/DXMgQzejFNy/,https://prod2-media-proxy.sprinklr.com/channel/data/media/60624/c5815d97-7505-406b-8e67-4706e10243bf.jpg
1776408653000,100010295431272,,Video,STORY,1,0.0,0.0,0.0,0.0,0.0,https://www.instagram.com/p/DXOS2w0DFPo/,https://prod2-channel-assets.sprinklr.com/60624/FACEBOOK/100839651/media/9BA3E2972B9374FAE5FB6D1E1073FF0E.jpg
1776409347000,100010328113231,,Video,STORY,1,0.0,0.0,0.0,0.0,0.0,https://www.instagram.com/p/DXOULcOjHxk/,https://prod2-channel-assets.sprinklr.com/60624/FACEBOOK/100839651/media/84B27134E9BA20E2E42ABA5BD898057E.jpg
1776412217000,100010289789634,"It's officially Cold Brew Season 🧊 

At Starbucks, our commitment to this cup runs deep and far. Beans sourced from the highlands of Kenya, roasted and slow-brewed in India for 20 patient hours. All for one perfect glass.

Some things are worth the wait. This is one of them.

[Starbucks India, Cold Brew, Kenya, Single Origin, Coffee]",Photo,CAROUSEL,6,2214.0,1777.0,57.0,0.0,53743.0,https://www.instagram.com/p/DXOZpw0kR5h/,
1776412217000,100010289789634,"It's officially Cold Brew Season 🧊 

At Starbucks, our commitment to this cup runs deep and far. Beans sourced from the highlands of Kenya, roasted and slow-brewed in India for 20 patient hours. All for one perfect glass.

Some things are worth the wait. This is one of them.

[Starbucks India, Cold Brew, Kenya, Single Origin, Coffee]",Video,CAROUSEL,6,2214.0,1777.0,57.0,0.0,53743.0,https://www.instagram.com/p/DXOZpw0kR5h/,
1776421190000,100010290070573,,Photo,STORY,1,2.0,0.0,0.0,0.0,14353.0,https://www.instagram.com/stories/starbucksindia/3877224429850347761,https://prod2-channel-assets.sprinklr.com/60624/FACEBOOK/100839651/media/59B25537BFCA8BB7BB650A91CF488D32.jpg
1776511807000,100010295182346,"Trace The Cup. 
Chapter II: Sorting the Cherry.

Craft is patient and meticulous. That’s how we sort our cherries, one at a time. Only those that meet the highest standards move forward.
 
Specialty Single Origin Coffees from India, now available at your nearest Starbucks.

[Starbucks India, Single-Origin, Specialty Coffee, Coffee Estates, Coffee]",Video,VIDEO,1,591.0,549.0,3.0,0.0,35568.0,https://www.instagram.com/reel/DXRXmEGO_JX/,https://prod2-media-proxy.sprinklr.com/channel/data/media/60624/df202e16-6279-418c-a879-f5257999560c.jpg
1776514479000,100010295356479,,Video,STORY,1,3.0,0.0,0.0,0.0,12260.0,https://www.instagram.com/stories/starbucksindia/3877997029620503635,https://prod2-channel-assets.sprinklr.com/60624/FACEBOOK/100839651/media/046ABBF9AB16BEF50007089AA7724879.jpg
1776623728000,100010301147963,,Video,STORY,1,21.0,0.0,0.0,0.0,13090.0,https://www.instagram.com/stories/starbucksindia/3878923357764984110,https://prod2-channel-assets.sprinklr.com/60624/FACEBOOK/100839651/media/76C0C80B9E6A62A45B7B682DFE7ED757.jpg
1776666608000,100010302624761,"Plot twist: the summer heat got a Lychee Raspberry Refresher®️ fix ☀️😋
 
Crafted with green coffee extract, only at Starbucks.
 
[Starbucks India, Refreshers®️, Coffee, Green Coffee Extract, Fruits]",Video,VIDEO,1,377.0,338.0,9.0,0.0,17070.0,https://www.instagram.com/reel/DXV-6pCObSa/,https://prod2-media-proxy.sprinklr.com/channel/data/media/60624/e24084d4-79a0-4711-8106-4c7db83146d4.jpg
1776669376724,100010302678900,,Video,PHOTO,1,0.0,0.0,0.0,0.0,0.0,,
1776774613000,100010308166844,"“Hi, my name is Prerna. ​
Working as an Assistant Store Manager, and meeting so many people, I have grown in ways that I didn’t think were possible. ​

As someone who has been a bit of an introvert, my time at Starbucks has enabled me to get out of my shell and connect with everyone with confidence.​

This newfound confidence led me to become the Partner of the Quarter. This was one of my proudest moments, as I received the certificate in front of my mom. ​

From learning about different coffee brewing methods to becoming the Partner of the Quarter to now working as an Assistant Store Manager, Starbucks has helped me push myself to reach my potential and become better every day.”​

#ItStartsWithMyName ​
 ​
[Starbucks India, Starbucks Partner, Coffee, Barista Life, Barista Stories]",Video,VIDEO,1,734.0,667.0,14.0,0.0,35814.0,https://www.instagram.com/reel/DXZMpmqDFwV/,https://prod2-media-proxy.sprinklr.com/channel/data/media/60624/bd5db8d2-2d97-4fec-827c-3237ea0c7550.jpg
1776777770000,100010308410925,,Video,STORY,1,1.0,0.0,0.0,0.0,14521.0,https://www.instagram.com/stories/starbucksindia/3880215289245320290,https://prod2-channel-assets.sprinklr.com/60624/FACEBOOK/100839651/media/BF3BA81216C2F36908F9748C7DB0DBAA.jpg
1776837441000,100010312277556,,Photo,STORY,1,2.0,0.0,0.0,0.0,14782.0,https://www.instagram.com/stories/starbucksindia/3880716194431393885,https://prod2-channel-assets.sprinklr.com/60624/FACEBOOK/100839651/media/9FA88326877C0C9D7A5C0B3AF864F9D1.jpg
1776841643000,100010313191984,,Photo,STORY,1,0.0,0.0,0.0,0.0,0.0,https://www.instagram.com/p/DXbMt6EDDwQ/,https://prod2-channel-assets.sprinklr.com/60624/FACEBOOK/100839651/media/53442755C018E0D2C2F4F125AA4C37EE.jpg
1776946648000,100010317653758,"Looks like a vibe. Is a vibe... with a whole lotta refreshment. 😋🤌

Try the Mango Dragonfruit Refresher®️

Crafted with green coffee extract, only at Starbucks.
 
[Starbucks India, Refreshers®️, Coffee, Green Coffee Extract, Starbucks Coffee]",Video,VIDEO,1,490.0,448.0,7.0,0.0,35456.0,https://www.instagram.com/reel/DXeU1BiAd2V/,https://prod2-media-proxy.sprinklr.com/channel/data/media/60624/4eb55d38-d81e-43f1-803f-90aac7bc028e.jpg
1776952258000,100010317925569,,Video,STORY,1,1.0,0.0,0.0,0.0,13123.0,https://www.instagram.com/stories/starbucksindia/3881679257462382881,https://prod2-channel-assets.sprinklr.com/60624/FACEBOOK/100839651/media/FD52995ACED91DC6F303AF91FD69F744.jpg
1777041251000,100010325069430,"Cold Brew Week 2026 is here! 🧊

What to expect?
✨On-the-house cold brew tasting sessions by coffee masters
✨Limited edition laptop giveaway stickers

Drop by at 3 PM from 26th April – 2nd May at your nearest store for your midday coffee fix 💚

[Starbucks India, Cold Brew, Cold Brew Week, Coffee]",Photo,CAROUSEL,3,4848.0,2311.0,52.0,0.0,86925.0,https://www.instagram.com/p/DXhJcGdjNUY/,
1777174347000,100010333788275,"Cold Brew Week: 1/7

Starting off strong with our Signature Cold Brew! 
Beans from Kenya, brewed for 20 hours till it's perfect for you.

🕒 3 PM, 26th April. 
📍Your nearest Starbucks.

PS: Don't miss out on collecting limited edition laptop stickers!

[Starbucks India, Cold Brew, Cold Brew Week, Coffee]",Video,VIDEO,1,762.0,639.0,9.0,0.0,25398.0,https://www.instagram.com/reel/DXlHMuJgRGJ/,https://prod2-media-proxy.sprinklr.com/channel/data/media/60624/f8af0f68-29c9-4d80-ab64-2a4b63dc2be5.jpg
1777206533000,100010334474277,,Video,STORY,1,0.0,0.0,0.0,0.0,0.0,https://www.instagram.com/stories/starbucksindia/3883812261030071756,https://prod2-channel-assets.sprinklr.com/60624/FACEBOOK/100839651/media/002D5082B1EA98746683D39E8ABB9530.jpg
1777206536000,100010334417258,,Video,PHOTO,1,0.0,0.0,0.0,0.0,0.0,,
1777206680000,100010334474273,,Video,STORY,1,16.0,0.0,0.0,0.0,17250.0,https://www.instagram.com/stories/starbucksindia/3883813443454746759,https://prod2-channel-assets.sprinklr.com/60624/FACEBOOK/100839651/media/870D5522873DE1E6BB4922B0486B5B8A.jpg
1777206683000,100010334421386,,Video,PHOTO,1,0.0,0.0,0.0,0.0,0.0,,
1777215559000,100010334713369,,Video,STORY,1,3.0,0.0,0.0,0.0,14010.0,https://www.instagram.com/stories/starbucksindia/3883888074837202515,https://prod2-channel-assets.sprinklr.com/60624/FACEBOOK/100839651/media/8B25B658097E2547D9CAEF4566685C3D.jpg
1777215581000,100010334713365,,Photo,STORY,1,11.0,0.0,0.0,0.0,12803.0,https://www.instagram.com/stories/starbucksindia/3883888260790072677,https://prod2-channel-assets.sprinklr.com/60624/FACEBOOK/100839651/media/4935E03176969A8F8152206BFFDC1BB1.jpg
1777215583000,100010334710048,,Video,PHOTO,1,0.0,0.0,0.0,0.0,0.0,,
1777215587000,100010334710200,,Photo,PHOTO,1,0.0,0.0,0.0,0.0,0.0,,https://lookaside.fbsbx.com/ig_messaging_cdn/
1777215604000,100010334713362,,Photo,STORY,1,2.0,0.0,0.0,0.0,11946.0,https://www.instagram.com/stories/starbucksindia/3883888456085109726,https://prod2-channel-assets.sprinklr.com/60624/FACEBOOK/100839651/media/30C0CD9C23BF73A0A67225DD71C00177.jpg
1777215611000,100010334711166,,Photo,PHOTO,1,0.0,0.0,0.0,0.0,0.0,,https://lookaside.fbsbx.com/ig_messaging_cdn/
1777260907000,100010337657237,"Cold Brew Week: 2/7 

Your Monday pick-me-up: Vanilla Sweet Cream Cold Brew. 🤎
Smooth, slow-steeped, topped with velvety vanilla.

🕒 3 PM, 27th April.
📍 Your nearest Starbucks.

PS: Grab your limited-edition laptop stickers 😉

[Starbucks India, Cold Brew, Cold Brew Week, Coffee]",Video,VIDEO,1,694.0,602.0,27.0,0.0,30096.0,https://www.instagram.com/reel/DXnsQR_Ab-Q/,https://prod2-media-proxy.sprinklr.com/channel/data/media/60624/4d30eecd-f0a7-4d4c-8390-2460dc884d91.jpg
1777268651000,100010337818299,,Photo,STORY,1,2.0,0.0,0.0,0.0,13182.0,https://www.instagram.com/stories/starbucksindia/3884333444820545689,https://prod2-channel-assets.sprinklr.com/60624/FACEBOOK/100839651/media/C84449CBC9C4FC86BACE3777EEACCA18.jpg
1777268660000,100010337795361,,Photo,PHOTO,1,0.0,0.0,0.0,0.0,0.0,,https://lookaside.fbsbx.com/ig_messaging_cdn/
1777268675000,100010337818297,,Video,STORY,1,10.0,0.0,0.0,0.0,11820.0,https://www.instagram.com/stories/starbucksindia/3884333650062111493,https://prod2-channel-assets.sprinklr.com/60624/FACEBOOK/100839651/media/F74079E18809A013AAB2424ECE9ACD0E.jpg
1777268695000,100010337796068,,Video,PHOTO,1,0.0,0.0,0.0,0.0,0.0,,
1777272114000,100010337898073,,Video,STORY,1,2.0,0.0,0.0,0.0,10759.0,https://www.instagram.com/stories/starbucksindia/3884359033713067201,https://prod2-channel-assets.sprinklr.com/60624/FACEBOOK/100839651/media/1FBE07234805096F004179EC664B9946.jpg
1777347623000,100010344512176,"Cold Brew Week: 3/7

Turn your Tuesday up a notch: Vietnamese Cold Brew. 🫰🏼
Slow-steeped, strong, with a smooth finish.

🕒 3 PM, 28th April.
📍 Your nearest Starbucks.

PS: Limited-edition laptop stickers are waiting 🤭

[Starbucks India, Cold Brew, Cold Brew Week, Coffee]",Video,VIDEO,1,461.0,395.0,7.0,0.0,34061.0,https://www.instagram.com/reel/DXqRsV-jOWR/,https://prod2-media-proxy.sprinklr.com/channel/data/media/60624/12f86f40-d184-49b1-b1d8-c9cbd50ec25c.jpg
1777363658000,100010345604908,,Video,STORY,1,6.0,0.0,0.0,0.0,15177.0,https://www.instagram.com/stories/starbucksindia/3885126750585294886,https://prod2-channel-assets.sprinklr.com/60624/FACEBOOK/100839651/media/4C57CFF528EF486DB0F19A4EA76CCB7D.jpg
1777433402000,100010351841799,"Cold Brew Week: 4/7 

Wednesday’s got the bubbly, Ginger Ale Cold Brew vibe. 😋 
Beans from Kenya, brewed for 20 hours for an exceptional sip. 
 
🕒 3 PM, 29th April. 
📍Your nearest Starbucks. 
 
PS: Collecting limited edition laptop stickers is a MUST! 

[Starbucks India, Cold Brew, Cold Brew Week, Coffee]",Photo,CAROUSEL,2,471.0,406.0,7.0,0.0,30518.0,https://www.instagram.com/p/DXs1e6UAfmI/,
1777433409000,100010351883640,,Photo,STORY,1,102.0,0.0,0.0,0.0,20092.0,https://www.instagram.com/stories/starbucksindia/3885715521806645684,https://prod2-channel-assets.sprinklr.com/60624/FACEBOOK/100839651/media/9A2064B04F9171E8B8D74B7C5C2BFE7D.jpg
1777447080000,100010352402701,,Photo,STORY,1,7.0,0.0,0.0,0.0,15761.0,https://www.instagram.com/stories/starbucksindia/3885830210863972138,https://prod2-channel-assets.sprinklr.com/60624/FACEBOOK/100839651/media/3AA0A33C6195A15CF7266C513D504048.jpg
1777465808000,100010353190041,"New Delhi, we welcome you to the first Reserve store in the capital ☕️

Visit now to enjoy the rarest coffee, crafted with precision, in a space that celebrates Indian heritage in every detail.

📌Starbucks Reserve, Hamilton House, Block A, Connaught Place, New Delhi",Video,VIDEO,1,3759.0,2727.0,75.0,0.0,52915.0,https://www.instagram.com/reel/DXtzPAIuFWp/,https://prod2-media-proxy.sprinklr.com/channel/data/media/60624/eacb45ad-bef4-443e-987a-62415d5a71e4.jpg
1777519809000,100010358268157,"Cold Brew Week: 5/7 
 
Today’s brew is all about the zest! 🍊 
Sip the Zesty Orange Cold Brew, slowly steeped for a bold finish in every sip. 
 
🕒 3 PM, 30th April. 
📍Your nearest Starbucks. 
 
PS: Don’t miss out on the limited edition laptop stickers in-stores. 

[Starbucks India, Cold Brew, Cold Brew Week, Coffee, Summer]",Video,VIDEO,1,279.0,253.0,5.0,0.0,24108.0,https://www.instagram.com/reel/DXvaOl0uSd7/,https://prod2-media-proxy.sprinklr.com/channel/data/media/60624/9c4014fa-2b20-41f5-8b3f-70b5aa7c3a76.jpg
1777543106000,100010359043533,,Video,STORY,1,8.0,0.0,0.0,0.0,11874.0,https://www.instagram.com/stories/starbucksindia/3886635603232351233,https://prod2-channel-assets.sprinklr.com/60624/FACEBOOK/100839651/media/291C4A3A4092CFA44166079AC246E889.jpg
1777543216000,100010359041792,,Video,PHOTO,1,0.0,0.0,0.0,0.0,0.0,,
1777543220000,100010359043536,,Video,STORY,1,5.0,0.0,0.0,0.0,9888.0,https://www.instagram.com/stories/starbucksindia/3886636559776908875,https://prod2-channel-assets.sprinklr.com/60624/FACEBOOK/100839651/media/B85C8EC5C48ABB6214B4452C0BFE96CF.jpg
1777543222000,100010359042018,,Video,PHOTO,1,0.0,0.0,0.0,0.0,0.0,,
1777543325000,100010359209479,,Video,STORY,1,0.0,0.0,0.0,0.0,9836.0,https://www.instagram.com/stories/starbucksindia/3886637065735095401,https://prod2-channel-assets.sprinklr.com/60624/FACEBOOK/100839651/media/93D7E637C81C3EEE56080262826343F3.jpg
1777543333000,100010359209474,,Video,STORY,1,2.0,0.0,0.0,0.0,9358.0,https://www.instagram.com/stories/starbucksindia/3886637098560400589,https://prod2-channel-assets.sprinklr.com/60624/FACEBOOK/100839651/media/707CD47CA64CF5E58F850BAD09B33983.jpg
1777543337000,100010359047642,,Video,PHOTO,1,0.0,0.0,0.0,0.0,0.0,,
1777543352000,100010359209468,,Video,STORY,1,4.0,0.0,0.0,0.0,8771.0,https://www.instagram.com/stories/starbucksindia/3886637660068695242,https://prod2-channel-assets.sprinklr.com/60624/FACEBOOK/100839651/media/2350AF0B32416115F3B125D883C789AA.jpg
1777543354000,100010359050462,,Video,PHOTO,1,0.0,0.0,0.0,0.0,0.0,,
1777543358000,100010359209476,,Video,STORY,1,0.0,0.0,0.0,0.0,8813.0,https://www.instagram.com/stories/starbucksindia/3886637433525949931,https://prod2-channel-assets.sprinklr.com/60624/FACEBOOK/100839651/media/5CB46DB32FCE9A34230D3F65229D6EBB.jpg
1777543360000,100010359051552,,Video,PHOTO,1,0.0,0.0,0.0,0.0,0.0,,
1777543845000,100010437049877,,Video,STORY,1,0.0,0.0,0.0,0.0,0.0,https://www.instagram.com/p/DXwID6ajJYt/,https://prod2-channel-assets.sprinklr.com/60624/FACEBOOK/100839651/media/13A8DE1455415EEFA1739E1CBC3EC1EF.jpg
1777544067000,100010377212797,,Video,STORY,1,0.0,0.0,0.0,0.0,0.0,https://www.instagram.com/p/DXwIfFojJv_/,https://prod2-channel-assets.sprinklr.com/60624/FACEBOOK/100839651/media/6F3CEAA7D764C7ADD84030DACCB366F4.jpg
1777546342000,100010446419312,,Video,STORY,1,0.0,0.0,0.0,0.0,0.0,https://www.instagram.com/p/DXwM0ynDKxN/,https://prod2-channel-assets.sprinklr.com/60624/FACEBOOK/100839651/media/BA9B713D4A2BA5EA1F0783096FF24270.jpg
